"","Pyrimidine metabolism","Phospholipase D signaling pathway","Necroptosis","Dilated cardiomyopathy","Pentose phosphate pathway","TGF-beta signaling pathway","One carbon pool by folate","Fructose and mannose metabolism","GABAergic synapse","Maturity onset diabetes of the young","Ascorbate and aldarate metabolism","Prostate cancer","Long-term potentiation","Adrenergic signaling in cardiomyocytes","Melanogenesis","Valine, leucine and isoleucine degradation","HIF-1 signaling pathway","Starch and sucrose metabolism","Oxidative phosphorylation","Endocrine resistance","RIG-I-like receptor signaling pathway","Apoptosis - multiple species","Glucagon signaling pathway","Insulin signaling pathway","Morphine addiction","Glutathione metabolism","Pancreatic secretion","cAMP signaling pathway","Tyrosine metabolism","Cytokine-cytokine receptor interaction","Non-small cell lung cancer","Th17 cell differentiation","PI3K-Akt signaling pathway","Aldosterone synthesis and secretion","Hypertrophic cardiomyopathy","Amphetamine addiction","cGMP-PKG signaling pathway","Choline metabolism in cancer","NOD-like receptor signaling pathway","Cell cycle","Prion disease","Melanoma","Circadian entrainment","Bacterial invasion of epithelial cells","Pathways of neurodegeneration - multiple diseases","Complement and coagulation cascades","Glycine, serine and threonine metabolism","Glioma","Phagosome","Endocytosis","Type II diabetes mellitus","Focal adhesion","Proteoglycans in cancer","Yersinia infection","Mucin type O-glycan biosynthesis","Calcium signaling pathway","Measles","Tryptophan metabolism","Leukocyte transendothelial migration","Chagas disease","Colorectal cancer","Hormone signaling","Non-alcoholic fatty liver disease","Tight junction","Mitophagy - animal","Antigen processing and presentation","Hepatocellular carcinoma","Oxytocin signaling pathway","T cell receptor signaling pathway","Estrogen signaling pathway","Growth hormone synthesis, secretion and action","p53 signaling pathway","Adipocytokine signaling pathway","Steroid hormone biosynthesis","Progesterone-mediated oocyte maturation","Neurotrophin signaling pathway","Staphylococcus aureus infection","Longevity regulating pathway - multiple species","Leishmaniasis","Hepatitis B","Insulin resistance","EGFR tyrosine kinase inhibitor resistance","Ras signaling pathway","Vasopressin-regulated water reabsorption","Pathways in cancer","Apoptosis","Prolactin signaling pathway","Inositol phosphate metabolism","Pathogenic Escherichia coli infection","Butanoate metabolism","Cholinergic synapse","Lipid and atherosclerosis","Fatty acid degradation","Long-term depression","Human immunodeficiency virus 1 infection","Inflammatory bowel disease","C-type lectin receptor signaling pathway","Terpenoid backbone biosynthesis","Parathyroid hormone synthesis, secretion and action","Fatty acid elongation","Autophagy - animal","Folate biosynthesis","Influenza A","Gastric acid secretion","JAK-STAT signaling pathway","Legionellosis","Wnt signaling pathway","Lysine degradation","Phototransduction","Renal cell carcinoma","Nicotinate and nicotinamide metabolism","Chemical carcinogenesis - reactive oxygen species","Thyroid cancer","Fc gamma R-mediated phagocytosis","Toxoplasmosis","Acute myeloid leukemia","Glycerophospholipid metabolism","Platinum drug resistance","Alcoholism","Galactose metabolism","Breast cancer","Axon guidance","Efferocytosis","GnRH signaling pathway","Alzheimer disease","Bladder cancer","Viral myocarditis","Drug metabolism - cytochrome P450","Tuberculosis","Mannose type O-glycan biosynthesis","Glutamatergic synapse","Human cytomegalovirus infection","Amoebiasis","Chemical carcinogenesis - receptor activation","AGE-RAGE signaling pathway in diabetic complications","Osteoclast differentiation","Cysteine and methionine metabolism","MicroRNAs in cancer","Bile secretion","Spinocerebellar ataxia","Coronavirus disease - COVID-19","Inflammatory mediator regulation of TRP channels","Sphingolipid metabolism","Porphyrin metabolism","Pancreatic cancer","Endometrial cancer","Sphingolipid signaling pathway","Fc epsilon RI signaling pathway","ECM-receptor interaction","AMPK signaling pathway","Alcoholic liver disease","Alanine, aspartate and glutamate metabolism","Retinol metabolism","Autophagy - other","Ether lipid metabolism","Signaling pathways regulating pluripotency of stem cells","Linoleic acid metabolism","Gap junction","Human papillomavirus infection","Insulin secretion","Thyroid hormone synthesis","Graft-versus-host disease","Parkinson disease","Purine metabolism","Gastric cancer","Central carbon metabolism in cancer","Epithelial cell signaling in Helicobacter pylori infection","Diabetic cardiomyopathy","Protein processing in endoplasmic reticulum","Cell adhesion molecules","Arginine biosynthesis","N-Glycan biosynthesis","Metabolism of xenobiotics by cytochrome P450","Human T-cell leukemia virus 1 infection","Citrate cycle (TCA cycle)","Phosphatidylinositol signaling system","Retrograde endocannabinoid signaling","alpha-Linolenic acid metabolism","beta-Alanine metabolism","Salmonella infection","Kaposi sarcoma-associated herpesvirus infection","Herpes simplex virus 1 infection","TNF signaling pathway","Allograft rejection","Thyroid hormone signaling pathway","Cytosolic DNA-sensing pathway","Oocyte meiosis","Glycolysis_Gluconeogenesis","Toll-like receptor signaling pathway","Neutrophil extracellular trap formation","Thermogenesis","Cellular senescence","Amyotrophic lateral sclerosis","Hedgehog signaling pathway","MAPK signaling pathway","Hepatitis C","Vascular smooth muscle contraction","Chemokine signaling pathway","Dopaminergic synapse","Salivary secretion","NF-kappa B signaling pathway","Regulation of actin cytoskeleton","Notch signaling pathway","Relaxin signaling pathway","Th1 and Th2 cell differentiation","mRNA surveillance pathway","Pentose and glucuronate interconversions","Cocaine addiction","Arginine and proline metabolism","Natural killer cell mediated cytotoxicity","Viral life cycle - HIV-1","Adherens junction","Cushing syndrome","Renin secretion","Basal cell carcinoma","Glyoxylate and dicarboxylate metabolism","Drug metabolism - other enzymes","Histidine metabolism","Intestinal immune network for IgA production","GnRH secretion","Rap1 signaling pathway","Longevity regulating pathway","Small cell lung cancer","Olfactory transduction","mTOR signaling pathway","Shigellosis","Arachidonic acid metabolism","Regulation of lipolysis in adipocytes","Fluid shear stress and atherosclerosis","Amino sugar and nucleotide sugar metabolism","Aldosterone-regulated sodium reabsorption","IL-17 signaling pathway","Apelin signaling pathway","Cholesterol metabolism","Endocrine and other factor-regulated calcium reabsorption","Ovarian steroidogenesis","PD-L1 expression and PD-1 checkpoint pathway in cancer","Hippo signaling pathway","Platelet activation","Neuroactive ligand-receptor interaction","African trypanosomiasis","Serotonergic synapse","Pertussis","Epstein-Barr virus infection","Huntington disease","FoxO signaling pathway","VEGF signaling pathway","Pyruvate metabolism","B cell receptor signaling pathway","ErbB signaling pathway","Propanoate metabolism","Viral protein interaction with cytokine and cytokine receptor","Cortisol synthesis and secretion","Chronic myeloid leukemia","Glycerolipid metabolism","Glycosphingolipid biosynthesis - lacto and neolacto series","Chemical carcinogenesis - DNA adducts","Circadian rhythm"
"Pyrimidine metabolism",0,0,0,0,0,0,0.0104166666666667,0,0,0,0,0,0,0,0,0,0,0.0212765957446809,0,0,0,0,0,0,0,0.0263157894736842,0,0,0,0,0,0,0,0,0,0,0,0,0,0,0,0,0,0,0,0,0,0,0,0,0,0,0,0,0,0,0,0,0,0,0,0,0,0,0,0,0,0,0,0,0,0.0152671755725191,0,0,0,0,0,0,0,0,0,0,0,0,0,0,0,0,0,0,0,0,0,0,0,0,0,0,0,0,0,0,0,0,0,0,0,0,0,0,0.116279069767442,0,0,0,0,0,0,0,0,0,0,0,0,0,0,0.0102040816326531,0,0,0,0,0,0,0,0,0,0,0,0,0,0,0,0,0,0,0,0,0,0,0,0,0,0.0106382978723404,0,0,0,0,0,0,0,0,0,0,0,0.2,0,0,0,0,0,0,0.0125,0,0,0,0,0,0,0,0.0348837209302326,0,0,0,0,0,0,0,0,0,0,0,0,0,0,0,0,0,0,0,0,0,0,0,0,0,0,0,0,0,0,0,0,0,0,0,0,0,0.219298245614035,0,0,0,0,0,0,0,0,0,0,0,0,0,0,0,0,0,0,0,0,0,0,0,0,0,0,0.0115830115830116,0,0,0,0,0,0,0,0,0,0,0,0,0,0
"Phospholipase D signaling pathway",0,0,0.0232558139534884,0.0495867768595041,0,0.0118110236220472,0,0,0.043859649122807,0.00574712643678161,0,0.143518518518519,0.0909090909090909,0.0978260869565217,0.111111111111111,0,0.0928270042194093,0,0,0.175355450236967,0.00454545454545455,0,0.0364372469635627,0.12109375,0.0480349344978166,0,0.0675105485232067,0.0964912280701754,0,0.00675675675675676,0.13265306122449,0.015748031496063,0.108459869848156,0.0739130434782609,0.00404858299595142,0.013953488372093,0.105263157894737,0.32620320855615,0.0242424242424242,0,0.0239808153477218,0.13265306122449,0.074235807860262,0.0758293838862559,0.0276422764227642,0.00851063829787234,0,0.184210526315789,0.00325732899022801,0.05249343832021,0.0652173913043478,0.113924050632911,0.0996884735202492,0.0871212121212121,0,0.0921409214092141,0.0359712230215827,0,0.06,0.0815450643776824,0.134615384615385,0.101796407185629,0.0443686006825939,0.00314465408805031,0.0241935483870968,0,0.107638888888889,0.130111524163569,0.101626016260163,0.165991902834008,0.18859649122807,0.00448430493273543,0.0233644859813084,0,0.106382978723404,0.125523012552301,0.004,0.134408602150538,0.0133333333333333,0.0833333333333333,0.0617283950617284,0.198952879581152,0.18348623853211,0.0320855614973262,0.107142857142857,0.0674157303370786,0.134020618556701,0.062200956937799,0.0634441087613293,0,0.147186147186147,0.0672514619883041,0,0.12972972972973,0.0678466076696165,0,0.104347826086957,0,0.104602510460251,0,0.089041095890411,0,0.0557377049180328,0.0714285714285714,0.0782312925170068,0.00985221674876847,0.0189274447949527,0,0,0.123076923076923,0,0.0742857142857143,0.0391061452513966,0.186602870813397,0.0316205533596838,0.118556701030928,0.120535714285714,0.0566037735849057,0.0498442367601246,0,0.108208955223881,0.0638977635782748,0.0234113712374582,0.180487804878049,0.0505836575875486,0.0614525139664804,0.00921658986175115,0,0.0376175548589342,0,0.147186147186147,0.146788990825688,0.0677966101694915,0.106382978723404,0.111111111111111,0.0656934306569343,0,0.0696055684454756,0.0436681222707424,0.0615942028985507,0.0487804878048781,0.142857142857143,0.0252525252525253,0,0.113300492610837,0.124324324324324,0.148305084745763,0.211111111111111,0,0.0627450980392157,0.013840830449827,0,0,0.00555555555555556,0.0641711229946524,0.0693430656934307,0.0406976744186047,0.181372549019608,0.0640176600441501,0.0779816513761468,0.0717703349282297,0,0.00719424460431655,0.0335820895522388,0.107407407407407,0.116751269035533,0.0328638497652582,0.0598802395209581,0,0,0,0,0,0.0749279538904899,0,0.122727272727273,0.0642857142857143,0.0416666666666667,0,0.0638297872340425,0.0849056603773585,0.0507936507936508,0.0509803921568627,0.0053475935828877,0.11522633744856,0,0.0472727272727273,0,0.0617283950617284,0.0788643533123028,0.0549450549450549,0.0928571428571429,0.00192678227360308,0,0.0924574209245742,0.0807017543859649,0.141129032258065,0.159322033898305,0.03690036900369,0.0655021834061135,0.0200803212851406,0.130563798219585,0,0.172268907563025,0.0125523012552301,0,0,0.0206185567010309,0,0.123015873015873,0,0.0254237288135593,0.0742049469964664,0.0430622009569378,0,0,0,0,0.00505050505050505,0.120418848167539,0.199335548172757,0.132701421800948,0.0431034482758621,0.00166944908180301,0.10431654676259,0.0754716981132075,0.0341463414634146,0.118279569892473,0.0469314079422383,0,0.0747126436781609,0.012448132780083,0.137795275590551,0,0.0575916230366492,0.104395604395604,0.106481481481481,0,0.19047619047619,0.0442655935613682,0.0333333333333333,0.0909090909090909,0.0179372197309417,0.0382352941176471,0.013215859030837,0.1015625,0.174157303370787,0,0.111111111111111,0.157635467980296,0,0.0121951219512195,0.0808080808080808,0.135678391959799,0.0923076923076923,0,0,0
"Necroptosis",0,0.0232558139534884,0,0.00380228136882129,0,0.00754716981132075,0,0,0.00404858299595142,0,0,0.0118110236220472,0.018018018018018,0.0162337662337662,0.015625,0,0.0426356589147287,0.0154639175257732,0,0.0197628458498024,0.115942028985507,0.0670391061452514,0.027027027027027,0.0206185567010309,0,0,0,0.0185185185185185,0,0.0677570093457944,0.0220264317180617,0.072,0.0482897384305835,0.0158102766798419,0.00389105058365759,0.0178571428571429,0.0220125786163522,0.0403225806451613,0.179661016949153,0,0.0355450236966825,0.00432900432900433,0.0158730158730159,0,0.0524590163934426,0,0,0.0217391304347826,0.00632911392405063,0.035264483627204,0.0198019801980198,0.0225988700564972,0.0254237288135593,0.0421052631578947,0,0.027363184079602,0.159533073929961,0,0.00364963503649635,0.0693877551020408,0.020746887966805,0.0106951871657754,0.0429042904290429,0.00920245398773006,0.0232558139534884,0.0169491525423729,0.00304878048780488,0.0363036303630363,0.0181159420289855,0.0101694915254237,0.0293040293040293,0.0308370044052863,0.0409090909090909,0,0.0188679245283019,0.0371747211895911,0,0,0.0484581497797357,0.15,0.0347490347490347,0.0213675213675214,0.0284974093264249,0,0.0762052877138414,0.0966542750929368,0.036036036036036,0,0.06158357771261,0,0.0223048327137546,0.136363636363636,0,0.0330188679245283,0.0909090909090909,0.0514018691588785,0.051792828685259,0,0.00366300366300366,0,0.0218068535825545,0,0.185714285714286,0.0173160173160173,0.108474576271186,0.0287081339712919,0.0214723926380368,0,0,0,0,0.0265957446808511,0.00512820512820513,0.0278884462151394,0.0753968253968254,0.0133928571428571,0.0275590551181102,0.0446428571428571,0.084375,0,0.00326797385620915,0.0117994100294985,0.0226537216828479,0.0588235294117647,0.0456273764258555,0,0.00881057268722467,0,0.125412541254125,0,0.0299625468164794,0.0814606741573034,0.0155038759689922,0.0218579234972678,0.0569105691056911,0.0747330960854092,0,0.00426439232409382,0,0.0376712328767123,0.09366391184573,0.0617283950617284,0.00471698113207547,0.00985221674876847,0.0305676855895196,0.00460829493087558,0.0407407407407407,0.0506912442396313,0,0,0.101818181818182,0.0155440414507772,0,0,0.0346534653465347,0.0133779264214047,0.0441988950276243,0,0.0695652173913043,0.016597510373444,0,0.0303030303030303,0.036144578313253,0,0.00651465798045603,0,0.013215859030837,0.0459770114942529,0.0313479623824451,0,0.0167597765363128,0,0,0.0493150684931507,0,0,0.00983606557377049,0.0393258426966292,0,0.0677083333333333,0.1198738170347,0.144295302013423,0.094488188976378,0.0206185567010309,0.00357142857142857,0.115207373271889,0.0136054421768707,0,0.140425531914894,0.121019108280255,0,0.0429042904290429,0.0192307692307692,0.00467289719626168,0.0408163265306122,0.135714285714286,0.0244755244755245,0.0173410404624277,0.0246478873239437,0,0.0731707317073171,0,0,0.0104895104895105,0.0632911392405063,0,0,0,0,0.0973782771535581,0.0276497695852535,0,0.0129032258064516,0,0.00452488687782805,0.00529100529100529,0,0,0,0,0,0.00403225806451613,0.0285714285714286,0.0066006600660066,0.00634920634920635,0.0651041666666667,0.0373831775700935,0,0.0416666666666667,0,0,0.0583333333333333,0,0.0144927536231884,0,0.0343137254901961,0.0418410041841004,0.00636942675159236,0.0251798561151079,0,0.0261780104712042,0.0300751879699248,0.0533333333333333,0.12037037037037,0.0284463894967177,0.020979020979021,0.0330188679245283,0,0,0.038135593220339,0,0.0196850393700787,0,0.0128755364806867,0,0,0,0
"Dilated cardiomyopathy",0,0.0495867768595041,0.00380228136882129,0,0,0.0191387559808612,0,0,0.0898876404494382,0,0,0.00495049504950495,0.036144578313253,0.269607843137255,0.0673575129533679,0,0.00467289719626168,0,0,0.0736842105263158,0.00568181818181818,0,0.0241545893719807,0.0125,0.0710382513661202,0,0.0717948717948718,0.0781758957654723,0,0.0100250626566416,0,0.00469483568075117,0.054176072234763,0.0972972972972973,0.773913043478261,0.0419161676646707,0.092741935483871,0,0.00341296928327645,0.0115384615384615,0.0268096514745308,0.00564971751412429,0.0918918918918919,0.0280898876404494,0.0173010380622837,0,0,0.00555555555555556,0.0393700787401575,0.00280898876404494,0.0201342281879195,0.096085409252669,0.0546075085324232,0.0296610169491525,0,0.0813253012048193,0,0,0.0231481481481481,0.0297029702970297,0.0158730158730159,0.0622950819672131,0.00769230769230769,0.0299625468164794,0,0.00540540540540541,0.0185185185185185,0.160714285714286,0.00442477876106195,0.0562770562770563,0.0861244019138756,0.00558659217877095,0.00574712643678161,0,0.0640394088669951,0,0.00485436893203883,0.0844155844155844,0.0395480225988701,0.0151515151515152,0.00943396226415094,0.00543478260869565,0.0117994100294985,0.0492957746478873,0.044189852700491,0.0168776371308017,0,0,0.0165016501650165,0,0.0780487804878049,0.003125,0,0.0185185185185185,0.00315457413249211,0.0239520958083832,0.00478468899521531,0,0.0628019323671498,0,0.011070110701107,0,0.0109090909090909,0.0903614457831325,0,0.00625,0.0108695652173913,0,0,0.0174418604651163,0,0,0.00709219858156028,0.00492610837438424,0.0382775119617225,0,0,0,0.0173611111111111,0,0.00396825396825397,0.00347222222222222,0.0274509803921569,0.0939226519337017,0.0184804928131417,0,0.143790849673203,0,0.0177304964539007,0,0.0728155339805825,0.0507936507936508,0.0612244897959184,0.0596026490066225,0.0248756218905473,0.029045643153527,0,0.00968523002421308,0.0714285714285714,0.0121951219512195,0.00586510263929619,0.0736842105263158,0,0,0.0167597765363128,0,0.00442477876106195,0.0116279069767442,0.134502923976608,0.00442477876106195,0.00403225806451613,0,0,0,0,0.00403225806451613,0,0.0765027322404372,0.0656934306569343,0.104046242774566,0.0778443113772455,0.00671140939597315,0.0134770889487871,0.0401785714285714,0.0119047619047619,0,0,0.0333333333333333,0,0.0313725490196078,0.0078740157480315,0,0,0.0511182108626198,0,0,0.0672268907563025,0,0,0.0113636363636364,0,0.0105633802816901,0.00448430493273543,0.0140845070422535,0.0607476635514019,0,0.0562770562770563,0,0.00469483568075117,0.0170648464163823,0.0461538461538462,0.0155038759689922,0.00847457627118644,0.0189873417721519,0.0742705570291777,0.00380228136882129,0.081447963800905,0.041958041958042,0.0304347826086957,0.0810810810810811,0.00961538461538462,0.0732484076433121,0,0.0681818181818182,0,0,0,0.0335570469798658,0.00649350649350649,0.00843881856540084,0,0.0153846153846154,0.0743801652892562,0.0740740740740741,0,0,0,0,0.0264900662251656,0.0240963855421687,0.053156146179402,0.0714285714285714,0.0421052631578947,0.0127504553734062,0.00766283524904215,0.0171919770773639,0,0.0933333333333333,0.0292887029288703,0,0.00704225352112676,0.0050251256281407,0.084070796460177,0,0.0604026845637584,0.0979020979020979,0,0.0194552529182879,0.089622641509434,0.00422832980972516,0.0142857142857143,0.042654028436019,0.0166666666666667,0.00651465798045603,0,0.0170940170940171,0,0,0.00512820512820513,0,0,0.00490196078431373,0.118421052631579,0.0167597765363128,0,0,0,0
"Pentose phosphate pathway",0,0,0,0,0,0,0,0.140350877192982,0,0,0.0166666666666667,0,0,0,0,0,0.0444444444444444,0.0454545454545455,0,0,0,0,0.037593984962406,0.0119760479041916,0,0.0227272727272727,0,0,0,0,0,0,0,0,0,0,0,0,0,0,0,0,0,0,0,0,0.0140845070422535,0,0,0,0,0,0,0,0,0,0,0,0,0,0,0,0,0,0,0,0,0,0,0,0,0,0,0,0,0,0,0,0,0,0,0,0,0,0,0,0,0,0,0,0,0,0,0,0,0,0,0,0,0,0,0,0,0,0,0,0,0,0,0,0,0,0,0,0,0,0,0,0,0.0862068965517241,0,0,0,0,0,0,0,0,0,0,0,0,0,0,0,0,0,0,0,0,0,0,0,0,0,0,0,0,0,0.0337837837837838,0,0,0,0,0,0,0,0,0,0,0,0,0,0.0324675324675325,0,0.0408163265306122,0,0.00425531914893617,0,0,0,0,0,0,0,0,0,0,0,0,0,0,0,0,0.02,0,0,0.126436781609195,0,0,0,0,0,0,0,0,0,0,0,0,0,0,0,0,0,0,0.0307692307692308,0,0,0,0,0,0,0,0,0.0163934426229508,0,0,0,0,0,0,0,0,0,0,0,0,0,0.0454545454545455,0,0,0,0,0,0,0,0,0,0,0,0,0,0,0,0,0,0,0,0,0,0,0,0,0.0106382978723404,0,0,0
"TGF-beta signaling pathway",0,0.0118110236220472,0.00754716981132075,0.0191387559808612,0,0,0,0,0,0,0,0.0198019801980198,0.0233918128654971,0.0234375,0.0195121951219512,0,0.0480769230769231,0,0,0.0298507462686567,0.00558659217877095,0,0.00938967136150235,0.0165289256198347,0,0,0.004739336492891,0.0214067278287462,0,0.0855614973262032,0.0111731843575419,0.0432692307692308,0.0217391304347826,0,0.0197044334975369,0.0114285714285714,0.0148148148148148,0.0247524752475248,0.0136518771331058,0.0946502057613169,0.00783289817232376,0.0111731843575419,0.00985221674876847,0.00540540540540541,0.00510204081632653,0,0,0.010989010989011,0.00754716981132075,0.0285714285714286,0.0197368421052632,0.0163398692810458,0.0434782608695652,0.020746887966805,0,0,0,0,0.00900900900900901,0.0710659898477157,0.0773480662983425,0.0348101265822785,0.00760456273764259,0.0220588235294118,0.0142857142857143,0.0106951871657754,0.0490566037735849,0.0154440154440154,0.0407239819004525,0.0122950819672131,0.0176991150442478,0.00549450549450549,0.00564971751412429,0,0.00921658986175115,0.0133333333333333,0,0.0240963855421687,0.0388888888888889,0.0503875968992248,0.014018691588785,0.0217391304347826,0.0087463556851312,0,0.0439739413680782,0.012448132780083,0.0112994350282486,0,0.0163398692810458,0,0.00900900900900901,0.0125,0,0.037037037037037,0.0255591054313099,0.0419161676646707,0.0191387559808612,0,0.0182648401826484,0,0.022140221402214,0,0.0218181818181818,0,0.0147058823529412,0.00613496932515337,0.0367647058823529,0,0,0.0470588235294118,0,0.00600600600600601,0.0211267605633803,0.0197044334975369,0.0328638497652582,0.0292397660818713,0,0.0110497237569061,0.0136986301369863,0,0.024,0.0354609929078014,0.0153256704980843,0.0100502512562814,0.00604838709677419,0.0275862068965517,0,0,0.0357142857142857,0,0.00900900900900901,0.0276923076923077,0.0242718446601942,0.0157232704402516,0.0555555555555556,0.0329218106995885,0,0.0294117647058824,0,0.00398406374501992,0.0087463556851312,0,0,0,0.069364161849711,0.0182926829268293,0.0407239819004525,0.0172413793103448,0.00510204081632653,0.0267857142857143,0.00398406374501992,0,0,0.0144927536231884,0,0.135135135135135,0,0.0101010101010101,0.0352112676056338,0,0,0.0132450331125828,0,0,0.0573770491803279,0.0170454545454545,0,0.0262295081967213,0.0109090909090909,0.00377358490566038,0,0,0,0.0473186119873817,0,0,0.00784313725490196,0,0,0.0169971671388102,0.0167224080267559,0.00694444444444444,0.0133928571428571,0.0137931034482759,0.0454545454545455,0,0.0378151260504202,0,0.014018691588785,0.0134680134680135,0.0117994100294985,0.0557768924302789,0.00209205020920502,0.0186335403726708,0.0225563909774436,0.0348837209302326,0.0168067226890756,0.0134680134680135,0.0169491525423729,0,0.00471698113207547,0.0119047619047619,0.0240963855421687,0.0258620689655172,0.0151515151515152,0.0193236714975845,0,0,0,0.0168067226890756,0.0117647058823529,0.0634920634920635,0.0154440154440154,0,0.0118343195266272,0,0,0,0.00636942675159236,0.0116959064327485,0.0158730158730159,0.0102040816326531,0.0100502512562814,0,0.0230769230769231,0.028735632183908,0,0,0.0418410041841004,0,0.0138888888888889,0.0201005025125628,0.0333333333333333,0,0,0.00628930817610063,0.0259067357512953,0.132478632478632,0.0173913043478261,0,0.013986013986014,0.00904977375565611,0.021978021978022,0.0162866449511401,0.0145278450363196,0.0524017467248908,0.0120481927710843,0,0.0101522842639594,0.0264550264550265,0,0.00483091787439614,0.00581395348837209,0.069364161849711,0,0,0,0.0215827338129496
"One carbon pool by folate",0.0104166666666667,0,0,0,0,0,0,0,0,0,0.0147058823529412,0,0,0,0,0.0235294117647059,0,0,0,0,0,0,0,0,0,0,0,0,0,0,0,0,0,0,0,0,0,0,0,0,0,0,0,0,0,0,0.25,0,0,0,0,0,0,0,0,0,0,0.0253164556962025,0,0,0,0,0,0,0,0,0,0,0,0,0,0,0,0,0,0,0,0,0,0,0,0,0,0,0,0,0,0,0,0,0,0,0.0123456790123457,0,0,0,0,0,0,0,0,0.0307692307692308,0,0,0,0,0,0.02,0,0,0,0,0,0,0,0,0,0,0,0,0,0,0,0,0,0,0,0,0,0,0,0,0,0,0,0,0.166666666666667,0,0,0,0,0,0,0,0,0,0,0,0,0,0.00549450549450549,0,0,0,0,0,0,0,0,0,0,0,0,0.0121212121212121,0,0,0,0,0,0,0,0,0,0,0.0147058823529412,0,0,0,0.0144927536231884,0,0,0,0,0,0,0,0,0.0192307692307692,0,0,0,0,0,0,0,0,0,0,0,0,0,0,0,0,0,0,0,0,0.0113636363636364,0,0,0,0,0,0,0.111111111111111,0,0.0338983050847458,0,0,0,0,0,0,0,0,0,0,0,0,0,0,0,0,0,0,0,0,0,0,0,0,0,0,0,0,0,0.0238095238095238,0,0,0.0142857142857143,0,0,0,0.00980392156862745,0,0,0
"Fructose and mannose metabolism",0,0,0,0,0.140350877192982,0,0,0,0,0,0,0,0,0,0,0,0.0827067669172932,0.0588235294117647,0,0,0.00952380952380952,0,0.0444444444444444,0.036144578313253,0,0,0,0,0,0,0,0,0,0,0,0,0,0,0,0,0,0,0,0,0,0,0,0,0,0,0.051948051948052,0,0,0,0,0,0,0,0,0,0,0,0,0,0,0,0,0,0,0,0,0,0,0,0,0,0,0,0,0,0,0,0,0,0,0,0,0.00943396226415094,0,0,0,0,0,0,0,0,0,0,0,0,0,0.0508474576271186,0,0,0,0,0,0,0,0,0,0,0,0,0,0,0,0,0,0.178571428571429,0,0,0,0,0,0,0,0,0,0,0,0,0,0,0,0,0,0,0,0,0,0,0,0,0,0,0,0,0,0.0612244897959184,0,0,0,0,0,0,0,0,0,0,0,0,0,0,0,0.0824742268041237,0,0,0,0,0,0,0,0,0,0,0,0,0,0,0,0,0,0,0.0263157894736842,0,0,0.147727272727273,0,0,0,0,0,0,0,0,0,0,0,0,0,0,0,0,0,0,0.0606060606060606,0,0,0,0,0,0,0,0,0,0,0,0,0,0,0,0,0,0,0.0142857142857143,0,0,0,0.180327868852459,0,0,0,0,0,0,0,0,0,0,0,0,0,0,0,0,0,0,0,0,0,0,0,0,0.0425531914893617,0,0,0
"GABAergic synapse",0,0.043859649122807,0.00404858299595142,0.0898876404494382,0,0,0,0,0,0,0,0,0.0612244897959184,0.0896860986547085,0.111111111111111,0.00735294117647059,0.0153061224489796,0,0,0.0742857142857143,0,0,0.0208333333333333,0.0133928571428571,0.512605042016807,0,0.0662983425414365,0.0714285714285714,0,0,0.0188679245283019,0,0.0415704387990762,0.113095238095238,0.0217391304347826,0.0604026845637584,0.0669456066945607,0.0162162162162162,0.0109090909090909,0,0.0222841225626741,0,0.26530612244898,0.00602409638554217,0.0159857904085258,0,0,0.0185185185185185,0,0.00294117647058824,0.0303030303030303,0.0138888888888889,0.0244755244755245,0.00442477876106195,0,0.058641975308642,0,0,0.0301507537688442,0.0267379679144385,0,0.124087591240876,0,0.0196850393700787,0.0210526315789474,0,0.01171875,0.114155251141553,0,0.0961538461538462,0.116402116402116,0,0,0,0.0810810810810811,0,0,0.0863309352517986,0.00598802395209581,0.0161290322580645,0.0050761421319797,0.0242424242424242,0.0756578947368421,0.0555555555555556,0.0596252129471891,0,0.00628930817610063,0,0.00343642611683849,0.0265486725663717,0.265432098765432,0.0066006600660066,0,0.0567375886524823,0.0863309352517986,0,0.00518134715025907,0,0.0967741935483871,0,0.0238095238095238,0.00862068965517241,0.00769230769230769,0.122448979591837,0,0,0.0233463035019455,0,0.0172413793103448,0,0,0.00317460317460317,0,0.0162162162162162,0.0203045685279188,0,0,0,0.0992063492063492,0,0,0.0186567164179104,0,0.116564417177914,0.00840336134453781,0.00775193798449612,0,0,0.0037037037037037,0,0.28125,0.133093525179856,0.0378378378378378,0.0896057347670251,0.0106382978723404,0,0,0.0126262626262626,0.0718562874251497,0.0174672489082969,0.00925925925925926,0.0930232558139535,0,0,0,0,0.0292682926829268,0.00636942675159236,0,0,0,0.05,0,0.0254237288135593,0,0,0,0.117283950617284,0.00715990453460621,0.121794871794872,0.100671140939597,0,0.0198300283286119,0.0432692307692308,0,0.0126582278481013,0.00628930817610063,0.0103092783505155,0,0,0.0275229357798165,0,0,0.0398671096345515,0,0.016304347826087,0.36,0,0.0256410256410256,0,0.0674157303370786,0.0037037037037037,0,0,0.0343137254901961,0,0.0555555555555556,0,0,0.0143884892086331,0.0384615384615385,0.00408163265306122,0.00217864923747277,0.0211267605633803,0.0345744680851064,0,0.0931372549019608,0.137096774193548,0.175531914893617,0.0887573964497041,0.00518134715025907,0.00626959247648903,0,0.190217391304348,0,0,0,0.0534351145038168,0,0.0136363636363636,0,0.00552486187845304,0.0844444444444444,0.0821917808219178,0,0.00840336134453781,0,0,0,0.0694444444444444,0.0598591549295775,0.0718562874251497,0,0.0131332082551595,0.0122950819672131,0.0029585798816568,0,0.112781954887218,0.00436681222707424,0,0.0241935483870968,0,0.16243654822335,0,0.0597014925373134,0.0930232558139535,0,0,0.0804020100502513,0.0479452054794521,0.024390243902439,0.228915662650602,0.0182926829268293,0,0.0050251256281407,0.0136986301369863,0.0275862068965517,0,0.00558659217877095,0.0233918128654971,0.00833333333333333,0,0.115942028985507,0,0,0,0,0
"Maturity onset diabetes of the young",0,0.00574712643678161,0,0,0,0,0,0,0,0,0,0.00813008130081301,0,0,0,0,0.00740740740740741,0.0158730158730159,0,0,0,0,0.0152671755725191,0.0186335403726708,0,0,0,0,0,0,0,0,0.00258397932816537,0,0,0,0.00523560209424084,0,0,0,0,0,0,0,0,0,0,0,0,0,0.0895522388059701,0,0,0,0,0,0,0,0,0,0,0.00823045267489712,0.0110497237569061,0,0,0,0,0,0,0,0,0,0,0,0.00735294117647059,0,0,0.0232558139534884,0,0,0.0150375939849624,0,0.00380228136882129,0,0.0017921146953405,0,0.0319148936170213,0,0,0,0,0,0,0,0,0,0,0,0,0,0.00515463917525773,0,0,0,0,0,0,0,0,0,0,0,0,0,0,0,0,0,0,0.0175438596491228,0.00578034682080925,0,0,0,0.00240384615384615,0,0,0,0,0,0,0,0,0,0,0,0,0,0,0,0,0,0,0,0,0,0,0,0,0.0136986301369863,0,0,0,0,0,0.0119047619047619,0,0,0.00279329608938547,0.037037037037037,0,0,0,0,0,0.0210526315789474,0,0.00434782608695652,0,0,0,0,0,0,0,0,0,0,0,0,0,0,0,0,0,0,0.00609756097560976,0.021978021978022,0,0,0,0,0,0,0.00307692307692308,0,0,0,0,0,0,0.00389105058365759,0.0114942528735632,0,0,0,0,0,0,0,0,0,0,0,0,0,0,0,0,0,0.00421940928270042,0.00869565217391304,0,0,0.00546448087431694,0,0,0.0119047619047619,0,0.0158730158730159,0.0158730158730159,0,0,0,0,0.012987012987013,0,0,0,0.00253164556962025,0,0,0,0.00436681222707424,0,0.00632911392405063,0,0.0138888888888889,0,0,0,0,0,0,0,0,0,0
"Ascorbate and aldarate metabolism",0,0,0,0,0.0166666666666667,0,0.0147058823529412,0,0,0,0,0,0,0,0,0.0684931506849315,0,0,0,0,0,0,0,0,0,0,0,0,0,0,0,0,0,0,0,0,0,0,0,0,0,0,0,0,0,0,0.0142857142857143,0,0,0,0,0,0,0,0,0,0,0.0746268656716418,0,0,0,0,0,0,0,0,0,0,0,0,0,0,0,0.256756756756757,0,0,0,0,0,0,0,0,0,0,0,0,0,0.00980392156862745,0,0,0,0,0.0735294117647059,0,0,0,0,0,0.00694444444444444,0,0,0,0,0,0,0,0,0.0568181818181818,0,0,0,0.00390625,0,0,0,0,0,0,0,0,0,0,0,0,0,0,0,0.226190476190476,0,0,0,0,0,0.084070796460177,0,0,0,0,0.188118811881188,0,0,0,0,0.357142857142857,0,0,0,0,0,0,0.029585798816568,0,0.240506329113924,0,0,0,0,0,0,0,0,0,0,0,0,0,0,0,0,0,0,0,0.211111111111111,0,0,0,0,0,0.0892857142857143,0,0,0,0,0,0,0,0,0.0659340659340659,0,0,0,0,0,0,0,0,0,0,0,0,0,0,0,0,0,0,0.534883720930233,0,0.0666666666666667,0,0,0,0,0,0,0,0.21978021978022,0.106382978723404,0,0,0,0.00840336134453781,0,0,0,0,0,0,0,0.0149253731343284,0,0,0,0,0.0121951219512195,0,0,0,0,0,0,0,0,0,0,0,0,0.0845070422535211,0,0,0,0,0,0,0.0681818181818182,0,0.231707317073171,0
"Prostate cancer",0,0.143518518518519,0.0118110236220472,0.00495049504950495,0,0.0198019801980198,0,0,0,0.00813008130081301,0,0,0.0855263157894737,0.0588235294117647,0.124293785310734,0,0.155555555555556,0,0,0.254777070063694,0.0365853658536585,0.015625,0.0732984293193717,0.145631067961165,0,0.00641025641025641,0,0.0983050847457627,0,0.00253164556962025,0.276119402985075,0.0561224489795918,0.170483460559796,0.0425531914893617,0.00510204081632653,0.050314465408805,0.0731707317073171,0.186746987951807,0.0398550724637681,0.0622406639004149,0.0561797752808989,0.315384615384615,0.015625,0.0476190476190476,0.0338078291814947,0.0108695652173913,0,0.318181818181818,0,0.0174418604651163,0.0902255639097744,0.140151515151515,0.139622641509434,0.0976744186046512,0,0.0352941176470588,0.123222748815166,0,0.0439024390243902,0.0983606557377049,0.267123287671233,0.0325732899022801,0.0669456066945607,0.0075187969924812,0.0357142857142857,0.0170454545454545,0.191111111111111,0.0454545454545455,0.151832460732984,0.17910447761194,0.182795698924731,0.0679012345679012,0.0632911392405063,0.00625,0.123655913978495,0.172043010752688,0,0.126760563380282,0.0290697674418605,0.248803827751196,0.15,0.299270072992701,0.138983050847458,0.0518518518518519,0.134892086330935,0.147058823529412,0.181818181818182,0.0239520958083832,0.0308219178082192,0,0.132275132275132,0.117437722419929,0,0.0821917808219178,0.0989399293286219,0.0123456790123457,0.127777777777778,0,0.0923076923076923,0,0.103305785123967,0,0.101626016260163,0,0.112970711297071,0.0266666666666667,0.0381679389312977,0,0,0.20863309352518,0,0.116838487972509,0.134453781512605,0.0765027322404372,0.0769230769230769,0.267175572519084,0,0.138157894736842,0.075187969924812,0,0.217821782178218,0.0561797752808989,0.02,0.0730337078651685,0.0700218818380744,0.188034188034188,0.0120481927710843,0.00588235294117647,0.0526315789473684,0,0.00943396226415094,0.178181818181818,0.0523560209424084,0.159259259259259,0.117977528089888,0.0954545454545455,0,0.120218579234973,0,0.0476190476190476,0.0566037735849057,0.0423280423280423,0,0,0.258992805755396,0.330508474576271,0.122448979591837,0.151724137931034,0,0.122448979591837,0.0755555555555556,0,0,0.00775193798449612,0,0.12037037037037,0,0.111111111111111,0.152406417112299,0.0514285714285714,0.0548780487804878,0,0.00819672131147541,0,0.227722772277228,0.190140845070423,0.0432098765432099,0.0594405594405594,0.0190114068441065,0,0,0,0.00568181818181818,0.162454873646209,0,0.0425531914893617,0.00816326530612245,0,0,0.0838509316770186,0.171314741035857,0.0810810810810811,0.154255319148936,0,0.157894736842105,0.0342857142857143,0.0440528634361234,0,0.106951871657754,0.0659340659340659,0.0471698113207547,0.153846153846154,0.0129589632829374,0.0198675496688742,0.105555555555556,0.200934579439252,0.0311111111111111,0.110687022900763,0.055045871559633,0,0.041025641025641,0.114864864864865,0.0126582278481013,0.175257731958763,0.0437158469945355,0,0,0.072992700729927,0,0.0943396226415094,0.0125,0.0730337078651685,0.134529147982063,0.00602409638554217,0.0522875816993464,0,0.00561797752808989,0,0,0.124137931034483,0.11913357400722,0.182389937106918,0.186335403726708,0,0.137777777777778,0.0773993808049536,0,0.0753424657534247,0.127358490566038,0,0.105691056910569,0.0782122905027933,0.0625,0,0,0.0204081632653061,0.175,0.0282258064516129,0.0566037735849057,0,0,0.0441176470588235,0.0232558139534884,0.110294117647059,0.0302267002518892,0.209424083769634,0.144927536231884,0,0.173913043478261,0.210526315789474,0,0,0.0516129032258065,0.286764705882353,0,0,0.00595238095238095,0.00763358778625954
"Long-term potentiation",0,0.0909090909090909,0.018018018018018,0.036144578313253,0,0.0233918128654971,0,0,0.0612244897959184,0,0,0.0855263157894737,0,0.163157894736842,0.253731343283582,0,0.0792682926829268,0,0,0.0993377483443709,0,0,0.208333333333333,0.126373626373626,0.0533333333333333,0,0.0961538461538462,0.153543307086614,0,0,0.102362204724409,0.0414201183431953,0.0238663484486874,0.222222222222222,0.00606060606060606,0.346534653465347,0.159203980099502,0.0709677419354839,0.0364372469635627,0.00896860986547085,0.0615384615384615,0.0769230769230769,0.28125,0,0.0956175298804781,0,0,0.211864406779661,0,0.00314465408805031,0.027027027027027,0.0546875,0.106122448979592,0.0459183673469388,0,0.146428571428571,0,0,0.0338983050847458,0.0493827160493827,0.0694444444444444,0.04,0.00448430493273543,0.0171673819742489,0.0238095238095238,0,0.0580357142857143,0.254237288135593,0.0738636363636364,0.170454545454545,0.173913043478261,0,0,0,0.0987654320987654,0.176100628930818,0,0.0661157024793388,0.020979020979021,0.0747663551401869,0.0476190476190476,0.0970149253731343,0.0931899641577061,0.0277777777777778,0.0638297872340425,0.06282722513089,0.0615384615384615,0.0294117647058824,0.00746268656716418,0,0.188311688311688,0.118577075098814,0,0.233009708737864,0.106719367588933,0,0.139072847682119,0,0.144654088050314,0,0.0535714285714286,0,0.038961038961039,0.232758620689655,0.0173160173160173,0,0.0954545454545455,0,0.0786516853932584,0.113821138211382,0,0.0352112676056338,0.0833333333333333,0.0440251572327044,0.0112994350282486,0.08,0,0.0142857142857143,0.128318584070796,0,0.0487804878048781,0.0680851063829787,0.037037037037037,0.290322580645161,0.0904761904761905,0.102040816326531,0,0,0.0921052631578947,0,0.22,0.14453125,0.0759493670886076,0.0846153846153846,0.0700636942675159,0.0606060606060606,0,0.0355191256830601,0.0328947368421053,0.0989583333333333,0.0166666666666667,0.220588235294118,0,0,0.0510948905109489,0.0862068965517241,0.092485549132948,0.0708661417322835,0,0,0,0,0,0,0,0.0394088669950739,0,0.195488721804511,0.0335917312661499,0.150375939849624,0.136,0,0.05625,0.0103626943005181,0.0483091787439614,0.0615384615384615,0,0.0542635658914729,0.00423728813559322,0,0,0,0,0.0738007380073801,0,0.114864864864865,0.119170984455959,0,0,0.0192307692307692,0.105042016806723,0.0121951219512195,0.021978021978022,0,0.118343195266272,0,0.197674418604651,0,0.0232558139534884,0.0483870967741935,0.0413793103448276,0.131313131313131,0.0330188679245283,0.025,0.0857988165680473,0.0462962962962963,0.203592814371257,0.0878661087866109,0.228395061728395,0.165467625899281,0.00584795321637427,0.0454545454545455,0.015748031496063,0.106741573033708,0.0457516339869281,0.0179640718562874,0,0.0943396226415094,0,0.0983606557377049,0.0155038759689922,0.038961038961039,0.13265306122449,0.214285714285714,0,0,0,0,0,0.178571428571429,0.129554655870445,0.0680272108843537,0,0.0277777777777778,0.076555023923445,0.0292207792207792,0,0.0413223140495868,0.0348258706467662,0,0.0606060606060606,0.0125,0.162921348314607,0,0.100917431192661,0.043859649122807,0.0902777777777778,0.0135746606334842,0.115606936416185,0.0210280373831776,0.0833333333333333,0.159235668789809,0.0661764705882353,0,0.0356164383561644,0.0695187165775401,0.144144144144144,0,0.0972222222222222,0.125,0,0,0.128205128205128,0.0746268656716418,0,0,0,0
"Adrenergic signaling in cardiomyocytes",0,0.0978260869565217,0.0162337662337662,0.269607843137255,0,0.0234375,0,0,0.0896860986547085,0,0,0.0588235294117647,0.163157894736842,0,0.191588785046729,0,0.0434782608695652,0,0,0.1,0.018018018018018,0.00540540540540541,0.144736842105263,0.0656934306569343,0.0745614035087719,0,0.15695067264574,0.241830065359477,0,0,0.0271493212669683,0.0233463035019455,0.075,0.298969072164948,0.187793427230047,0.167539267015707,0.316872427983539,0.0242914979757085,0.0331325301204819,0.0297029702970297,0.0588235294117647,0.0225225225225225,0.18957345971564,0,0.054635761589404,0,0,0.07981220657277,0,0,0.0203045685279188,0.0317919075144509,0.0623145400593472,0.0354609929078014,0,0.142857142857143,0.013840830449827,0,0.0424710424710425,0.117391304347826,0.025531914893617,0.0906432748538012,0.0264026402640264,0.0451612903225806,0.00387596899224806,0.00427350427350427,0.0188679245283019,0.251012145748988,0.099601593625498,0.176706827309237,0.194805194805195,0.0043859649122807,0.0135746606334842,0,0.0995850622406639,0.0916334661354582,0,0.0746268656716418,0.026431718061674,0.0709459459459459,0.0562248995983936,0.0308370044052863,0.0425531914893617,0.0760869565217391,0.0667701863354037,0.0247349823321555,0.0416666666666667,0.0225225225225225,0.0170940170940171,0,0.210762331838565,0.0787172011661808,0,0.0808080808080808,0.063768115942029,0,0.065843621399177,0,0.14957264957265,0,0.0352564102564103,0,0.0186915887850467,0.236559139784946,0.0125786163522013,0,0.0379746835443038,0,0.0397727272727273,0.0228310502283105,0,0.0241935483870968,0.0159574468085106,0.0242914979757085,0.064,0.0230414746543779,0,0.0269058295964126,0.0961538461538462,0,0.0168350168350168,0.0304878048780488,0.0471380471380471,0.199029126213592,0.0480769230769231,0.015625,0.00900900900900901,0,0.0700636942675159,0,0.10655737704918,0.144578313253012,0.0447154471544715,0.118181818181818,0.0714285714285714,0.0457746478873239,0,0.0130434782608696,0.104072398190045,0.041958041958042,0.0208333333333333,0.171296296296296,0,0,0.0221238938053097,0.0240384615384615,0.145228215767635,0.0469483568075117,0,0.108433734939759,0.0240549828178694,0,0,0.0108695652173913,0,0.0311418685121107,0,0.113122171945701,0.0703296703296703,0.25,0.198952879581152,0,0.0493827160493827,0.032967032967033,0.0201342281879195,0.0227272727272727,0.0180995475113122,0.0813253012048193,0.00934579439252336,0,0,0,0,0.0769230769230769,0,0.05,0.113970588235294,0,0,0.0305343511450382,0.0606060606060606,0.0212765957446809,0.0790513833992095,0,0.117408906882591,0,0.162698412698413,0,0.0354330708661417,0.042042042042042,0.0686813186813187,0.0687285223367698,0.0115606936416185,0.0194174757281553,0.0861244019138756,0.0433333333333333,0.161290322580645,0.0877742946708464,0.282511210762332,0.220588235294118,0.00387596899224806,0.0265957446808511,0,0.163934426229508,0.024896265560166,0.0798319327731092,0,0.0972972972972973,0,0.0105263157894737,0,0.0122950819672131,0.166037735849057,0.155440414507772,0,0,0,0,0,0.0735294117647059,0.112462006079027,0.114155251141553,0.0164609053497942,0.030664395229983,0.0196078431372549,0.0412371134020619,0,0.109375,0.0535714285714286,0,0.0666666666666667,0.0246913580246914,0.176,0,0.156424581005587,0.0673575129533679,0.0382978723404255,0.0366666666666667,0.147540983606557,0.0155038759689922,0.0324324324324324,0.0846774193548387,0.0740740740740741,0.0228571428571429,0.0264900662251656,0.0323741007194245,0.0490196078431373,0,0.0208333333333333,0.0434782608695652,0,0,0.190217391304348,0.0221238938053097,0,0,0,0.0053475935828877
"Melanogenesis",0,0.111111111111111,0.015625,0.0673575129533679,0,0.0195121951219512,0,0,0.111111111111111,0,0,0.124293785310734,0.253731343283582,0.191588785046729,0,0,0.0710659898477157,0,0,0.11731843575419,0,0,0.162011173184358,0.0863636363636364,0.116279069767442,0,0.0962566844919786,0.147368421052632,0.0223880597014925,0,0.0674846625766871,0.00961538461538462,0.0404494382022472,0.24375,0.0050251256281407,0.172413793103448,0.155844155844156,0.0582010582010582,0.0211267605633803,0.01171875,0.0326975476839237,0.0545454545454545,0.245283018867925,0.00561797752808989,0.116634799235182,0,0,0.141935483870968,0,0.00284090909090909,0.0136986301369863,0.0340136054421769,0.186770428015564,0.0257510729613734,0,0.095679012345679,0.00418410041841004,0,0.0333333333333333,0.0680628272251309,0.0804597701149425,0.0810810810810811,0.00389105058365759,0.0111940298507463,0.0198019801980198,0.00552486187845304,0.220720720720721,0.207547169811321,0.0420560747663551,0.224489795918367,0.225274725274725,0,0.00588235294117647,0,0.104166666666667,0.0995024875621891,0,0.101351351351351,0.0169491525423729,0.0775510204081633,0.0396039603960396,0.0710059171597633,0.0727848101265823,0.0984848484848485,0.161172161172161,0.0349344978165939,0.0552147239263804,0.0235294117647059,0.00662251655629139,0,0.225988700564972,0.0745762711864407,0,0.15,0.0790378006872852,0,0.0673575129533679,0,0.186813186813187,0,0.0424710424710425,0,0.0339622641509434,0.246478873239437,0.0150943396226415,0,0.244343891402715,0,0.0569105691056911,0.062111801242236,0,0.025,0.0952380952380952,0.0362694300518135,0.0289855072463768,0.0833333333333333,0,0.0114942528735632,0.111538461538462,0,0.232673267326733,0.0714285714285714,0.036144578313253,0.251612903225806,0.123287671232877,0.0597014925373134,0,0,0.0639097744360902,0,0.142105263157895,0.172043010752688,0.0680628272251309,0.120567375886525,0.0631578947368421,0.0209205020920502,0,0.0403022670025189,0.0730337078651685,0.0337552742616034,0.0149700598802395,0.19047619047619,0,0,0.0289017341040462,0.0958904109589041,0.0931372549019608,0.0559006211180124,0,0.0276497695852535,0.0251046025104603,0,0,0,0,0.212871287128713,0,0.198757763975155,0.151193633952255,0.198717948717949,0.181208053691275,0,0.0538243626062323,0.0409090909090909,0.224390243902439,0.0552147239263804,0,0.0408163265306122,0,0,0,0,0,0.0906040268456376,0,0.0756756756756757,0.116071428571429,0,0,0.032258064516129,0.0879120879120879,0,0.0476190476190476,0,0.115,0,0.121495327102804,0,0.0194174757281553,0.0425531914893617,0.0700636942675159,0.0617283950617284,0,0.0261437908496732,0.0415584415584416,0.04,0.169154228855721,0.109433962264151,0.176767676767677,0.166666666666667,0.0048780487804878,0.0246153846153846,0.0316455696202532,0.196891191709845,0.0104166666666667,0,0,0.102941176470588,0,0.0491071428571429,0.0122699386503067,0.0486486486486487,0.406593406593407,0.156462585034014,0.301587301587302,0,0,0,0,0.106666666666667,0.146520146520147,0.123529411764706,0,0.0279329608938547,0.204651162790698,0.0203488372093023,0,0.111111111111111,0.0386266094420601,0,0.0451127819548872,0.0155440414507772,0.169902912621359,0,0.1,0.0928571428571429,0.0437158469945355,0.172727272727273,0.112745098039216,0.00856531049250535,0.0615384615384615,0.125,0.0718562874251497,0,0.0325814536340852,0.0446428571428571,0.0733333333333333,0,0.0549450549450549,0.0935672514619883,0,0,0.177304964539007,0.0470588235294118,0,0,0,0.00746268656716418
"Valine, leucine and isoleucine degradation",0,0,0,0,0,0,0.0235294117647059,0,0.00735294117647059,0,0.0684931506849315,0,0,0,0,0,0,0,0,0,0,0,0,0,0,0,0,0,0.024390243902439,0,0,0,0,0,0,0,0,0,0,0,0,0,0,0,0.00188679245283019,0,0.0348837209302326,0,0,0,0,0,0,0,0,0,0,0.184210526315789,0,0,0,0,0,0,0,0,0,0,0,0,0,0,0,0,0,0,0,0,0,0,0,0,0,0,0,0,0,0.00833333333333333,0,0.25,0,0,0.22972972972973,0,0,0,0,0.0597014925373134,0,0.0714285714285714,0,0,0,0,0.00465116279069767,0,0,0.121212121212121,0,0,0.0117647058823529,0,0,0,0,0,0,0,0,0,0,0,0,0,0.00228310502283105,0,0,0.00833333333333333,0,0,0,0,0,0,0,0,0.0416666666666667,0,0,0,0,0,0,0,0,0,0,0,0,0,0.032258064516129,0.0365853658536585,0.00869565217391304,0,0,0,0,0,0,0,0,0,0,0,0,0,0,0,0,0,0,0,0,0,0.012987012987013,0,0,0.0136986301369863,0.17910447761194,0,0,0,0,0,0,0,0,0.055045871559633,0,0,0,0,0,0,0,0,0,0,0,0,0,0,0,0,0,0,0,0,0.0537634408602151,0,0,0,0,0,0,0.0972222222222222,0,0.0769230769230769,0,0,0,0,0,0,0,0,0,0,0,0,0,0,0,0,0,0,0,0,0,0,0,0,0,0,0,0,0,0.0919540229885057,0,0,0.230769230769231,0,0,0,0.0467289719626168,0,0,0
"HIF-1 signaling pathway",0,0.0928270042194093,0.0426356589147287,0.00467289719626168,0.0444444444444444,0.0480769230769231,0,0.0827067669172932,0.0153061224489796,0.00740740740740741,0,0.155555555555556,0.0792682926829268,0.0434782608695652,0.0710659898477157,0,0,0.0277777777777778,0,0.12972972972973,0.0111111111111111,0.00709219858156028,0.107142857142857,0.137614678899083,0.0151515151515152,0,0.014218009478673,0.0769230769230769,0,0.0174563591022444,0.150943396226415,0.0631067961165049,0.107981220657277,0.04,0.0145631067961165,0.0406976744186047,0.0415094339622641,0.135869565217391,0.0274914089347079,0.0190114068441065,0.0291777188328912,0.115853658536585,0.0454545454545455,0.0386740331491713,0.0331010452961672,0.0050761421319797,0,0.184713375796178,0.0112781954887218,0.00835654596100279,0.113475177304965,0.0830449826989619,0.129496402877698,0.0829694323144105,0,0.0459770114942529,0.0732758620689655,0,0.0610328638497653,0.109375,0.119318181818182,0.0444444444444444,0.0637450199203187,0.003584229390681,0.00938967136150235,0.00526315789473684,0.102362204724409,0.06,0.0841121495327103,0.0732758620689655,0.115384615384615,0.0220994475138122,0.0465116279069767,0,0.0780487804878049,0.111111111111111,0,0.109677419354839,0.0617977528089888,0.105263157894737,0.111675126903553,0.241830065359477,0.104761904761905,0,0.104810996563574,0.074235807860262,0.110429447852761,0.0280898876404494,0.0228758169934641,0,0.102439024390244,0.0866666666666667,0,0.0559006211180124,0.0986394557823129,0.0476190476190476,0.0804020100502513,0,0.0416666666666667,0,0.0813953488372093,0,0.0968992248062016,0.0391061452513966,0.094488188976378,0.0246913580246914,0.0364963503649635,0,0,0.2,0,0.0698412698412698,0.0352112676056338,0.105820105820106,0.0673076923076923,0.133757961783439,0,0.0882352941176471,0.0101694915254237,0.0518518518518519,0.0978723404255319,0.0575539568345324,0.0470588235294118,0.0572916666666667,0.0481171548117155,0.0633802816901408,0,0,0.0735294117647059,0,0.0226244343891403,0.0944625407166124,0.0812182741116751,0.097972972972973,0.146739130434783,0.0811965811965812,0.0318471337579618,0.0710659898477157,0.0050251256281407,0.0583333333333333,0.0707692307692308,0.0885416666666667,0,0.00645161290322581,0.147239263803681,0.119205298013245,0.0995260663507109,0.104938271604938,0,0.104761904761905,0.0283400809716599,0,0,0.00709219858156028,0,0.0717299578059072,0,0.0466321243523316,0.0649038461538462,0.0481283422459893,0.0164835164835165,0.0130718954248366,0.0132978723404255,0,0.0970464135021097,0.23972602739726,0.0284090909090909,0.101398601398601,0.00719424460431655,0,0.0152671755725191,0,0,0.0705128205128205,0.0218978102189781,0.0612244897959184,0.0196850393700787,0,0,0.0463768115942029,0.100719424460432,0.0695970695970696,0.080188679245283,0.00675675675675676,0.131707317073171,0.0157894736842105,0.046218487394958,0.156862745098039,0.0895522388059701,0.0860215053763441,0.0147058823529412,0.0853658536585366,0.00627615062761506,0.00606060606060606,0.0704960835509138,0.0846774193548387,0.0382978723404255,0.0669014084507042,0.0431034482758621,0.0148514851485149,0.0386473429951691,0.0523076923076923,0.0117647058823529,0.100917431192661,0.041025641025641,0,0,0.0127388535031847,0.0126582278481013,0.0844444444444444,0.0116279069767442,0.041025641025641,0.0474308300395257,0.0112994350282486,0.00581395348837209,0,0,0,0.0126582278481013,0.107594936708861,0.102739726027397,0.129943502824859,0.0855614973262032,0.00718132854578097,0.121338912133891,0.0810810810810811,0,0.0833333333333333,0.0772532188841202,0.0277777777777778,0.112781954887218,0.0301507537688442,0.0593220338983051,0,0.01875,0.0253164556962025,0.162790697674419,0.0037593984962406,0.0630630630630631,0.00208768267223382,0.0425531914893617,0.0273972602739726,0.0386740331491713,0.0608108108108108,0.00717703349282297,0.119815668202765,0.140939597315436,0.0536912751677852,0.0983606557377049,0.195121951219512,0.0364963503649635,0.0144927536231884,0,0.106508875739645,0,0,0,0.00699300699300699
"Starch and sucrose metabolism",0.0212765957446809,0,0.0154639175257732,0,0.0454545454545455,0,0,0.0588235294117647,0,0.0158730158730159,0,0,0,0,0,0,0.0277777777777778,0,0,0,0,0,0.0661764705882353,0.0797546012269939,0,0,0.0518518518518519,0,0,0,0,0,0.0126582278481013,0,0,0,0,0,0,0,0,0,0,0,0,0,0,0,0,0,0.0625,0,0,0,0,0,0,0,0,0,0,0,0,0,0,0,0,0,0,0,0,0,0.0285714285714286,0,0,0,0,0,0,0,0.0575539568345324,0,0,0,0,0,0.00925925925925926,0,0,0,0,0,0,0,0,0,0,0,0,0,0,0,0,0,0,0,0,0,0,0,0.027027027027027,0,0,0,0,0,0,0,0,0.296296296296296,0,0,0,0,0,0,0,0,0,0,0,0,0,0,0,0,0,0,0,0,0,0,0,0,0,0,0,0,0,0.032258064516129,0,0,0,0,0,0,0,0,0,0.00813008130081301,0,0,0,0.0246913580246914,0,0.0480769230769231,0,0.00829875518672199,0,0,0,0,0,0,0,0,0,0,0,0,0,0,0,0,0,0,0,0.117021276595745,0,0,0,0,0,0,0,0,0,0,0,0.0555555555555556,0,0,0,0,0,0,0.0136986301369863,0,0,0,0,0,0,0,0,0,0,0,0,0,0,0,0,0,0,0.0140845070422535,0,0,0,0.134328358208955,0,0,0,0,0,0,0,0,0,0,0,0,0,0,0,0.0178571428571429,0,0,0,0,0,0,0,0,0,0,0,0
"Oxidative phosphorylation",0,0,0,0,0,0,0,0,0,0,0,0,0,0,0,0,0,0,0,0,0,0.00591715976331361,0,0,0,0,0,0,0,0,0,0,0,0,0,0,0,0,0,0,0.308176100628931,0,0,0,0.187380497131931,0,0,0,0.0919117647058824,0,0,0,0,0,0,0,0.0036231884057971,0,0,0,0.00446428571428571,0,0.353211009174312,0,0,0,0,0,0,0,0,0.00471698113207547,0,0,0,0,0,0,0,0.00668896321070234,0,0,0,0,0.00149253731343284,0.00366300366300366,0,0,0.00294117647058824,0,0,0.0028328611898017,0,0,0.00285714285714286,0,0,0,0,0,0,0,0.0032258064516129,0.00943396226415094,0,0.00518134715025907,0,0,0,0,0,0.361940298507463,0,0,0.00401606425702811,0,0,0.00471698113207547,0,0,0,0,0.00340136054421769,0,0.22737819025522,0,0.00483091787439614,0,0.0355987055016181,0,0,0.00275482093663912,0,0,0,0,0,0,0,0.00355871886120996,0,0,0,0.010989010989011,0,0,0,0,0,0,0,0,0,0,0,0,0,0,0.0560538116591928,0,0,0,0.315112540192926,0,0,0,0.135869565217391,0.394308943089431,0,0,0,0,0,0,0.024390243902439,0,0.200836820083682,0,0,0.00257731958762887,0.003003003003003,0.00313479623824451,0,0,0,0,0,0,0,0,0.397003745318352,0,0.238442822384428,0,0,0.00337837837837838,0,0,0,0,0,0,0,0,0,0,0,0,0,0,0,0,0,0,0,0,0,0,0,0,0,0,0.00434782608695652,0,0.049645390070922,0.00258397932816537,0,0,0,0,0,0,0,0,0,0,0,0,0,0,0,0,0,0.00293255131964809,0.279202279202279,0,0,0,0,0,0,0,0,0,0,0,0,0
"Endocrine resistance",0,0.175355450236967,0.0197628458498024,0.0736842105263158,0,0.0298507462686567,0,0,0.0742857142857143,0,0,0.254777070063694,0.0993377483443709,0.1,0.11731843575419,0,0.12972972972973,0,0,0,0.0426829268292683,0.0396825396825397,0.0404040404040404,0.185,0.0734463276836158,0,0.0518134715025907,0.120689655172414,0,0,0.264705882352941,0.0612244897959184,0.0872641509433962,0.0706521739130435,0.0050761421319797,0.0434782608695652,0.0728744939271255,0.18562874251497,0.0397111913357401,0.0489795918367347,0.0619718309859155,0.255474452554745,0.0888888888888889,0.0792682926829268,0.0374331550802139,0,0,0.315789473684211,0,0.0144508670520231,0.0977443609022556,0.135338345864662,0.18359375,0.117924528301887,0,0.0382352941176471,0.101851851851852,0,0.0696517412935323,0.128491620111732,0.256756756756757,0.089041095890411,0.0847457627118644,0.0426356589147287,0.0569948186528497,0,0.190265486725664,0.118942731277533,0.163157894736842,0.272727272727273,0.284883720930233,0.0545454545454545,0.0432098765432099,0,0.22093023255814,0.209944751381215,0,0.229007633587786,0.0470588235294118,0.19634703196347,0.0833333333333333,0.269503546099291,0.115894039735099,0.0514705882352941,0.140794223826715,0.129807692307692,0.278195488721804,0.0177514792899408,0.0449826989619377,0,0.162162162162162,0.109154929577465,0,0.089041095890411,0.122302158273381,0.00609756097560976,0.146067415730337,0,0.132275132275132,0,0.126050420168067,0,0.0666666666666667,0.0802469135802469,0.0809716599190283,0,0.0340909090909091,0,0,0.181818181818182,0,0.124137931034483,0.0967741935483871,0.0879120879120879,0.0710659898477157,0.201438848920863,0,0.12987012987013,0.0789473684210526,0,0.306878306878307,0.0559701492537313,0.0364372469635627,0.230769230769231,0.0537634408602151,0.228070175438596,0.00595238095238095,0.0238095238095238,0.0643939393939394,0,0.075,0.20817843866171,0.0687830687830688,0.203065134099617,0.169590643274854,0.105022831050228,0,0.101876675603217,0.08,0.0657894736842105,0.0630914826498423,0.171597633136095,0,0,0.257142857142857,0.234375,0.145077720207254,0.2,0,0.0780487804878049,0.0474137931034483,0,0,0.00769230769230769,0,0.114678899082569,0,0.157575757575758,0.116279069767442,0.0755813953488372,0.0807453416149068,0,0.0277777777777778,0.0412844036697248,0.202898550724638,0.148648648648649,0.0691823899371069,0.0742049469964664,0.0189393939393939,0,0,0,0.0229885057471264,0.161870503597122,0,0.0368421052631579,0.092511013215859,0,0,0.0703363914373089,0.147859922178988,0.060377358490566,0.123711340206186,0,0.188172043010753,0,0.0967741935483871,0,0.124324324324324,0.0774907749077491,0.0844155844155844,0.147982062780269,0.0195227765726681,0.0333333333333333,0.0901639344262295,0.151785714285714,0.0938967136150235,0.158730158730159,0.0744186046511628,0.0718232044198895,0.00492610837438424,0.0816993464052288,0.0592105263157895,0.286516853932584,0.109826589595376,0,0,0.0422535211267606,0,0.114832535885167,0,0.032258064516129,0.133928571428571,0.037037037037037,0.0188679245283019,0,0,0,0,0.138888888888889,0.135036496350365,0.203821656050955,0.129411764705882,0.00732600732600733,0.117391304347826,0.0940438871473354,0,0.17037037037037,0.116279069767442,0,0.0873015873015873,0.0659340659340659,0.138095238095238,0.00671140939597315,0.0482758620689655,0.110294117647059,0.173913043478261,0.00392156862745098,0.153846153846154,0,0,0.0918367346938776,0.0662650602409639,0.10989010989011,0.0173697270471464,0.18974358974359,0.195488721804511,0,0.137724550898204,0.293706293706294,0,0,0.0933333333333333,0.294117647058824,0,0,0,0
"RIG-I-like receptor signaling pathway",0,0.00454545454545455,0.115942028985507,0.00568181818181818,0,0.00558659217877095,0,0.00952380952380952,0,0,0,0.0365853658536585,0,0.018018018018018,0,0,0.0111111111111111,0,0,0.0426829268292683,0,0.0505050505050505,0,0.0194174757281553,0,0,0,0.0205479452054795,0,0.0632183908045977,0,0.0838323353293413,0.0457831325301205,0,0.00588235294117647,0,0,0.0178571428571429,0.219626168224299,0,0.0233918128654971,0,0,0,0.0277777777777778,0,0,0,0,0.00309597523219814,0.043859649122807,0.0110294117647059,0.0222222222222222,0.111111111111111,0,0,0.233918128654971,0,0.0217391304347826,0.136363636363636,0.0192307692307692,0,0.0651162790697674,0.0168067226890756,0.0411764705882353,0.00657894736842105,0,0,0.0898876404494382,0,0.043010752688172,0.00684931506849315,0.10077519379845,0,0.0397727272727273,0.0786516853932584,0,0.0075187969924812,0.0942028985507246,0.230366492146597,0.046242774566474,0,0.0299003322259136,0,0.0521739130434783,0.0833333333333333,0.0671641791044776,0,0.0912698412698413,0,0,0.165991902834008,0,0,0.153846153846154,0.037593984962406,0.120253164556962,0,0,0,0.0387931034482759,0,0.195121951219512,0,0.085972850678733,0.0666666666666667,0.0165289256198347,0,0,0,0,0.0454545454545455,0,0,0.121951219512195,0.037037037037037,0,0.0137931034482759,0,0,0,0,0.0177777777777778,0.0509554140127389,0.0266075388026608,0.00892857142857143,0.00709219858156028,0,0.139013452914798,0,0,0.128787878787879,0.0355029585798817,0.0105633802816901,0.0679012345679012,0.0969387755102041,0,0.00523560209424084,0,0.0188679245283019,0.169811320754717,0.0426829268292683,0,0,0.0567375886524823,0,0.0659340659340659,0.0601503759398496,0,0.00518134715025907,0.234285714285714,0,0,0.0196078431372549,0,0.0188679245283019,0,0,0.0742705570291777,0,0,0.00862068965517241,0.00882352941176471,0,0,0,0.108527131782946,0.0335820895522388,0.0168067226890756,0,0,0,0,0.0385964912280702,0,0,0.0327102803738318,0,0,0.0730897009966777,0.16017316017316,0.175925925925926,0.150602409638554,0.0277777777777778,0,0.270491803278689,0.0193236714975845,0,0.302158273381295,0.0271317829457364,0.0132013201320132,0.0315315315315315,0.0183908045977011,0,0.0508474576271186,0.178571428571429,0,0.03515625,0.0355329949238579,0,0.10625,0,0,0.0520833333333333,0.10738255033557,0,0,0.0168067226890756,0,0.0785340314136126,0.00740740740740741,0.00609756097560976,0,0,0,0,0,0,0,0,0.0142857142857143,0.0188679245283019,0.0576923076923077,0,0.013215859030837,0.0915254237288136,0,0,0.0703517587939698,0,0,0.176056338028169,0,0,0,0,0.08,0,0.0206185567010309,0,0.0283018867924528,0,0.111111111111111,0.194805194805195,0.0132275132275132,0.0512820512820513,0.03125,0,0.0448717948717949,0.0193548387096774,0,0.0177514792899408,0,0.041958041958042,0.00740740740740741,0,0,0
"Apoptosis - multiple species",0,0,0.0670391061452514,0,0,0,0,0,0,0,0,0.015625,0,0.00540540540540541,0,0,0.00709219858156028,0,0.00591715976331361,0.0396825396825397,0.0505050505050505,0,0,0.0179640718562874,0,0,0,0.0117647058823529,0,0.00609756097560976,0.0294117647058824,0.0217391304347826,0.012853470437018,0,0,0,0,0.0234375,0.0473933649289099,0,0.0264900662251656,0.0194174757281553,0,0,0.0383064516129032,0,0,0.0188679245283019,0,0,0.0394736842105263,0.0307017543859649,0.00425531914893617,0.0179640718562874,0,0,0.0961538461538462,0,0,0.0465116279069767,0.122641509433962,0,0.0617977528089888,0.0150753768844221,0.0458015267175573,0,0.0150753768844221,0,0.0198675496688742,0.00588235294117647,0.0198675496688742,0.114583333333333,0.0408163265306122,0,0.0214285714285714,0.0410958904109589,0,0,0,0.0714285714285714,0.0291970802919708,0.037037037037037,0.0188679245283019,0,0.0424354243542435,0.183098591549296,0.03,0,0.0538116591928251,0,0.00680272108843537,0.0598290598290598,0,0,0.0606060606060606,0,0.0300751879699248,0,0.00684931506849315,0,0.0414507772020725,0,0.0512820512820513,0,0.0101010101010101,0.0731707317073171,0.0147783251231527,0,0,0,0,0.01171875,0.0298507462686567,0,0.107692307692308,0,0,0.188888888888889,0,0,0.0112359550561798,0,0.0106951871657754,0.0245901639344262,0.0342298288508557,0,0.0515463917525773,0,0.0646766169154229,0,0,0.036144578313253,0.00746268656716418,0.0122950819672131,0.047244094488189,0.0233918128654971,0,0.0117647058823529,0,0.0352941176470588,0.0150375939849624,0.0234375,0,0,0.0686274509803922,0.0340909090909091,0.0476190476190476,0.0306122448979592,0,0,0.0414201183431953,0,0,0.032258064516129,0,0,0,0,0.0167130919220056,0,0,0,0.0341296928327645,0,0.0167597765363128,0,0.0404040404040404,0.0128205128205128,0.0306122448979592,0,0,0,0,0.0281124497991968,0,0,0.0168539325842697,0,0,0.0520446096654275,0.0654205607476635,0.07,0.0785714285714286,0,0.0065359477124183,0.036036036036036,0,0,0.0367647058823529,0,0,0,0.0280612244897959,0.0114942528735632,0.0184049079754601,0.0552486187845304,0,0,0.0186335403726708,0,0.0458015267175573,0,0,0.0188679245283019,0.0245901639344262,0,0,0,0,0.0121951219512195,0,0,0,0,0.021505376344086,0,0,0,0,0,0.00411522633744856,0.00826446280991736,0.106194690265487,0,0.00529100529100529,0.0367647058823529,0,0,0.0297619047619048,0,0,0.0495867768595041,0.0117647058823529,0,0,0,0,0.0216216216216216,0,0,0,0.00684931506849315,0.0476190476190476,0.0630630630630631,0.0362537764350453,0.0248447204968944,0.010989010989011,0,0,0.0260869565217391,0,0.00763358778625954,0,0.0283018867924528,0,0,0,0
"Glucagon signaling pathway",0,0.0364372469635627,0.027027027027027,0.0241545893719807,0.037593984962406,0.00938967136150235,0,0.0444444444444444,0.0208333333333333,0.0152671755725191,0,0.0732984293193717,0.208333333333333,0.144736842105263,0.162011173184358,0,0.107142857142857,0.0661764705882353,0,0.0404040404040404,0,0,0,0.212871287128713,0.03125,0,0.0497512437810945,0.102649006622517,0,0,0.0169491525423729,0.023696682464455,0.0492170022371365,0.191860465116279,0.0351758793969849,0.205479452054795,0.142259414225941,0.0147783251231527,0.0242214532871972,0.00760456273764259,0.0547945205479452,0.0169491525423729,0.133333333333333,0,0.0442477876106195,0,0.0206896551724138,0.0828402366863905,0,0,0.0198675496688742,0.00977198697068404,0.0436241610738255,0.016597510373444,0,0.103975535168196,0.0123456790123457,0,0,0.0447761194029851,0.0157068062827225,0.0382165605095541,0.0476190476190476,0.0374531835205993,0.004739336492891,0.0053475935828877,0.0109489051094891,0.15929203539823,0.0361990950226244,0.149532710280374,0.133663366336634,0,0.141935483870968,0,0.0380952380952381,0.0707547169811321,0,0.104575163398693,0,0.0546875,0.2,0.016304347826087,0.0391566265060241,0.0785714285714286,0.0457516339869281,0.0296610169491525,0.0289017341040462,0.0227272727272727,0,0,0.137755102040816,0.0838926174496644,0.0204081632653061,0.0569620253164557,0.0631229235880399,0,0.0927835051546392,0,0.11,0,0.0337078651685393,0,0.0181818181818182,0.150943396226415,0.0185185185185185,0,0.0725190839694656,0,0.0542635658914729,0.0350877192982456,0.00694444444444444,0.00906344410876133,0,0.0147783251231527,0.0138888888888889,0.0174418604651163,0,0.0167597765363128,0.0727272727272727,0.053030303030303,0.0119047619047619,0.0319148936170213,0.0393700787401575,0.142857142857143,0.0506329113924051,0,0,0,0.0823970037453183,0,0.0878048780487805,0.125,0.0447761194029851,0.0592105263157895,0.04,0.0504201680672269,0.0324675324675325,0.00721153846153846,0.031413612565445,0.0458333333333333,0,0.131868131868132,0,0,0.0165745856353591,0.0184049079754601,0.0361990950226244,0.0173410404624277,0,0.205263157894737,0.0818965517241379,0,0,0,0,0.0120967741935484,0,0.0698924731182796,0.042654028436019,0.16969696969697,0.1375,0,0.052924791086351,0.00858369098712446,0.0118110236220472,0.133757961783439,0,0.0648464163822526,0.0036231884057971,0,0,0,0,0.0816993464052288,0.0378787878787879,0.0732984293193717,0.0491803278688525,0,0,0.00845070422535211,0.074468085106383,0.0104895104895105,0.0560747663551402,0,0.080188679245283,0,0.103139013452915,0.152317880794702,0.0140845070422535,0.0238907849829352,0.0788643533123028,0.0819672131147541,0.0148619957537155,0.01875,0.032994923857868,0.0152671755725191,0.0904977375565611,0.0416666666666667,0.189054726368159,0.10989010989011,0,0.00892857142857143,0.0119760479041916,0.0972222222222222,0.0256410256410256,0,0,0.0909090909090909,0,0.0211864406779661,0.0118343195266272,0.0101010101010101,0.110169491525424,0.173333333333333,0,0,0,0,0,0.0683229813664596,0.0562913907284768,0.152046783625731,0.0152284263959391,0.0257352941176471,0.0192307692307692,0.0317919075144509,0,0.0573248407643312,0.0508474576271186,0.00694444444444444,0,0,0.143518518518519,0,0.0596026490066225,0.0324675324675325,0.0423280423280423,0,0.0737327188940092,0.00421052631578947,0.0359712230215827,0.0571428571428571,0.0393258426966292,0.00974025974025974,0.0398009950248756,0.0909090909090909,0.050314465408805,0.0921985815602837,0.0421052631578947,0.0376344086021505,0.053030303030303,0,0.146666666666667,0.0165745856353591,0,0,0,0.0601503759398496
"Insulin signaling pathway",0,0.12109375,0.0206185567010309,0.0125,0.0119760479041916,0.0165289256198347,0,0.036144578313253,0.0133928571428571,0.0186335403726708,0,0.145631067961165,0.126373626373626,0.0656934306569343,0.0863636363636364,0,0.137614678899083,0.0797546012269939,0,0.185,0.0194174757281553,0.0179640718562874,0.212871287128713,0,0.0177777777777778,0,0,0.106382978723404,0,0,0.134408602150538,0.0291666666666667,0.108647450110865,0.0488888888888889,0.0304347826086957,0.0670103092783505,0.0896057347670251,0.15609756097561,0.0186915887850467,0.00338983050847458,0.0426065162907268,0.110526315789474,0.0538116591928251,0.0693069306930693,0.0384615384615385,0,0,0.195530726256983,0,0.012987012987013,0.201298701298701,0.118032786885246,0.117647058823529,0.0823529411764706,0,0.0397877984084881,0.0653846153846154,0,0.0283400809716599,0.0711111111111111,0.15979381443299,0.043859649122807,0.109022556390977,0.0511945392491468,0.0253164556962025,0,0.12,0.109848484848485,0.120689655172414,0.144628099173554,0.187214611872146,0.00471698113207547,0.149171270718232,0,0.111607142857143,0.211267605633803,0,0.197604790419162,0.014018691588785,0.106617647058824,0.3,0.204419889502762,0.129129129129129,0.0167597765363128,0.0753205128205128,0.096,0.201149425287356,0.0242718446601942,0.017910447761194,0,0.0808510638297872,0.0892307692307692,0,0.0531914893617021,0.110759493670886,0,0.130232558139535,0,0.0368852459016393,0,0.145522388059701,0,0.0578231292517007,0.0490196078431373,0.0699300699300699,0,0.0229508196721311,0,0.04375,0.149171270718232,0,0.0895522388059701,0.0479041916167665,0.0871559633027523,0.0504201680672269,0.163841807909605,0,0.0703517587939698,0.0976430976430976,0.0493827160493827,0.12156862745098,0.0522875816993464,0.0207612456747405,0.121359223300971,0.0795918367346939,0.0591715976331361,0,0,0.0561056105610561,0,0.0200803212851406,0.133956386292835,0.0432900432900433,0.0895061728395062,0.091324200913242,0.0766283524904215,0,0.0663507109004739,0.0133333333333333,0.0522388059701493,0.0386740331491713,0.107476635514019,0,0,0.131578947368421,0.158823529411765,0.0970464135021097,0.137362637362637,0,0.226415094339623,0.0804597701149425,0,0,0.0119047619047619,0,0.0763358778625954,0,0.0648148148148148,0.0852534562211982,0.0228310502283105,0.0142857142857143,0,0.0328282828282828,0.00377358490566038,0.120622568093385,0.12972972972973,0.0195121951219512,0.0786163522012579,0.00983606557377049,0.00338983050847458,0,0,0,0.0741839762611276,0.0120481927710843,0.0727272727272727,0.028673835125448,0,0,0.0456989247311828,0.102310231023102,0.0702341137123746,0.0753138075313808,0,0.120689655172414,0.00454545454545455,0.0653846153846154,0.0677083333333333,0.0786026200873362,0.0507936507936508,0.0749279538904899,0.130268199233716,0.00394477317554241,0.0210526315789474,0.0735294117647059,0.1,0.0793650793650794,0.114478114478114,0.08,0.0448430493273543,0.00413223140495868,0.0818713450292398,0,0.135593220338983,0.0266666666666667,0.0126050420168067,0,0.016304347826087,0,0.0967741935483871,0,0.0266666666666667,0.0316901408450704,0.0561224489795918,0.005,0,0,0,0,0.0972972972972973,0.10410094637224,0.219251336898396,0.05,0.0172711571675302,0.165354330708661,0.0777777777777778,0,0.112994350282486,0.0941176470588235,0.0292397660818713,0.0864197530864197,0.0309734513274336,0.1440329218107,0,0.0159574468085106,0.027027027027027,0.106796116504854,0.0207612456747405,0.0819672131147541,0,0,0.0497925311203319,0.0588235294117647,0.0426829268292683,0.0112612612612613,0.209821428571429,0.112359550561798,0.0277777777777778,0.117073170731707,0.224043715846995,0.0119047619047619,0,0.015,0.174863387978142,0,0,0,0.0424242424242424
"Morphine addiction",0,0.0480349344978166,0,0.0710382513661202,0,0,0,0,0.512605042016807,0,0,0,0.0533333333333333,0.0745614035087719,0.116279069767442,0,0.0151515151515152,0,0,0.0734463276836158,0,0,0.03125,0.0177777777777778,0,0,0.0714285714285714,0.0931034482758621,0,0,0.0186335403726708,0,0.0413793103448276,0.105263157894737,0,0.0596026490066225,0.0663900414937759,0.0160427807486631,0,0,0.010958904109589,0,0.27891156462585,0,0.00701754385964912,0,0,0.0182926829268293,0,0.0208333333333333,0.0147058823529412,0.0103092783505155,0.0207612456747405,0,0,0.0615384615384615,0,0,0.0298507462686567,0.0319148936170213,0,0.131386861313869,0,0.0116279069767442,0,0,0.0116279069767442,0.108108108108108,0,0.116504854368932,0.0979381443298969,0,0,0,0.0860215053763441,0,0,0.0851063829787234,0.00591715976331361,0.0119521912350598,0.0050251256281407,0.0178571428571429,0.0751633986928105,0.0546875,0.0612244897959184,0,0,0,0,0,0.239520958083832,0.00326797385620915,0,0.0633802816901408,0.0857142857142857,0,0,0,0.138121546961326,0,0.0116731517509728,0,0.00763358778625954,0.128378378378378,0,0,0.0231660231660232,0,0.0169491525423729,0,0,0,0,0.0160427807486631,0.0201005025125628,0,0,0,0.107142857142857,0,0,0.014760147601476,0,0.0887573964497041,0,0,0,0,0,0,0.246987951807229,0.132142857142857,0.043010752688172,0.0812720848056537,0.0105263157894737,0,0,0.0075,0.0773809523809524,0.0173160173160173,0.00920245398773006,0.0919540229885057,0,0,0,0,0.0339805825242718,0.00628930817610063,0,0,0,0,0,0,0,0,0,0.122699386503067,0.00952380952380952,0.0993788819875776,0.106666666666667,0,0.0254957507082153,0.128865979381443,0,0,0,0.0102389078498294,0,0,0,0,0,0.0396039603960396,0,0.0161290322580645,0.348314606741573,0,0,0,0.062962962962963,0,0,0,0.0289855072463768,0,0.055045871559633,0,0,0.0106761565836299,0.0415335463258786,0,0,0.05,0.0289473684210526,0,0.076555023923445,0.163934426229508,0.205405405405405,0.0941176470588235,0.00512820512820513,0.0031055900621118,0,0.201086956521739,0,0,0,0.0687022900763359,0,0.0135135135135135,0,0,0.0837004405286344,0.103448275862069,0,0,0,0,0,0.0758620689655172,0.0594405594405594,0.0710059171597633,0,0.0284629981024668,0.0121951219512195,0,0,0.136363636363636,0,0,0.0238095238095238,0,0.166666666666667,0,0.0666666666666667,0.1,0,0,0.0796019900497512,0.0549199084668192,0.024,0.226190476190476,0.0180722891566265,0,0.00249376558603491,0,0.0202702702702703,0,0.00552486187845304,0.0172413793103448,0,0,0.106382978723404,0,0,0,0,0
"Glutathione metabolism",0.0263157894736842,0,0,0,0.0227272727272727,0,0,0,0,0,0,0.00641025641025641,0,0,0,0,0,0,0,0,0,0,0,0,0,0,0,0,0,0,0,0,0,0,0,0,0,0,0,0,0,0,0,0,0.0130841121495327,0,0,0,0,0,0,0,0,0,0,0,0,0,0,0,0,0,0,0,0,0,0.0956937799043062,0,0,0,0,0.0151515151515152,0,0,0,0,0,0,0,0,0,0,0,0,0.034965034965035,0,0,0,0,0,0,0,0,0,0,0,0,0,0,0,0,0,0,0,0,0,0,0,0,0,0,0.0711610486891386,0,0,0,0,0,0.175438596491228,0,0,0,0,0.00465116279069767,0,0,0,0,0.2,0,0,0,0,0,0.0745098039215686,0,0,0.0471698113207547,0,0,0,0,0,0,0,0,0,0,0,0,0,0,0,0,0,0,0,0,0,0,0,0.0634920634920635,0,0,0.016304347826087,0,0.0236220472440945,0,0.00763358778625954,0,0,0,0,0.189655172413793,0,0.0229885057471264,0,0,0,0,0,0,0,0,0,0,0,0,0,0,0,0,0,0.016548463356974,0,0,0,0,0,0,0,0,0,0,0,0,0,0,0,0.0380952380952381,0,0,0,0,0,0,0,0.196581196581197,0,0,0,0,0,0,0,0,0,0.0427350427350427,0,0.111111111111111,0,0,0,0,0,0,0,0,0,0,0,0,0,0,0,0.0192837465564738,0,0,0,0,0,0,0,0,0,0,0,0.203703703703704,0
"Pancreatic secretion",0,0.0675105485232067,0,0.0717948717948718,0,0.004739336492891,0,0,0.0662983425414365,0,0,0,0.0961538461538462,0.15695067264574,0.0962566844919786,0,0.014218009478673,0.0518518518518519,0,0.0518134715025907,0,0,0.0497512437810945,0,0.0714285714285714,0,0,0.111111111111111,0,0,0.0172413793103448,0,0.00431034482758621,0.195266272189349,0.0201005025125628,0.0297619047619048,0.148936170212766,0.0201005025125628,0.0280701754385965,0,0.013262599469496,0,0.116666666666667,0.0111111111111111,0.031634446397188,0.00523560209424084,0,0.0169491525423729,0.00381679389312977,0.0084985835694051,0,0.0233333333333333,0.0301003344481605,0.0125523012552301,0,0.0948012232415902,0,0,0.0328638497652582,0.035,0.0105820105820106,0.059016393442623,0.00384615384615385,0.0185873605947955,0,0,0.011070110701107,0.102127659574468,0.00444444444444444,0.08,0.102439024390244,0,0,0,0.0436893203883495,0.0181818181818182,0,0.0573248407643312,0.00549450549450549,0.0113636363636364,0.00471698113207547,0.0165745856353591,0.0555555555555556,0.034965034965035,0.0324149108589951,0.0126582278481013,0,0.023121387283237,0.00655737704918033,0,0.111111111111111,0.032258064516129,0,0.0789473684210526,0.0258899676375405,0,0.0195121951219512,0,0.111675126903553,0,0.00738007380073801,0,0.022140221402214,0.241379310344828,0,0,0.033457249070632,0,0,0.0175438596491228,0.0142857142857143,0.00303030303030303,0,0.0201005025125628,0,0,0.0564102564102564,0,0.00689655172413793,0,0,0.0140845070422535,0.0155642023346304,0.112994350282486,0.0248447204968944,0,0.00578034682080925,0,0.00350877192982456,0,0.111111111111111,0.0749185667752443,0.050761421319797,0.042483660130719,0.0353535353535354,0.0291666666666667,0,0.00970873786407767,0.154761904761905,0.0598290598290598,0.00884955752212389,0.115384615384615,0,0,0.00555555555555556,0,0.0462962962962963,0.0116959064327485,0,0.00892857142857143,0,0,0,0,0.0769230769230769,0,0.0894308943089431,0.12,0.00229357798165138,0.210191082802548,0.201342281879195,0,0.0135135135135135,0.0403587443946188,0,0,0.00574712643678161,0.0404040404040404,0,0,0,0,0,0.0282131661442006,0,0.0520833333333333,0.0858369098712446,0.092436974789916,0,0.0056657223796034,0.0135135135135135,0,0,0,0.0970873786407767,0,0.051948051948052,0,0.00471698113207547,0.027681660899654,0.0303951367781155,0.0116279069767442,0.00635593220338983,0,0.0150753768844221,0,0.166666666666667,0.0683453237410072,0.0582959641255605,0.317880794701987,0.00480769230769231,0.0120481927710843,0,0.0684931506849315,0,0,0,0.0132450331125828,0,0.0170940170940171,0,0.0207253886010363,0.0836820083682008,0.0949367088607595,0,0,0,0,0,0.0764331210191083,0.0748299319727891,0.0486486486486487,0,0.00180505415162455,0.0155038759689922,0.0260869565217391,0.0705128205128205,0.065359477124183,0.00823045267489712,0,0.0923076923076923,0,0.0844444444444444,0,0.189393939393939,0.0684931506849315,0,0,0.100478468899522,0.0171673819742489,0.0601503759398496,0.0682926829268293,0.00552486187845304,0.00325732899022801,0.0146699266503667,0,0.025,0,0.0103626943005181,0.0160427807486631,0,0,0.119205298013245,0,0.024390243902439,0,0,0
"cAMP signaling pathway",0,0.0964912280701754,0.0185185185185185,0.0781758957654723,0,0.0214067278287462,0,0,0.0714285714285714,0,0,0.0983050847457627,0.153543307086614,0.241830065359477,0.147368421052632,0,0.0769230769230769,0,0,0.120689655172414,0.0205479452054795,0.0117647058823529,0.102649006622517,0.106382978723404,0.0931034482758621,0,0.111111111111111,0,0,0.00191204588910134,0.0602836879432624,0.0339506172839506,0.0537634408602151,0.2,0.0317460317460317,0.175298804780877,0.236593059936909,0.0833333333333333,0.0246913580246914,0.00523560209424084,0.0792291220556745,0.0602836879432624,0.166064981949458,0.0305084745762712,0.0645645645645646,0.00319488817891374,0,0.102189781021898,0.00260416666666667,0.00843881856540084,0.0540540540540541,0.0943877551020408,0.105398457583548,0.0963855421686747,0,0.142857142857143,0.0549132947976879,0,0.0754716981132075,0.0822368421052632,0.0905923344947735,0.155844155844156,0.0521978021978022,0.0476190476190476,0.0216049382716049,0.00326797385620915,0.0448548812664908,0.161585365853659,0.0909090909090909,0.158730158730159,0.187713310580205,0,0.0422535211267606,0,0.112211221122112,0.134426229508197,0,0.0827067669172932,0.023489932885906,0.0988700564971751,0.0876623376623377,0.0588235294117647,0.118072289156627,0.0546875,0.103197674418605,0.0710059171597633,0.0879120879120879,0.0135593220338983,0.0387409200968523,0,0.159322033898305,0.102244389027431,0.00749063670411985,0.0553505535055351,0.0975,0.0138888888888889,0.107023411371237,0,0.118032786885246,0,0.0646900269541779,0,0.0527704485488127,0.152671755725191,0.0341207349081365,0.010752688172043,0.0498687664041995,0,0.0365853658536585,0.0882352941176471,0,0.0658823529411765,0.0193798449612403,0.0726072607260726,0.0464396284829721,0.0690909090909091,0.00613496932515337,0.0451388888888889,0.121951219512195,0,0.050561797752809,0.0704960835509138,0.0407608695652174,0.151624548736462,0.0730434782608696,0.0229885057471264,0.0102389078498294,0,0.0708661417322835,0,0.106796116504854,0.144303797468354,0.0444444444444444,0.127877237851662,0.0721311475409836,0.0821114369501466,0,0.0326295585412668,0.0859106529209622,0.0755813953488372,0.0380313199105145,0.132404181184669,0,0,0.0938628158844765,0.0634328358208955,0.10126582278481,0.0885608856088561,0,0.0577507598784195,0.0335195530726257,0,0,0,0.0072992700729927,0.0422535211267606,0,0.0816326530612245,0.0587121212121212,0.168539325842697,0.118959107806691,0,0.0529661016949153,0.0535714285714286,0.0444444444444444,0.0531914893617021,0.03125,0.0775,0.00763358778625954,0,0,0,0,0.108374384236453,0,0.0485436893203883,0.0806916426512968,0.008,0.00784313725490196,0.0553097345132743,0.0904392764857881,0.0434782608695652,0.0917721518987342,0,0.115384615384615,0.00980392156862745,0.0863095238095238,0,0.0737179487179487,0.0475,0.0573394495412844,0.0880681818181818,0.0153061224489796,0.0254545454545455,0.0669371196754564,0.0576923076923077,0.142857142857143,0.126344086021505,0.154838709677419,0.126315789473684,0.00914634146341463,0.0904761904761905,0.00699300699300699,0.15210355987055,0.0357142857142857,0.00920245398773006,0,0.122448979591837,0,0.0619469026548673,0.00694444444444444,0.0459016393442623,0.133928571428571,0.138996138996139,0.0140350877192982,0,0,0,0,0.0898876404494382,0.152631578947368,0.112676056338028,0.042483660130719,0.0288753799392097,0.0463215258855586,0.0554323725055432,0,0.158536585365854,0.0857988165680473,0,0.0731707317073171,0.0321543408360129,0.115853658536585,0,0.0730769230769231,0.0692307692307692,0.0711864406779661,0.0105540897097625,0.124600638977636,0.128787878787879,0.00381679389312977,0.0791139240506329,0.0704225352112676,0.0436893203883495,0.0366795366795367,0.0621301775147929,0.0711610486891386,0,0.0931034482758621,0.0909090909090909,0.0078125,0,0.106463878326996,0.0706713780918728,0,0,0,0.00386100386100386
"Tyrosine metabolism",0,0,0,0,0,0,0,0,0,0,0,0,0,0,0.0223880597014925,0.024390243902439,0,0,0,0,0,0,0,0,0,0,0,0,0,0,0,0,0,0,0,0.0396039603960396,0,0,0,0,0,0,0,0,0,0,0.0547945205479452,0,0,0,0,0,0,0,0,0,0,0.0684931506849315,0,0,0,0,0,0,0,0,0,0,0,0,0,0,0,0.0206185567010309,0,0,0,0,0,0,0,0,0,0,0,0,0.00943396226415094,0,0,0,0,0,0.0972222222222222,0,0,0,0,0,0,0,0,0.0158730158730159,0,0,0.00492610837438424,0,0,0,0,0,0.0136986301369863,0,0,0,0,0,0,0,0.0181818181818182,0,0,0,0,0,0,0,0,0.135416666666667,0,0,0,0,0,0,0,0,0.0602409638554217,0,0,0,0,0,0,0,0,0,0,0,0,0,0.0404624277456647,0.0579710144927536,0.0833333333333333,0,0,0,0,0,0,0,0.00909090909090909,0,0.00986842105263158,0,0,0,0,0,0,0,0.0535714285714286,0,0.0952380952380952,0,0,0,0,0,0.0806451612903226,0,0,0,0,0,0,0,0,0.10752688172043,0,0,0,0,0,0,0,0,0,0,0.037037037037037,0,0,0,0,0,0,0,0,0.0493827160493827,0.0617283950617284,0,0,0,0,0,0,0,0,0.0943396226415094,0,0,0,0,0,0,0,0,0,0,0,0,0,0,0,0,0,0,0,0,0,0,0,0.0202702702702703,0,0,0,0,0,0.0921052631578947,0,0,0,0,0,0,0,0,0,0
"Cytokine-cytokine receptor interaction",0,0.00675675675675676,0.0677570093457944,0.0100250626566416,0,0.0855614973262032,0,0,0,0,0,0.00253164556962025,0,0,0,0,0.0174563591022444,0,0,0,0.0632183908045977,0.00609756097560976,0,0,0,0,0,0.00191204588910134,0,0,0,0.0795755968169761,0.0766721044045677,0,0.0127551020408163,0,0,0,0.0563991323210412,0.00662251655629139,0.00875656742556918,0,0,0,0.0116580310880829,0,0,0,0,0.0166358595194085,0.00290697674418605,0,0.0120967741935484,0.0234741784037559,0,0.00363636363636364,0.0658536585365854,0,0.00485436893203883,0.0664893617021277,0.0131578947368421,0.0381526104417671,0.0270880361173815,0,0,0.00797872340425532,0.0107991360691145,0,0.0218978102189781,0,0.0144927536231884,0.00810810810810811,0.0137741046831956,0,0,0.0072289156626506,0.0025062656641604,0,0.0357142857142857,0.0573394495412844,0.00742574257425743,0.00531914893617021,0.00941619585687382,0,0.0792207792207792,0.0260047281323877,0.010958904109589,0,0.0245398773006135,0,0,0.0775681341719078,0,0,0.0449897750511247,0.0930930930930931,0.0280612244897959,0,0.00242718446601942,0,0,0,0.0852534562211982,0,0.28021978021978,0.0290697674418605,0,0,0,0.00821917808219178,0,0,0,0,0.0406091370558376,0.00826446280991736,0,0.00539083557951483,0,0,0.00224719101123596,0.0126050420168067,0.0133630289532294,0,0.0102639296187683,0.0029585798816568,0.00546448087431694,0,0.0714285714285714,0,0,0.0826446280991736,0.0442708333333333,0.001953125,0.0283505154639175,0.0475059382422803,0,0.00328947368421053,0,0,0.0592885375494071,0.0101781170483461,0,0,0.0135135135135135,0,0.00478468899521531,0.0166204986149584,0,0.00478468899521531,0.0702179176755448,0,0,0,0,0.04,0,0,0.0327332242225859,0,0,0.0238805970149254,0,0,0.0112866817155756,0,0.0193370165745856,0.0100401606425703,0,0.00662251655629139,0,0,0,0.044,0,0,0,0,0,0.0166666666666667,0.0669546436285097,0.0714285714285714,0.0583756345177665,0.0369230769230769,0.00238663484486874,0.0642458100558659,0,0,0.0882352941176471,0,0.00376647834274953,0.0178970917225951,0.0045045045045045,0,0.0292598967297762,0.0505747126436782,0,0.152582159624413,0,0,0.0746666666666667,0.00378787878787879,0,0.00705882352941176,0.0426666666666667,0,0,0,0,0.0640394088669951,0.00835654596100279,0.0051413881748072,0,0,0.00557103064066852,0,0,0,0.0674846625766871,0,0.00790513833992095,0,0,0,0.00440528634361234,0.0166975881261596,0,0,0.035377358490566,0,0,0.0856353591160221,0.0022883295194508,0,0,0.00574712643678161,0.0104166666666667,0.0435779816513761,0,0.0151975683890578,0.0307692307692308,0,0.0301369863013699,0.0436590436590437,0,0.0237529691211401,0,0,0,0,0,0.335570469798658,0,0.0135135135135135,0,0,0,0
"Non-small cell lung cancer",0,0.13265306122449,0.0220264317180617,0,0,0.0111731843575419,0,0,0.0188679245283019,0,0,0.276119402985075,0.102362204724409,0.0271493212669683,0.0674846625766871,0,0.150943396226415,0,0,0.264705882352941,0,0.0294117647058824,0.0169491525423729,0.134408602150538,0.0186335403726708,0,0.0172413793103448,0.0602836879432624,0,0,0,0.0581395348837209,0.10126582278481,0.0178571428571429,0,0.0215827338129496,0.0391304347826087,0.194444444444444,0.00769230769230769,0.0596330275229358,0.0446428571428571,0.403846153846154,0.0303030303030303,0.0559440559440559,0.0392523364485981,0,0,0.475247524752475,0,0.015625,0.0810810810810811,0.121951219512195,0.154166666666667,0.076530612244898,0,0.0380952380952381,0.115789473684211,0,0.0738636363636364,0.0731707317073171,0.311475409836066,0.0354609929078014,0.055045871559633,0.0125,0.0348837209302326,0,0.259067357512953,0.0654205607476635,0.140350877192982,0.121693121693122,0.174698795180723,0.0882352941176471,0.0514705882352941,0,0.101796407185629,0.176829268292683,0,0.115702479338843,0.0201342281879195,0.204081632653061,0.0769230769230769,0.330434782608696,0.126811594202899,0,0.12430426716141,0.148351648351648,0.220338983050847,0.0354609929078014,0.018450184501845,0,0.111764705882353,0.0988593155893536,0,0.108333333333333,0.104247104247104,0.0072463768115942,0.105590062111801,0,0.0804597701149425,0,0.0900900900900901,0,0.0982142857142857,0.0205479452054795,0.105504587155963,0.0078125,0.0206611570247934,0,0,0.243478260869565,0,0.111111111111111,0.25,0.124183006535948,0.0511363636363636,0.247787610619469,0,0.165354330708661,0.0481927710843374,0,0.23463687150838,0.0753138075313808,0.0222222222222222,0.0921052631578947,0.0569476082004556,0.252747252747253,0.0141843971631206,0,0.0365853658536585,0,0.0271739130434783,0.15,0.0602409638554217,0.142857142857143,0.167785234899329,0.0746268656716418,0,0.10632183908046,0.00617283950617284,0.0637254901960784,0.0542372881355932,0.075,0,0,0.376146788990826,0.434782608695652,0.140350877192982,0.213675213675214,0,0.0714285714285714,0.0235849056603774,0,0,0,0,0.107142857142857,0,0.10738255033557,0.0884718498659517,0.0192307692307692,0.0206896551724138,0,0.0207715133531157,0.005,0.259887005649718,0.190082644628099,0.0285714285714286,0.0490566037735849,0.00829875518672199,0,0,0,0,0.112359550561798,0,0.0754716981132075,0.0230414746543779,0,0,0.0553745928338762,0.139830508474576,0.0625,0.0726256983240224,0,0.189024390243902,0,0.0143540669856459,0,0.0833333333333333,0.0813008130081301,0.0198675496688742,0.16751269035533,0.0160183066361556,0.0078125,0.0906432748538012,0.208333333333333,0.050761421319797,0.122362869198312,0.0459183673469388,0.0181818181818182,0.0348837209302326,0.0854092526690391,0,0.127777777777778,0.0375,0,0,0,0,0.137362637362637,0,0.031055900621118,0.0704225352112676,0,0.0708661417322835,0,0,0,0,0.179487179487179,0.108949416342412,0.108843537414966,0.238805970149254,0,0.126829268292683,0.059016393442623,0,0.0819672131147541,0.0541871921182266,0,0.144329896907216,0.0120481927710843,0.0597014925373134,0,0.024390243902439,0,0.172661870503597,0.0087719298245614,0.0698924731182796,0,0.0280373831775701,0.0681818181818182,0.0134228187919463,0.121457489878543,0.0158730158730159,0.197674418604651,0.231481481481481,0,0.163120567375887,0.292682926829268,0,0,0,0.401869158878505,0,0,0,0
"Th17 cell differentiation",0,0.015748031496063,0.072,0.00469483568075117,0,0.0432692307692308,0,0,0,0,0,0.0561224489795918,0.0414201183431953,0.0233463035019455,0.00961538461538462,0,0.0631067961165049,0,0,0.0612244897959184,0.0838323353293413,0.0217391304347826,0.023696682464455,0.0291666666666667,0,0,0,0.0339506172839506,0,0.0795755968169761,0.0581395348837209,0,0.0489977728285078,0,0.00970873786407767,0.0409356725146199,0.0377358490566038,0.0505050505050505,0.0875912408759124,0.0152091254752852,0.0431266846361186,0.0111111111111111,0.0147783251231527,0,0.034965034965035,0,0,0.0220994475138122,0.0592885375494071,0.019774011299435,0.0469798657718121,0.0196078431372549,0.0398671096345515,0.127853881278539,0,0.0254237288135593,0.127272727272727,0,0.0227272727272727,0.171270718232044,0.0769230769230769,0.0154798761609907,0.0682730923694779,0.0182481751824818,0.0288461538461538,0.111111111111111,0.0371747211895911,0.0476190476190476,0.209424083769634,0.029045643153527,0.0794392523364486,0,0.111801242236025,0,0.0526315789473684,0.080188679245283,0.076530612244898,0.00588235294117647,0.236842105263158,0.147679324894515,0.0531400966183575,0.05,0.0389221556886228,0,0.088135593220339,0.0560344827586207,0.104294478527607,0.00552486187845304,0.0721649484536082,0,0.0180995475113122,0.120689655172414,0,0.0119760479041916,0.110344827586207,0.3671875,0.156756756756757,0,0.032258064516129,0,0.0296296296296296,0,0.132530120481928,0,0.121457489878543,0.03125,0.0520446096654275,0,0,0.028735632183908,0,0.0599369085173502,0.0354609929078014,0.0196078431372549,0.220994475138122,0.0792682926829268,0,0.010989010989011,0.00677966101694915,0,0.0198412698412698,0.0353356890459364,0.0513833992094862,0.0520833333333333,0.037344398340249,0.0135135135135135,0.0914634146341463,0,0.164,0,0.0321100917431193,0.0876623376623377,0.0341463414634146,0.0553745928338762,0.147540983606557,0.166666666666667,0,0.0169082125603865,0.00505050505050505,0.0201612903225806,0.0877742946708464,0.0612244897959184,0,0,0.120481927710843,0.0120481927710843,0.05,0.072289156626506,0,0.00434782608695652,0.0675105485232067,0,0,0.00714285714285714,0,0.0585774058577406,0,0.0100502512562814,0.0255220417633411,0,0,0.140740740740741,0.0106382978723404,0,0.048582995951417,0.0227272727272727,0.0909090909090909,0.0501672240802676,0.0182481751824818,0.0637450199203187,0,0,0,0.206521739130435,0,0.00485436893203883,0.036144578313253,0,0,0.0619469026548673,0.133828996282528,0.119230769230769,0.0909090909090909,0.138461538461538,0.0405405405405405,0.0491803278688525,0.0464135021097046,0,0.112244897959184,0.0342465753424658,0.0147492625368732,0.0946502057613169,0.0212765957446809,0,0.0763157894736842,0.0551181102362205,0.0125,0.0522648083623693,0.0478260869565217,0,0.0646766169154229,0.00589970501474926,0,0.081447963800905,0.553846153846154,0,0,0.0193548387096774,0,0.0752212389380531,0.00581395348837209,0.0306122448979592,0.0114942528735632,0.0289017341040462,0,0,0,0,0.135714285714286,0.0116279069767442,0.0255591054313099,0.0153061224489796,0.0466321243523316,0,0.0190839694656489,0.0652818991097923,0,0,0.0822510822510823,0,0.0137931034482759,0.139664804469274,0.0289256198347107,0,0,0,0.275641025641026,0.0230769230769231,0.0262008733624454,0,0.020979020979021,0.00900900900900901,0.0935672514619883,0.150735294117647,0.00961538461538462,0.0803571428571429,0.0833333333333333,0,0.111111111111111,0.0540540540540541,0,0.0346534653465347,0,0.0941176470588235,0,0,0,0.0141843971631206
"PI3K-Akt signaling pathway",0,0.108459869848156,0.0482897384305835,0.054176072234763,0,0.0217391304347826,0,0,0.0415704387990762,0.00258397932816537,0,0.170483460559796,0.0238663484486874,0.075,0.0404494382022472,0,0.107981220657277,0.0126582278481013,0,0.0872641509433962,0.0457831325301205,0.012853470437018,0.0492170022371365,0.108647450110865,0.0413793103448276,0,0.00431034482758621,0.0537634408602151,0,0.0766721044045677,0.10126582278481,0.0489977728285078,0,0.0267857142857143,0.0597701149425287,0.0261904761904762,0.051792828685259,0.0924170616113744,0.0637065637065637,0.0612244897959184,0.040650406504065,0.150793650793651,0.0479452054794521,0.0304449648711944,0.0292326431181486,0.00671140939597315,0,0.0977443609022556,0.0296442687747036,0.0182421227197347,0.0354430379746835,0.255555555555556,0.123015873015873,0.0706638115631692,0,0.096085409252669,0.125842696629213,0,0.0257510729613734,0.0714285714285714,0.0951219512195122,0.0819366852886406,0.0527383367139959,0.0330097087378641,0.0174291938997821,0.00681818181818182,0.0835030549898167,0.0360721442885772,0.107551487414188,0.08207343412527,0.1,0.0429594272076372,0.0485436893203883,0,0.0464601769911504,0.0954545454545455,0.00215982721382289,0.06265664160401,0.027972027972028,0.156387665198238,0.0953488372093023,0.16010498687664,0.244813278008299,0.0175438596491228,0.264124293785311,0.0802603036876356,0.0771144278606965,0.0116279069767442,0.0347985347985348,0,0.114219114219114,0.105162523900574,0,0.0368550368550369,0.131889763779528,0.0214797136038186,0.0565610859728507,0,0.0483516483516484,0.00257731958762887,0.0814663951120163,0,0.0940695296523517,0.0022883295194508,0.164835164835165,0.0145631067961165,0.0151515151515152,0,0.0051413881748072,0.0719602977667494,0,0.0670289855072464,0.0363636363636364,0.0453514739229025,0.0821917808219178,0.094147582697201,0,0.0555555555555556,0.076320939334638,0.00767263427109974,0.130820399113082,0.0520231213872832,0.0318091451292246,0.0317460317460317,0.0472878998609179,0.0522193211488251,0.0140845070422535,0,0.0645792563600783,0,0.0436681222707424,0.192697768762677,0.0839160839160839,0.126953125,0.0919811320754717,0.0609243697478992,0,0.103109656301146,0.00221729490022173,0.026369168356998,0.0771992818671454,0.0244444444444444,0,0,0.0947630922693267,0.0878552971576227,0.0975056689342404,0.0694789081885856,0.16839378238342,0.141509433962264,0.0630252100840336,0,0,0.012853470437018,0,0.0652631578947368,0,0.0484988452655889,0.301498127340824,0.0275229357798165,0.0282352941176471,0.00742574257425743,0.00635930047694754,0,0.130242825607064,0.0852130325814536,0.0188235294117647,0.0461254612546125,0.0114068441064639,0.015625,0.00260416666666667,0,0,0.0973782771535581,0.00512820512820513,0.0199556541019956,0.0407331975560081,0,0,0.0478632478632479,0.1625,0.098989898989899,0.0736607142857143,0.0100755667506297,0.0731707317073171,0.0470588235294118,0.050314465408805,0.0117924528301887,0.0953488372093023,0.0511363636363636,0.0473684210526316,0.0857740585774059,0.0124309392265193,0.00966183574879227,0.194945848375451,0.157777777777778,0.0122448979591837,0.10337972166998,0.10762331838565,0.00219298245614035,0.0218818380743982,0.16015625,0,0.152224824355972,0.0364464692482916,0.0356347438752784,0,0.0326633165829146,0.0024330900243309,0.0853391684901532,0,0.0201793721973094,0.0508130081300813,0.00232558139534884,0.00710900473933649,0,0,0,0.0147783251231527,0.0491400491400491,0.193347193347193,0.113300492610837,0.140350877192982,0.0037037037037037,0.108742004264392,0.0588235294117647,0,0.0318627450980392,0.0679405520169851,0,0.0443864229765013,0.0316027088036117,0.0865800865800866,0,0.00241545893719807,0.00975609756097561,0.0787589498806683,0.0421686746987952,0.0539956803455724,0.0223463687150838,0.0126903553299492,0.0553097345132743,0.0185185185185185,0.107632093933464,0.0166163141993958,0.127562642369021,0.0656565656565657,0.00491400491400491,0.0760095011876485,0.0980392156862745,0,0.0176211453744493,0.0264423076923077,0.0893300248138958,0,0,0,0.00763358778625954
"Aldosterone synthesis and secretion",0,0.0739130434782609,0.0158102766798419,0.0972972972972973,0,0,0,0,0.113095238095238,0,0,0.0425531914893617,0.222222222222222,0.298969072164948,0.24375,0,0.04,0,0,0.0706521739130435,0,0,0.191860465116279,0.0488888888888889,0.105263157894737,0,0.195266272189349,0.2,0,0,0.0178571428571429,0,0.0267857142857143,0,0.0260416666666667,0.237037037037037,0.269230769230769,0.0154639175257732,0.025,0,0.0561797752808989,0,0.266233766233766,0,0.0487364620938628,0,0,0.115384615384615,0.00390625,0.00286532951289398,0.0283687943262411,0.0100671140939597,0.0449826989619377,0.00425531914893617,0,0.169435215946844,0,0,0.014218009478673,0.0414507772020725,0,0.0856164383561644,0.00393700787401575,0.0190114068441065,0.00495049504950495,0.00561797752808989,0.0113207547169811,0.222222222222222,0,0.203045685279188,0.215469613259669,0,0.00598802395209581,0.032051282051282,0.0609137055837563,0.0634146341463415,0,0.0810810810810811,0.00568181818181818,0.0524193548387097,0.050761421319797,0.0171428571428571,0.0402476780185759,0.109375,0.0587248322147651,0.0173913043478261,0,0.0239520958083832,0,0,0.236994219653179,0.0644067796610169,0,0.0896551724137931,0.0506756756756757,0,0.0518134715025907,0,0.203389830508475,0,0.0152091254752852,0,0.00743494423791822,0.32824427480916,0,0,0.0542635658914729,0,0.0583333333333333,0,0,0.0093167701863354,0,0.0207253886010363,0.00478468899521531,0,0,0,0.0874524714828897,0,0,0.0180505415162455,0.02,0.264900662251656,0.0426439232409382,0,0,0,0.0447761194029851,0,0.138297872340426,0.148936170212766,0.0748663101604278,0.106007067137809,0.0473684210526316,0.0211864406779661,0,0.00985221674876847,0.139393939393939,0.0476190476190476,0.0120481927710843,0.22360248447205,0,0,0,0,0.042654028436019,0.00602409638554217,0,0.0377358490566038,0,0,0,0,0,0,0,0.151515151515152,0.0261904761904762,0.362962962962963,0.320610687022901,0,0.0573065902578797,0.0511627906976744,0,0,0,0.0448275862068966,0.0075187969924812,0,0,0,0,0.0733333333333333,0,0.0949720670391061,0.138248847926267,0,0,0,0.03886925795053,0,0.0483091787439614,0,0.0891089108910891,0,0.123222748815166,0,0,0.0246478873239437,0.0776699029126214,0.0450819672131148,0.00428265524625268,0.0198675496688742,0.0418848167539267,0.00784313725490196,0.214659685863874,0.0659340659340659,0.210526315789474,0.286666666666667,0.00495049504950495,0,0,0.14,0,0,0,0.113636363636364,0,0.0131004366812227,0,0,0.290816326530612,0.227941176470588,0,0,0,0,0,0.13986013986014,0.099290780141844,0.139393939393939,0,0.0300187617260788,0.0118577075098814,0.0235294117647059,0,0.113475177304965,0.0301724137931034,0,0.088,0,0.14975845410628,0.0205479452054795,0.208,0.145038167938931,0,0,0.108910891089109,0.00862068965517241,0.0714285714285714,0.109375,0.0414201183431953,0,0.0328282828282828,0,0.0193548387096774,0,0.00531914893617021,0.0395480225988701,0,0,0.481818181818182,0,0,0,0,0.00763358778625954
"Hypertrophic cardiomyopathy",0,0.00404858299595142,0.00389105058365759,0.773913043478261,0,0.0197044334975369,0,0,0.0217391304347826,0,0,0.00510204081632653,0.00606060606060606,0.187793427230047,0.0050251256281407,0,0.0145631067961165,0,0,0.0050761421319797,0.00588235294117647,0,0.0351758793969849,0.0304347826086957,0,0,0.0201005025125628,0.0317460317460317,0,0.0127551020408163,0,0.00970873786407767,0.0597701149425287,0.0260416666666667,0,0.0120481927710843,0.0474308300395257,0,0.00699300699300699,0.0118110236220472,0.021680216802168,0.00584795321637427,0.0208333333333333,0.0290697674418605,0.0192644483362522,0,0,0.00574712643678161,0.036144578313253,0.00285714285714286,0.020979020979021,0.0981818181818182,0.0448275862068966,0.0304347826086957,0,0.0382352941176471,0.00421940928270042,0,0.0238095238095238,0.0306122448979592,0.0163934426229508,0.0159744408945687,0.040650406504065,0.0466926070038911,0,0.00558659217877095,0.0189393939393939,0.133928571428571,0.00454545454545455,0,0.0231481481481481,0.00578034682080925,0.0496894409937888,0,0.00478468899521531,0,0,0.0522875816993464,0.0348837209302326,0.0194552529182879,0.0505050505050505,0.0112994350282486,0.00297619047619048,0,0.025974025974026,0.0173160173160173,0,0,0.0168350168350168,0,0.018957345971564,0.00638977635782748,0,0.0127388535031847,0.00321543408360129,0.03125,0.0099009900990099,0,0,0,0.0075187969924812,0,0.0149253731343284,0.0115606936416185,0.0037593984962406,0.0130718954248366,0,0,0,0.0180722891566265,0,0,0.00740740740740741,0,0.0394088669950739,0,0,0,0,0,0.0040650406504065,0.00354609929078014,0.0281124497991968,0.0212765957446809,0.0208333333333333,0,0.141891891891892,0,0.0181159420289855,0,0.00938967136150235,0.0124610591900312,0.0358974358974359,0.0129032258064516,0.0362694300518135,0.0297872340425532,0,0.00982800982800983,0,0.0125,0.00898203592814371,0.0050761421319797,0,0,0.0173410404624277,0,0.00454545454545455,0.00598802395209581,0.139393939393939,0.0375586854460094,0.0384615384615385,0,0,0,0,0.00413223140495868,0,0,0.0562347188264059,0.0277777777777778,0,0.0140845070422535,0,0,0.0121951219512195,0,0,0.0340136054421769,0,0.0321285140562249,0.00826446280991736,0,0,0.0157232704402516,0,0,0.0163934426229508,0,0,0.0144927536231884,0.00340136054421769,0.0144404332129964,0.013953488372093,0.0072992700729927,0.0424528301886792,0.00552486187845304,0.00421940928270042,0,0.00970873786407767,0.0138888888888889,0.0276923076923077,0.0199203187250996,0.00858369098712446,0,0.0668449197860963,0.00389105058365759,0.026431718061674,0,0.00873362445414847,0.00518134715025907,0.00492610837438424,0.0746753246753247,0,0.0132743362831858,0,0,0,0,0.00675675675675676,0.00431034482758621,0,0.0158730158730159,0.0200803212851406,0.0434782608695652,0,0,0,0,0.0275862068965517,0.025,0.019672131147541,0.0441988950276243,0.0434782608695652,0.00548446069469835,0.0158102766798419,0.0174927113702624,0,0,0.0434782608695652,0,0.00735294117647059,0.0104166666666667,0.0622222222222222,0,0.0201342281879195,0.00666666666666667,0,0.0199203187250996,0.0273972602739726,0.00428265524625268,0.0149253731343284,0.019047619047619,0.023121387283237,0.00664451827242525,0,0.0545454545454545,0,0,0,0,0,0.0101522842639594,0.0314465408805031,0.0173410404624277,0,0,0,0.0555555555555556
"Amphetamine addiction",0,0.013953488372093,0.0178571428571429,0.0419161676646707,0,0.0114285714285714,0,0,0.0604026845637584,0,0,0.050314465408805,0.346534653465347,0.167539267015707,0.172413793103448,0,0.0406976744186047,0,0,0.0434782608695652,0,0,0.205479452054795,0.0670103092783505,0.0596026490066225,0,0.0297619047619048,0.175298804780877,0.0396039603960396,0,0.0215827338129496,0.0409356725146199,0.0261904761904762,0.237037037037037,0.0120481927710843,0,0.135265700483092,0.0306748466257669,0.00389105058365759,0.00888888888888889,0.084375,0,0.238805970149254,0,0.0656370656370656,0,0.0185185185185185,0.115384615384615,0,0,0.0175438596491228,0.0264150943396226,0.05,0.00975609756097561,0,0.117647058823529,0.00970873786407767,0.0277777777777778,0.0164835164835165,0.0177514792899408,0.012987012987013,0.0249110320284698,0.0134529147982063,0.0213675213675214,0.0116279069767442,0.00671140939597315,0.0127118644067797,0.166666666666667,0.0380434782608696,0.130434782608696,0.123529411764706,0,0,0,0.0227272727272727,0.08,0,0.0564516129032258,0.0206896551724138,0.0691244239631336,0.0658682634730539,0.0205479452054795,0.0549828178694158,0.107843137254902,0.0397236614853195,0.0148514851485149,0.0144927536231884,0,0.00740740740740741,0,0.141975308641975,0.0754716981132075,0,0.0573770491803279,0.0641509433962264,0.00746268656716418,0.0807453416149068,0,0.115151515151515,0,0.0127659574468085,0.0104166666666667,0.00833333333333333,0.150793650793651,0,0,0.0752212389380531,0,0.0769230769230769,0.0072463768115942,0.00943396226415094,0.00680272108843537,0,0.0181818181818182,0,0,0,0,0.218009478672986,0,0.00930232558139535,0.0411522633744856,0.0272727272727273,0.157142857142857,0.0454545454545455,0,0,0.0142857142857143,0.0726495726495727,0,0.163522012578616,0.113207547169811,0.0424242424242424,0.083969465648855,0.0179640718562874,0.0495049504950495,0,0.016,0.0324675324675325,0.0703517587939698,0.0165562913907285,0.150684931506849,0,0,0,0,0.0159574468085106,0.0072992700729927,0,0.0437158469945355,0.00471698113207547,0,0,0,0,0,0,0.0592105263157895,0.0334190231362468,0.192307692307692,0.142857142857143,0,0.0759493670886076,0.00510204081632653,0,0,0.00719424460431655,0.0378787878787879,0.00843881856540084,0,0,0,0,0.0772058823529412,0,0.0636942675159236,0.0634146341463415,0,0,0.00628930817610063,0.06,0.0120967741935484,0.0681818181818182,0,0.0437158469945355,0,0.124324324324324,0,0.0113636363636364,0.0194552529182879,0.0446735395189003,0.0813397129186603,0.0304449648711944,0.0245901639344262,0.0482954545454545,0,0.109289617486339,0.0194552529182879,0.358108108108108,0.100671140939597,0.00578034682080925,0.0100671140939597,0.0155038759689922,0.0994475138121547,0.0451612903225806,0.0177514792899408,0,0.421686746987952,0.0170940170940171,0.041025641025641,0,0,0.103448275862069,0.169491525423729,0,0,0,0.0224719101123595,0,0.0387596899224806,0.056390977443609,0.111888111888112,0,0.0276679841897233,0.0133928571428571,0.00314465408805031,0,0.040650406504065,0.0447761194029851,0,0.0288461538461538,0.0186335403726708,0.0609137055837563,0,0.0608695652173913,0.0431034482758621,0.0460526315789474,0.0134529147982063,0.0427807486631016,0.0305164319248826,0.029126213592233,0.0887573964497041,0.0652173913043478,0.0111111111111111,0.043956043956044,0.00497512437810945,0.0661157024793388,0,0.0526315789473684,0.054421768707483,0,0,0.145299145299145,0.0138888888888889,0,0,0,0.00980392156862745
"cGMP-PKG signaling pathway",0,0.105263157894737,0.0220125786163522,0.092741935483871,0,0.0148148148148148,0,0,0.0669456066945607,0.00523560209424084,0,0.0731707317073171,0.159203980099502,0.316872427983539,0.155844155844156,0,0.0415094339622641,0,0,0.0728744939271255,0,0,0.142259414225941,0.0896057347670251,0.0663900414937759,0,0.148936170212766,0.236593059936909,0,0,0.0391304347826087,0.0377358490566038,0.051792828685259,0.269230769230769,0.0474308300395257,0.135265700483092,0,0.0311284046692607,0.0380116959064327,0,0.0802919708029197,0.0391304347826087,0.158590308370044,0.00411522633744856,0.0691927512355848,0.00793650793650794,0,0.066079295154185,0,0.00239808153477218,0.0492610837438424,0.0603448275862069,0.0511363636363636,0.0482758620689655,0,0.2,0.0132890365448505,0,0.0291970802919708,0.0674603174603175,0.0411522633744856,0.129032258064516,0.0253968253968254,0.024390243902439,0.0037037037037037,0.0040650406504065,0.0275229357798165,0.273809523809524,0.0627306273062731,0.177606177606178,0.190082644628099,0,0.0260869565217391,0,0.08203125,0.0711610486891386,0,0.0805687203791469,0.00823045267489712,0.0786885245901639,0.07421875,0.0379746835443038,0.0493506493506494,0.05,0.067175572519084,0.0449826989619377,0.0394736842105263,0.0213675213675214,0.0193370165745856,0,0.175,0.0852272727272727,0,0.118811881188119,0.0953757225433526,0.00432900432900433,0.106122448979592,0,0.170833333333333,0,0.043613707165109,0,0.0398773006134969,0.192118226600985,0.0121212121212121,0,0.0461538461538462,0,0.0483870967741935,0.039647577092511,0,0.0452127659574468,0.0201005025125628,0.03515625,0.0490566037735849,0.04,0,0.025531914893617,0.0858895705521472,0,0.0261437908496732,0.0574018126888218,0.0385852090032154,0.15625,0.0986193293885602,0.0247524752475248,0.00854700854700855,0,0.0642201834862385,0,0.114624505928854,0.180722891566265,0.0267175572519084,0.110787172011662,0.0511811023622047,0.069204152249135,0,0.0213675213675214,0.0756302521008403,0.0763888888888889,0.00748129675810474,0.127659574468085,0,0,0.0340425531914894,0.0416666666666667,0.107692307692308,0.0352422907488987,0,0.0588235294117647,0.00977198697068404,0,0,0,0,0.0264900662251656,0,0.141592920353982,0.0331262939958592,0.223300970873786,0.175609756097561,0,0.0555555555555556,0.0652173913043478,0.025974025974026,0.0349344978165939,0,0.0784883720930233,0.00598802395209581,0,0.00531914893617021,0,0,0.123919308357349,0,0.056,0.0899653979238754,0,0,0.0296296296296296,0.0936555891238671,0.0205278592375367,0.0594795539033457,0,0.111969111969112,0,0.113138686131387,0,0.0261194029850746,0.0589970501474926,0.0608465608465608,0.137323943661972,0.0170454545454545,0,0.0590909090909091,0.0284810126582278,0.304347826086957,0.0945121951219512,0.155038759689922,0.231132075471698,0,0.0670241286863271,0,0.138461538461538,0.0401606425702811,0.0112781954887218,0,0.0696517412935323,0.00465116279069767,0.0416666666666667,0,0.0277777777777778,0.142348754448399,0.236842105263158,0,0,0,0,0,0.1,0.105263157894737,0.117903930131004,0.01171875,0.0266222961730449,0.0384615384615385,0.0452261306532663,0,0.147959183673469,0.0513698630136986,0,0.0736842105263158,0.00772200772200772,0.219123505976096,0.014018691588785,0.123076923076923,0.0531400966183575,0.0666666666666667,0.009375,0.191836734693878,0.0327552986512524,0.0357142857142857,0.0766283524904215,0.0562770562770563,0.00817438692098093,0.0460526315789474,0.0454545454545455,0.0761904761904762,0,0.0663900414937759,0.037037037037037,0,0,0.166666666666667,0.0384615384615385,0,0,0,0.0050251256281407
"Choline metabolism in cancer",0,0.32620320855615,0.0403225806451613,0,0,0.0247524752475248,0,0,0.0162162162162162,0,0,0.186746987951807,0.0709677419354839,0.0242914979757085,0.0582010582010582,0,0.135869565217391,0,0,0.18562874251497,0.0178571428571429,0.0234375,0.0147783251231527,0.15609756097561,0.0160427807486631,0,0.0201005025125628,0.0833333333333333,0,0,0.194444444444444,0.0505050505050505,0.0924170616113744,0.0154639175257732,0,0.0306748466257669,0.0311284046692607,0,0.0212765957446809,0,0.0385674931129477,0.178082191780822,0.0315789473684211,0.0598802395209581,0.0300884955752212,0,0,0.223776223776224,0.00389105058365759,0.0233236151603499,0.0977443609022556,0.152671755725191,0.118081180811808,0.133971291866029,0,0.0351906158357771,0.0672645739910314,0,0.0643564356435644,0.0918918918918919,0.231788079470199,0.022508038585209,0.0666666666666667,0.0228136882129278,0.0461538461538462,0,0.120833333333333,0.0901287553648069,0.145077720207254,0.117370892018779,0.157068062827225,0.00578034682080925,0.0432098765432099,0,0.09375,0.146596858638743,0,0.110344827586207,0.0289017341040462,0.124463519313305,0.0947368421052632,0.26056338028169,0.170138888888889,0,0.0803418803418803,0.113744075829384,0.172413793103448,0.0424242424242424,0.0378006872852234,0,0.108247422680412,0.0824742268041237,0,0.127659574468085,0.118279569892473,0.00609756097560976,0.108695652173913,0,0.0594059405940594,0,0.121338912133891,0,0.0666666666666667,0.0174418604651163,0.0897959183673469,0,0.0380228136882129,0,0,0.173611111111111,0,0.112627986348123,0.0542635658914729,0.261146496815287,0.0445544554455446,0.176056338028169,0.168604651162791,0.0807453416149068,0.036101083032491,0,0.13302752293578,0.071969696969697,0.024,0.163636363636364,0.047008547008547,0.0769230769230769,0.0180722891566265,0,0.0330882352941176,0,0.0696517412935323,0.128472222222222,0.0520833333333333,0.113475177304965,0.129943502824859,0.0900900900900901,0,0.0731070496083551,0.00531914893617021,0.08,0.059748427672956,0.11864406779661,0.02,0,0.197278911564626,0.17910447761194,0.157068062827225,0.282442748091603,0,0.0886699507389163,0.0253164556962025,0,0,0.00769230769230769,0.0955882352941176,0.0848214285714286,0.0573770491803279,0.130177514792899,0.0773067331670823,0.0164835164835165,0.0175438596491228,0,0.0109289617486339,0,0.116591928251121,0.156462585034014,0.0429447852760736,0.0704225352112676,0.0112781954887218,0,0,0,0,0.0730897009966777,0,0.138728323699422,0.0333333333333333,0.0593220338983051,0,0.0574018126888218,0.104868913857678,0.056390977443609,0.09,0,0.139175257731959,0,0.0127659574468085,0,0.106382978723404,0.0814814814814815,0.0372670807453416,0.0987124463519313,0.00427350427350427,0,0.11142061281337,0.0978723404255319,0.0688073394495413,0.0977443609022556,0.0452488687782805,0.0157068062827225,0.0099009900990099,0.122033898305085,0,0.139303482587065,0.0434782608695652,0,0,0.00680272108843537,0,0.120192307692308,0,0.0549450549450549,0.0241935483870968,0,0,0,0,0,0,0.146853146853147,0.122743682310469,0.118343195266272,0.0549450549450549,0,0.142222222222222,0.0738461538461539,0.0451612903225806,0.0675675675675676,0.0909090909090909,0,0.113821138211382,0.0374331550802139,0.0622222222222222,0,0.0201342281879195,0.0486111111111111,0.166666666666667,0,0.0922330097087379,0,0.0225563909774436,0.0862944162436548,0.0411764705882353,0.0520833333333333,0.0123456790123457,0.131707317073171,0.251968503937008,0,0.165644171779141,0.233333333333333,0,0,0.00613496932515337,0.135483870967742,0.0866666666666667,0,0,0
"NOD-like receptor signaling pathway",0,0.0242424242424242,0.179661016949153,0.00341296928327645,0,0.0136518771331058,0,0,0.0109090909090909,0,0,0.0398550724637681,0.0364372469635627,0.0331325301204819,0.0211267605633803,0,0.0274914089347079,0,0,0.0397111913357401,0.219626168224299,0.0473933649289099,0.0242214532871972,0.0186915887850467,0,0,0.0280701754385965,0.0246913580246914,0,0.0563991323210412,0.00769230769230769,0.0875912408759124,0.0637065637065637,0.025,0.00699300699300699,0.00389105058365759,0.0380116959064327,0.0212765957446809,0,0.00289017341040462,0.054176072234763,0.00769230769230769,0.0287769784172662,0.0037593984962406,0.0649762282091918,0,0,0.00760456273764259,0.00869565217391304,0.00455580865603645,0.0350877192982456,0.0288713910761155,0.031496062992126,0.147368421052632,0,0.0278422273781903,0.197080291970803,0,0.023489932885906,0.131782945736434,0.0298507462686567,0.0124069478908189,0.0516717325227964,0.0141242937853107,0.0690909090909091,0.0150375939849624,0.00842696629213483,0.036144578313253,0.0687285223367698,0.0445859872611465,0.0578231292517007,0.0114942528735632,0.048582995951417,0,0.0380622837370242,0.0766550522648084,0.0467625899280576,0.004,0.0983606557377049,0.193220338983051,0.0347222222222222,0.0228136882129278,0.0314009661835749,0,0.0744047619047619,0.0906040268456376,0.0483870967741935,0.0155038759689922,0.113636363636364,0,0.0338983050847458,0.212574850299401,0,0.0375,0.145299145299145,0.0408163265306122,0.126436781609195,0,0.0410958904109589,0,0.0750750750750751,0,0.190789473684211,0.0271317829457364,0.0720720720720721,0.079295154185022,0.028328611898017,0,0,0.01171875,0.00442477876106195,0.0531645569620253,0.00892857142857143,0.0105263157894737,0.127340823970037,0.028,0,0.0352941176470588,0.00533333333333333,0,0.00898203592814371,0.00810810810810811,0.0236686390532544,0.0681818181818182,0.0526315789473684,0.013215859030837,0.00387596899224806,0,0.13109756097561,0,0.0304054054054054,0.133879781420765,0.0503597122302158,0.0253807106598985,0.0943396226415094,0.117845117845118,0,0.0121212121212121,0,0.0471698113207547,0.166666666666667,0.0627306273062731,0,0,0.0513833992094862,0.00813008130081301,0.0650684931506849,0.0403225806451613,0,0.0032258064516129,0.176678445229682,0,0,0.027906976744186,0,0.0214723926380368,0,0.0330882352941176,0.0740740740740741,0.0185185185185185,0.0272373540856031,0.012987012987013,0.0337078651685393,0,0.00892857142857143,0.00775193798449612,0.0833333333333333,0.0506666666666667,0.0227920227920228,0,0,0,0,0.0508905852417303,0,0.025,0.0496894409937888,0,0,0.136950904392765,0.180981595092025,0.189102564102564,0.157894736842105,0.00440528634361234,0.0230263157894737,0.182608695652174,0.0314465408805031,0,0.241666666666667,0.064066852367688,0.00952380952380952,0.0548780487804878,0.037037037037037,0.00409836065573771,0.0516129032258065,0.156146179401993,0.0352564102564103,0.064066852367688,0.0456026058631922,0.0289855072463768,0.11787072243346,0.00717703349282297,0,0.0562913907284768,0.0763358778625954,0,0,0.0127659574468085,0,0.0625,0,0.0143884892086331,0.026865671641791,0.032,0,0,0,0,0.00420168067226891,0.036734693877551,0.0282051282051282,0.0108695652173913,0.0561797752808989,0,0.0175953079178886,0.18010752688172,0,0,0.0784313725490196,0,0.00888888888888889,0.168724279835391,0.0444444444444444,0.0126582278481013,0.0168067226890756,0,0.0772200772200772,0.0087463556851312,0.0465116279069767,0.0017921146953405,0.0414746543778802,0.0305084745762712,0.1125,0.18018018018018,0.026694045174538,0.0522875816993464,0.0246913580246914,0,0.037037037037037,0.0223048327137546,0,0.0321428571428571,0.0283400809716599,0.0350194552529183,0,0,0,0
"Cell cycle",0,0,0,0.0115384615384615,0,0.0946502057613169,0,0,0,0,0,0.0622406639004149,0.00896860986547085,0.0297029702970297,0.01171875,0,0.0190114068441065,0,0,0.0489795918367347,0,0,0.00760456273764259,0.00338983050847458,0,0,0,0.00523560209424084,0,0.00662251655629139,0.0596330275229358,0.0152091254752852,0.0612244897959184,0,0.0118110236220472,0.00888888888888889,0,0,0.00289017341040462,0,0.00229885057471264,0.0645161290322581,0,0.00425531914893617,0.0015625,0,0,0.0636363636363636,0,0.00737100737100737,0,0.0112044817927171,0.0225988700564972,0.00338983050847458,0,0,0.0384615384615385,0,0,0.0316205533596838,0.0606060606060606,0.00265957446808511,0.00638977635782748,0.0218068535825545,0.00766283524904215,0,0.0684039087947883,0.00643086816720257,0.0408921933085502,0,0.0108303249097473,0.10952380952381,0,0,0.130252100840336,0.0145985401459854,0,0.00917431192660551,0.0128205128205128,0.0771812080536913,0.0037593984962406,0.00421940928270042,0.00253164556962025,0,0.0630769230769231,0.0173010380622837,0.0132743362831858,0,0.00277777777777778,0,0,0.00537634408602151,0,0.0186915887850467,0.0363128491620112,0.0228310502283105,0.00381679389312977,0,0.00367647058823529,0,0.00615384615384615,0,0.0153374233128834,0,0.0219435736677116,0,0.0407523510971787,0,0,0.0316742081447964,0,0.00260416666666667,0.0372340425531915,0,0.0112359550561798,0.018018018018018,0,0.0219298245614035,0.0087463556851312,0,0.0479452054794521,0.00588235294117647,0.00318471337579618,0,0.00182481751824818,0.0585106382978723,0.00884955752212389,0,0.0149253731343284,0,0,0.0350404312668464,0.0116279069767442,0.0191256830601093,0.036,0.00668896321070234,0,0.0561797752808989,0,0,0,0,0,0,0.087962962962963,0.0382775119617225,0.037037037037037,0,0,0.0447761194029851,0.00666666666666667,0,0,0.0106382978723404,0,0.0168350168350168,0,0.00401606425702811,0.074398249452954,0,0,0,0.00233644859813084,0,0.0807017543859649,0.00881057268722467,0,0.0168067226890756,0.00923076923076923,0,0,0,0,0.164634146341463,0,0,0,0,0,0.00491400491400491,0.0381231671554252,0.00294985250737463,0,0,0.033210332103321,0,0.222222222222222,0,0,0.00862068965517241,0,0.14963503649635,0.00189393939393939,0.019047619047619,0.0200445434298441,0.0745762711864407,0,0.00285714285714286,0.0357142857142857,0,0.0154440154440154,0,0.0185185185185185,0.00699300699300699,0,0.0357142857142857,0,0,0,0,0.00909090909090909,0.0161943319838057,0.0538720538720539,0,0.027906976744186,0,0,0,0.00483091787439614,0,0,0.00404858299595142,0.0865800865800866,0,0.00636942675159236,0.0174563591022444,0,0,0.00335570469798658,0,0.00512820512820513,0.00796812749003984,0.0136054421768707,0,0,0,0,0.0714285714285714,0,0,0,0,0,0.0741839762611276,0.0107758620689655,0.093984962406015,0,0,0.00403225806451613,0.0209205020920502,0,0,0,0.113744075829384,0,0,0,0.0158730158730159
"Prion disease",0,0.0239808153477218,0.0355450236966825,0.0268096514745308,0,0.00783289817232376,0,0,0.0222841225626741,0,0,0.0561797752808989,0.0615384615384615,0.0588235294117647,0.0326975476839237,0,0.0291777188328912,0,0.308176100628931,0.0619718309859155,0.0233918128654971,0.0264900662251656,0.0547945205479452,0.0426065162907268,0.010958904109589,0,0.013262599469496,0.0792291220556745,0,0.00875656742556918,0.0446428571428571,0.0431266846361186,0.040650406504065,0.0561797752808989,0.021680216802168,0.084375,0.0802919708029197,0.0385674931129477,0.054176072234763,0.00229885057471264,0,0.0323529411764706,0.0504201680672269,0.0318840579710145,0.419776119402985,0.0280898876404494,0,0.0290697674418605,0.0684596577017115,0.0211946050096339,0.0551948051948052,0.0456521739130435,0.0547045951859956,0.0558375634517767,0,0.0704225352112676,0.0803108808290155,0,0.0478723404255319,0.0642458100558659,0.0579710144927536,0.0205338809034908,0.310240963855422,0.0394431554524362,0.0268096514745308,0.0227920227920228,0.0275229357798165,0.0484261501210654,0.0638297872340425,0.0803108808290155,0.101928374655647,0.014367816091954,0.0116279069767442,0,0.0513513513513514,0.0585106382978723,0.0106382978723404,0.0493827160493827,0.0408163265306122,0.0888888888888889,0.0573770491803279,0.0376811594202899,0.0424242424242424,0.032051282051282,0.0344387755102041,0.0952380952380952,0.0512048192771084,0.00862068965517241,0.090702947845805,0,0.0794520547945206,0.110112359550562,0,0.0180722891566265,0.0697167755991285,0.0117647058823529,0.0788732394366197,0,0.0508021390374332,0,0.0468384074941452,0,0.0586854460093897,0.0172413793103448,0.0182648401826484,0.0372670807453416,0.0414746543778802,0,0,0.0326409495548961,0,0.339522546419098,0.00961538461538462,0.0357142857142857,0.0569105691056911,0.0297619047619048,0,0.0443786982248521,0.0495495495495495,0,0.0289855072463768,0.0405405405405405,0.0308056872037915,0.0630372492836676,0.489977728285078,0.00630914826498423,0.0235294117647059,0,0.0574712643678161,0,0.0591397849462366,0.0980392156862745,0.0524861878453039,0.0602150537634409,0.0736543909348442,0.0878552971576227,0,0.0189982728842832,0.00821917808219178,0.185393258426966,0.0617283950617284,0.0619718309859155,0,0,0.0502958579881657,0.0401234567901235,0.0554089709762533,0.0611620795107034,0.00273224043715847,0.0362694300518135,0.0394088669950739,0,0,0,0,0.0343137254901961,0,0.0882352941176471,0.0462328767123288,0.0550724637681159,0.0505952380952381,0.0125391849529781,0.533519553072626,0,0.026378896882494,0.0264705882352941,0.0294985250737463,0.364406779661017,0.037037037037037,0.00460829493087558,0,0,0,0.0889370932754881,0.0131578947368421,0.0273224043715847,0.18941504178273,0,0,0.0997920997920998,0.0723981900452489,0.0454545454545455,0.0846994535519126,0.00316455696202532,0.0416666666666667,0.0112044817927171,0.0425,0,0.0573770491803279,0.0656108597285068,0.27930174563591,0.0794044665012407,0.423245614035088,0.0121212121212121,0.0664206642066421,0.0454545454545455,0.0325814536340852,0.0420353982300885,0.0933333333333333,0.0191256830601093,0.0159151193633952,0.0365853658536585,0.00294985250737463,0.0765171503957784,0.0421348314606742,0,0,0.0651465798045603,0,0.0483460559796438,0,0.0248618784530387,0.0560975609756098,0.0483383685800604,0.00589970501474926,0,0,0,0.00305810397553517,0.0489296636085627,0.038135593220339,0.0605187319884726,0.0363128491620112,0.00413223140495868,0.0258823529411765,0.056,0,0.0305810397553517,0.0634517766497462,0,0.0293159609120521,0.0389972144846797,0.0295566502463054,0.00920245398773006,0.00914634146341463,0.00917431192660551,0.0635838150289017,0.00230414746543779,0.0520833333333333,0.0125,0.00961538461538462,0.0369393139841689,0.0532544378698225,0.0929705215419501,0.4725,0.0431472081218274,0.069620253164557,0,0.0482954545454545,0.04,0,0.008,0.0619195046439628,0.0319767441860465,0,0,0,0.00321543408360129
"Melanoma",0,0.13265306122449,0.00432900432900433,0.00564971751412429,0,0.0111731843575419,0,0,0,0,0,0.315384615384615,0.0769230769230769,0.0225225225225225,0.0545454545454545,0,0.115853658536585,0,0,0.255474452554745,0,0.0194174757281553,0.0169491525423729,0.110526315789474,0,0,0,0.0602836879432624,0,0,0.403846153846154,0.0111111111111111,0.150793650793651,0,0.00584795321637427,0,0.0391304347826087,0.178082191780822,0.00769230769230769,0.0645161290322581,0.0323529411764706,0,0.0119047619047619,0.0633802816901408,0.0239410681399632,0,0,0.46078431372549,0,0.015625,0.0810810810810811,0.126530612244898,0.126016260162602,0.0710659898477157,0,0.0973154362416107,0.0871794871794872,0,0.0384615384615385,0.0731707317073171,0.259842519685039,0.0318021201413428,0.0502283105022831,0.00829875518672199,0.0348837209302326,0,0.215,0.0506912442396313,0.107954545454545,0.0984455958549223,0.107954545454545,0.104477611940299,0.0214285714285714,0,0.115151515151515,0.128654970760234,0,0.125,0.0133333333333333,0.140096618357488,0.064327485380117,0.307692307692308,0.191570881226054,0,0.132710280373832,0.135869565217391,0.152,0.028169014084507,0.0147058823529412,0,0.092485549132948,0.0664206642066421,0,0.0991735537190083,0.0792452830188679,0,0.105590062111801,0,0.0561797752808989,0,0.0950226244343891,0,0.0837004405286344,0,0.0904977375565611,0,0.00816326530612245,0,0,0.211864406779661,0,0.0948905109489051,0.208791208791209,0.0886075949367089,0.0335195530726257,0.184873949579832,0,0.147286821705426,0.0357142857142857,0,0.372670807453416,0.0576131687242798,0.0176991150442478,0.0573248407643312,0.0474040632054176,0.252747252747253,0.00704225352112676,0,0.0323886639676113,0,0.0106951871657754,0.12406015037594,0.0414201183431953,0.152,0.115384615384615,0.0693069306930693,0,0.0906515580736544,0,0.0483091787439614,0.0332225913621262,0.0487804878048781,0,0,0.327433628318584,0.360824742268041,0.120689655172414,0.145161290322581,0,0.0714285714285714,0.0187793427230047,0,0,0,0,0.112820512820513,0,0.10738255033557,0.0884718498659517,0,0,0,0.00584795321637427,0,0.343373493975904,0.210084033613445,0.0140845070422535,0.0411985018726592,0.00829875518672199,0.00434782608695652,0,0,0,0.104089219330855,0,0.049079754601227,0.00909090909090909,0,0,0.0451612903225806,0.130252100840336,0.0580912863070539,0.0726256983240224,0,0.127167630057803,0,0.0241545893719807,0,0.0833333333333333,0.0597609561752988,0.0165016501650165,0.16751269035533,0.00680272108843537,0.0078125,0.147692307692308,0.171717171717172,0.035,0.0769230769230769,0.0148514851485149,0,0.0171428571428571,0.182170542635659,0,0.103260869565217,0.0121951219512195,0,0,0,0,0.0894736842105263,0,0.0440251572327044,0.0704225352112676,0,0.0708661417322835,0,0,0,0,0.15,0.217948717948718,0.116438356164384,0.194244604316547,0,0.105263157894737,0.0521172638436482,0,0.0819672131147541,0.0646766169154229,0,0.11,0.0120481927710843,0.065,0,0,0.016260162601626,0.147887323943662,0.013215859030837,0.0641711229946524,0,0,0.0502793296089385,0.0134228187919463,0.108,0.00523560209424084,0.177142857142857,0.166666666666667,0,0.123287671232877,0.177777777777778,0,0,0,0.351351351351351,0,0,0,0
"Circadian entrainment",0,0.074235807860262,0.0158730158730159,0.0918918918918919,0,0.00985221674876847,0,0,0.26530612244898,0,0,0.015625,0.28125,0.18957345971564,0.245283018867925,0,0.0454545454545455,0,0,0.0888888888888889,0,0,0.133333333333333,0.0538116591928251,0.27891156462585,0,0.116666666666667,0.166064981949458,0,0,0.0303030303030303,0.0147783251231527,0.0479452054794521,0.266233766233766,0.0208333333333333,0.238805970149254,0.158590308370044,0.0315789473684211,0.0287769784172662,0,0.0504201680672269,0.0119047619047619,0,0,0.0701107011070111,0,0,0.101910828025478,0.00392156862745098,0,0.0359712230215827,0.0169491525423729,0.0487804878048781,0.0173160173160173,0,0.150819672131148,0.00425531914893617,0,0.0289855072463768,0.0752688172043011,0.0165745856353591,0.153284671532847,0.00395256916996047,0.0152091254752852,0,0.00564971751412429,0.0190839694656489,0.266331658291457,0.0138888888888889,0.197969543147208,0.17741935483871,0,0,0,0.0890052356020942,0.0689655172413793,0,0.0816326530612245,0.0232558139534884,0.0276679841897233,0.00980392156862745,0.0290697674418605,0.116666666666667,0.0601503759398496,0.0975609756097561,0.0219298245614035,0.0181818181818182,0.0240963855421687,0.0101010101010101,0,0.348101265822785,0.068259385665529,0,0.207692307692308,0.135531135531136,0,0.0575916230366492,0,0.164835164835165,0,0.0230769230769231,0,0.0150375939849624,0.272058823529412,0,0,0.0544747081712062,0,0.0769230769230769,0.0121212121212121,0,0.00934579439252336,0.0151515151515152,0.0261780104712042,0.0295566502463054,0.0185185185185185,0,0.0117647058823529,0.168032786885246,0,0.012396694214876,0.03690036900369,0.0283400809716599,0.241830065359477,0.0539956803455724,0.0222222222222222,0.00602409638554217,0,0.0528301886792453,0,0.374193548387097,0.200743494423792,0.0695187165775401,0.0871080139372822,0.0421052631578947,0.0256410256410256,0,0.0148883374689826,0.0747126436781609,0.0855855855855856,0.0182370820668693,0.209876543209877,0,0,0.0116279069767442,0.012987012987013,0.0631067961165049,0.0184049079754601,0,0.00458715596330275,0,0,0,0,0,0.00836820083682008,0,0.211538461538462,0.016548463356974,0.211920529801325,0.162162162162162,0,0.0635838150289017,0.0613207547169811,0.00816326530612245,0.0120481927710843,0,0.0413793103448276,0,0,0.00840336134453781,0,0,0.0524590163934426,0,0.0893854748603352,0.287958115183246,0,0,0.00869565217391304,0.114068441064639,0,0.023696682464455,0,0.0579710144927536,0,0.129186602870813,0,0.0147783251231527,0.0320284697508897,0.053968253968254,0.0495867768595041,0.0196078431372549,0.02,0.041994750656168,0.0078740157480315,0.196891191709845,0.16,0.363095238095238,0.238709677419355,0.00497512437810945,0.00920245398773006,0,0.240437158469945,0.0160427807486631,0,0,0.114503816793893,0.00684931506849315,0.0221238938053097,0,0.0106382978723404,0.166666666666667,0.238805970149254,0,0,0,0,0,0.148936170212766,0.123636363636364,0.0747126436781609,0,0.0378787878787879,0.02,0.0266272189349112,0,0.130434782608696,0.0347826086956522,0,0.0384615384615385,0.0158730158730159,0.28804347826087,0,0.102941176470588,0.0955882352941176,0.016304347826087,0,0.155440414507772,0.0286343612334802,0.0634920634920635,0.261904761904762,0.0802469135802469,0,0.0329113924050633,0.0087719298245614,0.0328947368421053,0,0.0217391304347826,0.0517241379310345,0,0,0.191176470588235,0.0116279069767442,0,0,0,0.031496062992126
"Bacterial invasion of epithelial cells",0,0.0758293838862559,0,0.0280898876404494,0,0.00540540540540541,0,0,0.00602409638554217,0,0,0.0476190476190476,0,0,0.00561797752808989,0,0.0386740331491713,0,0,0.0792682926829268,0,0,0,0.0693069306930693,0,0,0.0111111111111111,0.0305084745762712,0,0,0.0559440559440559,0,0.0304449648711944,0,0.0290697674418605,0,0.00411522633744856,0.0598802395209581,0.0037593984962406,0.00425531914893617,0.0318840579710145,0.0633802816901408,0,0,0.0035778175313059,0,0,0.0769230769230769,0.021551724137931,0.0855263157894737,0.0593220338983051,0.133064516129032,0.105882352941176,0.213483146067416,0,0.00302114803625378,0.0333333333333333,0,0.121387283236994,0.0402298850574713,0.0645161290322581,0.03125,0.0398230088495575,0.087719298245614,0.00549450549450549,0,0.0689655172413793,0.0174672489082969,0.0471204188481675,0.0585365853658537,0.0810810810810811,0,0,0,0.0441988950276243,0.0939226519337017,0,0.0526315789473684,0.00641025641025641,0.0343347639484979,0.0388888888888889,0.0972222222222222,0.0533333333333333,0,0.0373514431239389,0.0439024390243902,0.0875912408759124,0.0202702702702703,0.0891472868217054,0,0.0374331550802139,0.0425531914893617,0,0,0.043010752688172,0,0.0517241379310345,0,0.00520833333333333,0,0.0291666666666667,0,0.0371900826446281,0.0131578947368421,0.0292887029288703,0,0.0120481927710843,0,0,0.0962962962962963,0,0.0374149659863946,0.0176991150442478,0.172185430463576,0.00529100529100529,0.0503597122302158,0,0.0479452054794521,0.0152671755725191,0,0.0560747663551402,0.0607287449392713,0.0307017543859649,0.0118343195266272,0.017353579175705,0.0170940170940171,0.034965034965035,0,0.00775193798449612,0,0,0.0555555555555556,0.0584795321637427,0.0280701754385965,0.0591715976331361,0.0375586854460094,0,0.0372340425531915,0,0.0325581395348837,0.0226537216828479,0.0473372781065089,0,0,0.0616438356164384,0.104838709677419,0.0471204188481675,0.0575539568345324,0.0182926829268293,0.0362694300518135,0.00452488687782805,0,0,0,0,0.0373831775700935,0,0.00591715976331361,0.035264483627204,0,0,0,0,0,0.0857142857142857,0.0567375886524823,0.0275862068965517,0.0290909090909091,0,0.00854700854700855,0,0,0,0.023728813559322,0,0.0414201183431953,0,0,0,0.0858085808580858,0.0378787878787879,0.0358565737051793,0.0368421052631579,0,0.0582010582010582,0,0.00462962962962963,0,0.0446927374301676,0.0423076923076923,0.00643086816720257,0.0307017543859649,0.00672645739910314,0,0.0134048257372654,0.0349344978165939,0.004739336492891,0.084,0,0,0,0.135531135531136,0,0.0612244897959184,0,0,0,0,0,0.06,0,0.103225806451613,0.00431034482758621,0,0.00714285714285714,0,0,0,0,0.0514705882352941,0.0740740740740741,0.0434782608695652,0.062111801242236,0,0.0350877192982456,0.171428571428571,0,0.0538461538461538,0.0841584158415842,0,0.0642201834862385,0,0.00460829493087558,0,0.0564516129032258,0,0.0434782608695652,0.0307017543859649,0.0625,0,0,0,0.0196078431372549,0.0291970802919708,0.0103896103896104,0.0343137254901961,0.104,0,0.0496894409937888,0.115646258503401,0,0,0,0.099290780141844,0,0,0,0
"Pathways of neurodegeneration - multiple diseases",0,0.0276422764227642,0.0524590163934426,0.0173010380622837,0,0.00510204081632653,0,0,0.0159857904085258,0,0,0.0338078291814947,0.0956175298804781,0.054635761589404,0.116634799235182,0.00188679245283019,0.0331010452961672,0,0.187380497131931,0.0374331550802139,0.0277777777777778,0.0383064516129032,0.0442477876106195,0.0384615384615385,0.00701754385964912,0.0130841121495327,0.031634446397188,0.0645645645645646,0,0.0116580310880829,0.0392523364485981,0.034965034965035,0.0292326431181486,0.0487364620938628,0.0192644483362522,0.0656370656370656,0.0691927512355848,0.0300884955752212,0.0649762282091918,0.0015625,0.419776119402985,0.0239410681399632,0.0701107011070111,0.0035778175313059,0,0,0,0.0527306967984934,0.0439024390243902,0.00961538461538462,0.0192307692307692,0.0269461077844311,0.097444089456869,0.0419463087248322,0,0.0918518518518519,0.0506756756756757,0.00190839694656489,0.0187074829931973,0.0445632798573975,0.0516605166051661,0.0100719424460432,0.203007518796992,0.0267295597484277,0.072992700729927,0.00355871886120996,0.106779661016949,0.0722689075630252,0.0449050086355786,0.0436241610738255,0.0632688927943761,0.0182481751824818,0.0184162062615101,0,0.0241379310344828,0.0748663101604278,0,0.0111317254174397,0.0274223034734918,0.0713101160862355,0.0189328743545611,0.0387453874538745,0.0510204081632653,0.0115163147792706,0.106753812636166,0.0955752212389381,0.0335820895522388,0.0127504553734062,0.0786163522012579,0,0.0583038869257951,0.1184,0,0.0523255813953488,0.0943396226415094,0.0110497237569061,0.0632911392405063,0,0.0363951473136915,0,0.0921273031825796,0,0.0512820512820513,0.042910447761194,0.00930232558139535,0.0247148288973384,0.126929674099485,0,0.0138613861386139,0.022181146025878,0,0.228373702422145,0.0216110019646365,0.0157068062827225,0.042031523642732,0.0260707635009311,0,0.0314232902033272,0.0386996904024768,0,0.0993031358885017,0.0389408099688473,0.0355987055016181,0.0827067669172932,0.633644859813084,0.0194552529182879,0.0128205128205128,0,0.074313408723748,0,0.0564373897707231,0.0924499229583975,0.0280701754385965,0.037147102526003,0.0598911070780399,0.0574324324324324,0,0.0297927461139896,0,0.194285714285714,0.0329512893982808,0.0601092896174863,0,0,0.0351201478743068,0.0383141762452107,0.0576923076923077,0.0415094339622641,0,0.00498338870431894,0.043261231281198,0,0,0.0238568588469185,0,0.0866551126516465,0,0.0808270676691729,0.0865512649800266,0.0383211678832117,0.0371747211895911,0.0114942528735632,0.44721689059501,0,0.100869565217391,0.0165137614678899,0.022140221402214,0.24187725631769,0.046474358974359,0,0.00396825396825397,0,0,0.0443131462333826,0.00785854616895874,0.0338078291814947,0.144927536231884,0,0,0.110438729198185,0.107667210440457,0.0406885758998435,0.0524475524475524,0.00578034682080925,0.0431034482758621,0.0161579892280072,0.0436241610738255,0,0.0404217926186292,0.048062015503876,0.175122749590835,0.0792580101180438,0.541516245487365,0.0112570356472795,0.0711354309165527,0.0524590163934426,0.0493197278911565,0.0304878048780488,0.0827464788732394,0.0377019748653501,0.0261780104712042,0.0228898426323319,0.0130111524163569,0.0442930153321976,0.0304114490161002,0.00342465753424658,0,0.0290135396518375,0.00376647834274953,0.0422297297297297,0,0.0140845070422535,0.103806228373702,0.0454545454545455,0.0790513833992095,0.00194931773879142,0,0,0.0018796992481203,0.0438095238095238,0.0562310030395137,0.0232142857142857,0.0230905861456483,0.0119176598049837,0.0882852292020374,0.0763582966226138,0.0018348623853211,0.00184842883548983,0.0469798657718121,0,0.0116504854368932,0.0377019748653501,0.064957264957265,0.00754716981132075,0.0151515151515152,0.00187265917602996,0.0494505494505494,0.0684474123539232,0.0235294117647059,0.0203349282296651,0.0256410256410256,0.0491228070175439,0.0466417910447761,0.0734375,0.475836431226766,0.0387858347386172,0.0482625482625483,0,0.0323741007194245,0.0459558823529412,0,0.00865051903114187,0.0242990654205607,0.0294117647058824,0,0,0.00180831826401447,0.00388349514563107
"Complement and coagulation cascades",0,0.00851063829787234,0,0,0,0,0,0,0,0,0,0.0108695652173913,0,0,0,0,0.0050761421319797,0,0,0,0,0,0,0,0,0,0.00523560209424084,0.00319488817891374,0,0,0,0,0.00671140939597315,0,0,0,0.00793650793650794,0,0,0,0.0280898876404494,0,0,0,0,0,0,0,0.0206611570247934,0,0,0.0069204152249135,0.0103806228373702,0,0,0.00884955752212389,0.00442477876106195,0,0.0099009900990099,0.0380434782608696,0,0,0,0,0,0,0,0,0,0,0,0.00617283950617284,0,0,0,0,0.151515151515152,0,0.0308641975308642,0,0,0,0,0,0.00975609756097561,0,0,0,0.0069204152249135,0,0,0,0,0,0,0,0,0,0,0,0,0,0.00384615384615385,0,0,0.0359712230215827,0,0,0,0,0,0,0,0,0,0.00645161290322581,0,0,0,0,0,0,0.016597510373444,0,0,0,0.0128205128205128,0,0.0227272727272727,0,0,0,0.0324324324324324,0,0.0161290322580645,0,0,0.0025062656641604,0,0,0.108843537414966,0.016304347826087,0,0,0,0,0.00961538461538462,0,0.0114285714285714,0,0.0545454545454545,0,0,0,0,0,0,0,0.00477326968973747,0,0,0,0,0,0,0,0,0,0,0.00819672131147541,0,0,0,0.00321543408360129,0,0,0,0,0,0,0.00353356890459364,0.00746268656716418,0,0,0,0,0,0,0,0.0407407407407407,0,0.00409836065573771,0,0,0,0,0,0,0,0,0.00520833333333333,0.0491803278688525,0,0,0,0,0,0,0,0.00452488687782805,0,0,0,0,0,0,0,0,0,0,0.0135135135135135,0,0,0,0,0.0029673590504451,0,0,0.00881057268722467,0,0,0,0.00884955752212389,0,0.00714285714285714,0,0,0.00823045267489712,0.0338164251207729,0.0269058295964126,0.00806451612903226,0,0.114093959731544,0.00343642611683849,0,0,0,0,0.00561797752808989,0,0,0,0,0,0,0,0,0
"Glycine, serine and threonine metabolism",0,0,0,0,0.0140845070422535,0,0.25,0,0,0,0.0142857142857143,0,0,0,0,0.0348837209302326,0,0,0,0,0,0,0.0206896551724138,0,0,0,0,0,0.0547945205479452,0,0,0,0,0,0,0.0185185185185185,0,0,0,0,0,0,0,0,0,0,0,0,0,0,0,0,0,0,0,0,0,0.0506329113924051,0,0,0,0,0,0,0,0,0,0,0,0,0,0,0,0,0,0,0,0,0,0,0,0,0,0,0,0,0,0,0,0,0,0,0.0120481927710843,0,0,0,0,0,0,0,0,0,0,0,0,0,0,0.0297029702970297,0,0,0,0,0,0,0,0,0,0,0.00881057268722467,0,0,0,0,0,0,0,0,0.0178571428571429,0,0,0,0,0,0,0,0,0.120481927710843,0,0,0,0,0,0,0.0235294117647059,0,0,0,0,0,0,0.00543478260869565,0.0263157894736842,0,0,0,0,0,0,0,0,0,0,0.00645161290322581,0,0,0.0275229357798165,0,0,0,0,0,0,0,0,0.0142857142857143,0,0,0,0.0434782608695652,0,0,0,0,0,0,0,0,0.0588235294117647,0,0,0,0,0,0,0,0,0,0,0.0116959064327485,0,0,0,0,0,0,0,0,0.0227272727272727,0.0705882352941176,0,0,0,0,0,0,0.161290322580645,0,0.05,0,0,0,0,0,0,0,0,0,0,0,0,0,0,0,0,0,0,0,0,0,0,0,0.012987012987013,0,0,0,0,0,0.0352941176470588,0,0,0.0138888888888889,0,0,0,0.0194174757281553,0,0,0
"Glioma",0,0.184210526315789,0.0217391304347826,0.00555555555555556,0,0.010989010989011,0,0,0.0185185185185185,0,0,0.318181818181818,0.211864406779661,0.07981220657277,0.141935483870968,0,0.184713375796178,0,0,0.315789473684211,0,0.0188679245283019,0.0828402366863905,0.195530726256983,0.0182926829268293,0,0.0169491525423729,0.102189781021898,0,0,0.475247524752475,0.0220994475138122,0.0977443609022556,0.115384615384615,0.00574712643678161,0.115384615384615,0.066079295154185,0.223776223776224,0.00760456273764259,0.0636363636363636,0.0290697674418605,0.46078431372549,0.101910828025478,0.0769230769230769,0.0527306967984934,0,0,0,0,0.0154798761609907,0.0884955752212389,0.148148148148148,0.166666666666667,0.0753768844221105,0,0.0891089108910891,0.0804020100502513,0,0.0666666666666667,0.0718562874251497,0.293650793650794,0.0314685314685315,0.0495495495495495,0.00819672131147541,0.0284090909090909,0,0.28125,0.143564356435644,0.131428571428571,0.187845303867403,0.192771084337349,0.102189781021898,0.028169014084507,0,0.113095238095238,0.272727272727273,0,0.131147540983607,0.0197368421052632,0.165853658536585,0.0755813953488372,0.392857142857143,0.171641791044776,0,0.125693160813309,0.127659574468085,0.214876033057851,0.041958041958042,0.0145454545454545,0,0.142857142857143,0.114503816793893,0,0.12396694214876,0.12890625,0,0.16025641025641,0,0.0611111111111111,0,0.09375,0,0.0921052631578947,0.101449275362319,0.109090909090909,0,0.037344398340249,0,0.0714285714285714,0.216666666666667,0,0.0938628158844765,0.189473684210526,0.121794871794872,0.0273224043715847,0.210084033613445,0,0.135338345864662,0.1,0,0.28,0.0833333333333333,0.0355555555555556,0.173611111111111,0.0637813211845103,0.231578947368421,0.00689655172413793,0,0.075,0,0.0267379679144385,0.184313725490196,0.0591715976331361,0.114942528735632,0.141935483870968,0.0788177339901478,0,0.121387283236994,0,0.0679611650485437,0.0501672240802676,0.158940397350993,0,0,0.330434782608696,0.363636363636364,0.137931034482759,0.198347107438017,0,0.0760869565217391,0.0185185185185185,0,0,0.00934579439252336,0,0.105527638190955,0,0.135135135135135,0.096514745308311,0.0451612903225806,0.0202702702702703,0,0.042042042042042,0,0.241758241758242,0.195121951219512,0.0208333333333333,0.0725190839694656,0.00819672131147541,0,0,0,0,0.102941176470588,0,0.12987012987013,0.0227272727272727,0,0,0.0447284345047923,0.172413793103448,0.0573770491803279,0.0714285714285714,0,0.157894736842105,0,0.0804020100502513,0,0.0818713450292398,0.0846774193548387,0.0230263157894737,0.213541666666667,0.00675675675675676,0.00763358778625954,0.0930232558139535,0.180904522613065,0.0880829015544041,0.116182572614108,0.0890052356020942,0.062111801242236,0.0342857142857143,0.1,0,0.150837988826816,0.0180722891566265,0,0,0,0,0.160220994475138,0,0.0242424242424242,0.089622641509434,0.0507246376811594,0.0692307692307692,0,0,0,0,0.175,0.152,0.129251700680272,0.190140845070423,0.0213178294573643,0.141463414634146,0.0618892508143322,0,0.08,0.101522842639594,0,0.14,0.0118343195266272,0.107692307692308,0,0.0238095238095238,0.0158730158730159,0.160839160839161,0.00431034482758621,0.0687830687830688,0,0.0272727272727273,0.0670391061452514,0.0620689655172414,0.111111111111111,0.0078125,0.194285714285714,0.214285714285714,0,0.159722222222222,0.338842975206612,0,0,0,0.416666666666667,0,0,0,0
"Phagosome",0,0.00325732899022801,0.00632911392405063,0.0393700787401575,0,0.00754716981132075,0,0,0,0,0,0,0,0,0,0,0.0112781954887218,0,0.0919117647058824,0,0,0,0,0,0,0,0.00381679389312977,0.00260416666666667,0,0,0,0.0592885375494071,0.0296442687747036,0.00390625,0.036144578313253,0,0,0.00389105058365759,0.00869565217391304,0,0.0684596577017115,0,0.00392156862745098,0.021551724137931,0.0439024390243902,0.0206611570247934,0,0,0,0.0326633165829146,0,0.0402298850574713,0.0371428571428571,0.027681660899654,0,0.0048661800486618,0.0170648464163823,0,0.0416666666666667,0.0194552529182879,0.00408163265306122,0.008,0.00317460317460317,0.0411392405063291,0.0193050193050193,0.126760563380282,0.00611620795107034,0.00641025641025641,0,0,0,0.00429184549356223,0.0043859649122807,0,0,0.00359712230215827,0.125,0,0.160975609756098,0.00940438871473354,0.00374531835205993,0,0.0101781170483461,0.0463917525773196,0.00581395348837209,0.0460992907801418,0,0.00869565217391304,0.0870870870870871,0,0,0.0330578512396694,0,0.00458715596330275,0.0333333333333333,0.0817307692307692,0.0114942528735632,0,0,0,0.0218068535825545,0,0.0573248407643312,0.00858369098712446,0,0.0336538461538462,0.00301204819277108,0,0,0.0043859649122807,0,0.0104712041884817,0,0.036144578313253,0.0711462450592885,0.0179372197309417,0,0,0,0,0,0.00586510263929619,0.0394736842105263,0,0.0476190476190476,0.0050251256281407,0.133663366336634,0,0.196491228070175,0,0,0.032171581769437,0.0438247011952191,0,0.00775193798449612,0.0449826989619377,0,0.00641025641025641,0.00403225806451613,0.0033112582781457,0.0205655526992288,0,0,0,0.00425531914893617,0,0.00357142857142857,0.00884955752212389,0.0508474576271186,0.00357142857142857,0.01,0,0,0.00526315789473684,0,0,0,0.0960698689956332,0.0933333333333333,0,0.00429184549356223,0.114754098360656,0.053921568627451,0,0,0,0.127450980392157,0.0196078431372549,0.0185758513931889,0.0856164383561644,0.00552486187845304,0,0,0.0668523676880223,0,0.00784313725490196,0,0,0,0.11716621253406,0.0260115606936416,0.0894568690095847,0,0.125,0.0144404332129964,0,0,0,0.0190114068441065,0.0666666666666667,0.00510204081632653,0.0193548387096774,0.0557768924302789,0,0.00437636761487965,0.00315457413249211,0,0.00571428571428571,0,0.00395256916996047,0.0114942528735632,0.0316622691292876,0,0.00347222222222222,0.0632911392405063,0,0,0,0.00480769230769231,0.0390070921985816,0.0045045045045045,0.0120481927710843,0.00319488817891374,0,0,0,0.00418410041841004,0,0.0829015544041451,0,0.0220385674931129,0,0.0120481927710843,0,0.0462046204620462,0.0225,0,0,0.0309278350515464,0,0,0,0.00673400673400673,0.00961538461538462,0,0.00476190476190476,0.00809716599190283,0.00958466453674121,0.021505376344086,0.00189393939393939,0.00512820512820513,0,0.0440528634361234,0.0803571428571429,0.0514541387024608,0,0.00458715596330275,0,0.0121457489878543,0,0,0,0.00448430493273543,0,0,0,0,0
"Endocytosis",0,0.05249343832021,0.035264483627204,0.00280898876404494,0,0.0285714285714286,0,0,0.00294117647058824,0,0,0.0174418604651163,0.00314465408805031,0,0.00284090909090909,0,0.00835654596100279,0,0,0.0144508670520231,0.00309597523219814,0,0,0.012987012987013,0.0208333333333333,0,0.0084985835694051,0.00843881856540084,0,0.0166358595194085,0.015625,0.019774011299435,0.0182421227197347,0.00286532951289398,0.00285714285714286,0,0.00239808153477218,0.0233236151603499,0.00455580865603645,0.00737100737100737,0.0211946050096339,0.015625,0,0.0855263157894737,0.00961538461538462,0,0,0.0154798761609907,0.0326633165829146,0,0.00335570469798658,0.0294117647058824,0.027027027027027,0.0655737704918033,0,0.012,0.026246719160105,0,0.00821917808219178,0.0113960113960114,0.0210843373493976,0.00641025641025641,0.00491400491400491,0.0576441102756892,0.0258620689655172,0.0341614906832298,0.0168674698795181,0.00992555831265509,0.0108108108108108,0.02088772845953,0.00268096514745308,0.00306748466257669,0,0,0.00276243093922652,0.0108695652173913,0,0.0228013029315961,0.00303030303030303,0.0146699266503667,0.00277777777777778,0.0215384615384615,0.0315789473684211,0.0171821305841924,0.0301837270341207,0.00258397932816537,0.00623052959501558,0.0124610591900312,0.0581395348837209,0,0.00272479564032698,0.0240700218818381,0,0.00645161290322581,0.021978021978022,0.00952380952380952,0.0142045454545455,0,0.0166204986149584,0,0.0144578313253012,0,0.00710900473933649,0,0.0194174757281553,0.0198675496688742,0.00471698113207547,0,0.00716845878136201,0.00625,0,0.0105485232067511,0.00347222222222222,0.073394495412844,0.0224719101123595,0.00628930817610063,0.00568181818181818,0.00306748466257669,0.00227790432801822,0,0.00755667506297229,0.0234741784037559,0.00987654320987654,0.0176991150442478,0.00625978090766823,0.0173611111111111,0.0254777070063694,0,0.0187793427230047,0,0.010989010989011,0.0323974082073434,0.0113960113960114,0.0108225108225108,0.0202312138728324,0.0076530612244898,0,0.010752688172043,0.00293255131964809,0,0.00409836065573771,0.00285714285714286,0,0,0.0249221183800623,0.00647249190938511,0.013550135501355,0.003125,0,0.0108108108108108,0.00253164556962025,0,0,0,0.00666666666666667,0.0179948586118252,0,0.0117647058823529,0.0281195079086116,0,0,0.0206185567010309,0.00576923076923077,0,0.0177215189873418,0.0157232704402516,0.0189274447949527,0.0110619469026549,0.0119904076738609,0.0148514851485149,0,0,0,0.0303030303030303,0,0.00864553314121038,0,0,0,0.0634249471458774,0.020501138952164,0.0211764705882353,0.0027027027027027,0.0210526315789474,0.00808625336927224,0,0.00256410256410256,0,0.00277777777777778,0.00225225225225225,0.00205761316872428,0.0302267002518892,0.00972447325769854,0.0198675496688742,0.0337078651685393,0.00982800982800983,0.0025974025974026,0.0446009389671361,0.0131926121372032,0,0.00280898876404494,0.0567685589519651,0.00319488817891374,0.0241286863270777,0.0087719298245614,0,0,0,0,0.0157894736842105,0.0326797385620915,0.036036036036036,0.00742574257425743,0,0,0,0,0,0.00332225913621262,0.00955414012738853,0.0380313199105145,0.00588235294117647,0.00290697674418605,0.00572246065808298,0.00737100737100737,0.0502092050209205,0,0,0.0155038759689922,0,0.00346020761245675,0.00289017341040462,0.0103092783505155,0.00664451827242525,0.0445205479452055,0.00662251655629139,0.00884955752212389,0.025062656641604,0.0106951871657754,0,0,0.00273224043715847,0.00609756097560976,0.0201342281879195,0.0217785843920145,0.0212201591511936,0.00970873786407767,0,0.00292397660818713,0.015015015015015,0,0.0202898550724638,0.00316455696202532,0.0185758513931889,0,0,0,0
"Type II diabetes mellitus",0,0.0652173913043478,0.0198019801980198,0.0201342281879195,0,0.0197368421052632,0,0.051948051948052,0.0303030303030303,0.0895522388059701,0,0.0902255639097744,0.027027027027027,0.0203045685279188,0.0136986301369863,0,0.113475177304965,0.0625,0,0.0977443609022556,0.043859649122807,0.0394736842105263,0.0198675496688742,0.201298701298701,0.0147058823529412,0,0,0.0540540540540541,0,0.00290697674418605,0.0810810810810811,0.0469798657718121,0.0354430379746835,0.0283687943262411,0.020979020979021,0.0175438596491228,0.0492610837438424,0.0977443609022556,0.0350877192982456,0,0.0551948051948052,0.0810810810810811,0.0359712230215827,0.0593220338983051,0.0192307692307692,0,0,0.0884955752212389,0,0.00335570469798658,0,0.0504201680672269,0.0458333333333333,0.0818713450292398,0,0.0203389830508475,0.0628571428571429,0,0.0448717948717949,0.102941176470588,0.107438016528926,0.0513833992094862,0.102702702702703,0.028436018957346,0.0201342281879195,0.0078740157480315,0.0483091787439614,0.0202020202020202,0.0903225806451613,0.0568181818181818,0.141891891891892,0,0.114285714285714,0,0.0896551724137931,0.0986842105263158,0,0.135416666666667,0.024390243902439,0.0714285714285714,0.172932330827068,0.0854700854700855,0.0555555555555556,0,0.0247349823321555,0.0828402366863905,0.191919191919192,0.0256410256410256,0.0288065843621399,0,0.0866666666666667,0.0562248995983936,0,0.0288461538461538,0.0612244897959184,0.00892857142857143,0.109489051094891,0,0.0125,0,0.0909090909090909,0,0.0576923076923077,0,0.0591133004926108,0.00980392156862745,0.0137614678899083,0,0,0.0833333333333333,0,0.0538461538461538,0.024390243902439,0.0814814814814815,0.0529801324503311,0.105769230769231,0,0.079646017699115,0.00858369098712446,0.0675675675675676,0.0540540540540541,0.0452488687782805,0.0099009900990099,0.0606060606060606,0.0528846153846154,0.0232558139534884,0,0,0.0269058295964126,0,0.0316455696202532,0.0459770114942529,0.0563380281690141,0.0564516129032258,0.121212121212121,0.0919540229885057,0,0.0436046511627907,0,0.0670391061452514,0.0516605166051661,0.0895522388059701,0,0,0.127272727272727,0.0927835051546392,0.0974025974025974,0.12621359223301,0,0.0974025974025974,0.0324324324324324,0,0,0.0128205128205128,0,0.0494505494505494,0,0.0145985401459854,0.0382513661202186,0.064,0,0.010989010989011,0.00952380952380952,0,0.053475935828877,0.168316831683168,0.0350877192982456,0.0723404255319149,0.014018691588785,0,0,0,0,0.0544747081712062,0,0.0507246376811594,0.0481283422459893,0,0,0.0347222222222222,0.0611353711790393,0.0504587155963303,0.0993377483443709,0.0117647058823529,0.0628930817610063,0.00775193798449612,0.0163934426229508,0.0654205607476635,0.0985915492957746,0.0434782608695652,0.00355871886120996,0.0569948186528497,0.00480769230769231,0,0.0451807228915663,0.0618556701030928,0.0342857142857143,0.0526315789473684,0.0406976744186047,0,0.0133333333333333,0.0371747211895911,0,0.0792682926829268,0.0447761194029851,0,0,0,0,0.0584795321637427,0,0.0218978102189781,0.0253807106598985,0.0175438596491228,0,0,0,0,0,0.131313131313131,0.048582995951417,0.113821138211382,0.0606060606060606,0,0.0789473684210526,0.0760869565217391,0,0.127659574468085,0.0742857142857143,0.0625,0.164383561643836,0.0518518518518519,0.0218579234972678,0,0,0.0206185567010309,0.0873015873015873,0.00492610837438424,0.0613496932515337,0,0.0120481927710843,0.0384615384615385,0.0504201680672269,0.0502092050209205,0.0141643059490085,0.118012422360248,0.0918367346938776,0.0217391304347826,0.078125,0.108333333333333,0,0.00684931506849315,0.0275229357798165,0.087719298245614,0,0,0,0
"Focal adhesion",0,0.113924050632911,0.0225988700564972,0.096085409252669,0,0.0163398692810458,0,0,0.0138888888888889,0,0,0.140151515151515,0.0546875,0.0317919075144509,0.0340136054421769,0,0.0830449826989619,0,0,0.135338345864662,0.0110294117647059,0.0307017543859649,0.00977198697068404,0.118032786885246,0.0103092783505155,0,0.0233333333333333,0.0943877551020408,0,0,0.121951219512195,0.0196078431372549,0.255555555555556,0.0100671140939597,0.0981818181818182,0.0264150943396226,0.0603448275862069,0.152671755725191,0.0288713910761155,0.0112044817927171,0.0456521739130435,0.126530612244898,0.0169491525423729,0.133064516129032,0.0269461077844311,0.0069204152249135,0,0.148148148148148,0.0402298850574713,0.0294117647058824,0.0504201680672269,0,0.20414201183432,0.148148148148148,0,0.0578703703703704,0.062111801242236,0,0.155797101449275,0.0551724137931034,0.1328125,0.0317848410757946,0.0495626822157434,0.0657142857142857,0.0198675496688742,0,0.113432835820896,0.088145896656535,0.128472222222222,0.0822784810126582,0.116838487972509,0.025830258302583,0.0224719101123595,0,0.0680272108843537,0.137323943661972,0,0.0515873015873016,0.0254545454545455,0.0892857142857143,0.0684931506849315,0.194092827004219,0.172872340425532,0,0.139318885448916,0.090032154340836,0.118367346938776,0.0260223048327138,0.0490956072351421,0,0.0633333333333333,0.0854922279792746,0,0.0436507936507936,0.100529100529101,0.00373134328358209,0.0731707317073171,0,0.0358306188925081,0,0.0659025787965616,0,0.0532212885154062,0.0333333333333333,0.0722543352601156,0,0.0472222222222222,0,0,0.166666666666667,0,0.0858585858585859,0.0300429184549356,0.114391143911439,0.0975609756097561,0.084,0,0.0733590733590734,0.0426666666666667,0,0.107255520504732,0.108882521489971,0.037463976945245,0.0647482014388489,0.0402802101576182,0.0562770562770563,0.0419847328244275,0,0.0349462365591398,0,0.0159235668789809,0.108527131782946,0.129151291512915,0.0801033591731266,0.138576779026217,0.0646153846153846,0,0.0934182590233546,0,0.0515151515151515,0.0425531914893617,0.0633802816901408,0,0,0.111111111111111,0.129310344827586,0.105442176870748,0.12396694214876,0.286343612334802,0.045016077170418,0.0266272189349112,0,0,0,0,0.0611620795107034,0,0.0727272727272727,0.220956719817768,0.0104895104895105,0.0109090909090909,0,0.00636942675159236,0,0.0996884735202492,0.08300395256917,0.0378787878787879,0.0652741514360313,0.0135869565217391,0.0226628895184136,0,0,0,0.0648379052369077,0,0.0487804878048781,0.0232558139534884,0,0,0.0861244019138756,0.0697050938337802,0.0547945205479452,0.0733333333333333,0,0.0942760942760943,0,0.0239520958083832,0,0.0648464163822526,0.0673854447439353,0.0138888888888889,0.0682492581602374,0.00878734622144113,0.0156862745098039,0.117777777777778,0.0741839762611276,0.0698412698412698,0.128205128205128,0.0403726708074534,0.0101694915254237,0.0165016501650165,0.294642857142857,0,0.14041095890411,0.0206896551724138,0.0099009900990099,0,0.00398406374501992,0,0.101307189542484,0,0.116981132075472,0.028735632183908,0,0.00757575757575758,0,0,0,0.00796812749003984,0.0763052208835341,0.182336182336182,0.0464285714285714,0.165354330708661,0,0.0840840840840841,0.126865671641791,0,0.0396825396825397,0.109677419354839,0,0.0616740088105727,0.0240549828178694,0.0457317073170732,0,0.0118577075098814,0.00790513833992095,0.0693430656934307,0.0344827586206897,0.146341463414634,0,0.0169491525423729,0.029126213592233,0.0330882352941176,0.0489690721649485,0.00587084148727984,0.0980392156862745,0.123931623931624,0,0.101123595505618,0.194214876033058,0,0,0,0.106719367588933,0,0,0,0
"Proteoglycans in cancer",0,0.0996884735202492,0.0254237288135593,0.0546075085324232,0,0.0434782608695652,0,0,0.0244755244755245,0,0,0.139622641509434,0.106122448979592,0.0623145400593472,0.186770428015564,0,0.129496402877698,0,0,0.18359375,0.0222222222222222,0.00425531914893617,0.0436241610738255,0.117647058823529,0.0207612456747405,0,0.0301003344481605,0.105398457583548,0,0.0120967741935484,0.154166666666667,0.0398671096345515,0.123015873015873,0.0449826989619377,0.0448275862068966,0.05,0.0511363636363636,0.118081180811808,0.031496062992126,0.0225988700564972,0.0547045951859956,0.126016260162602,0.0487804878048781,0.105882352941176,0.097444089456869,0.0103806228373702,0,0.166666666666667,0.0371428571428571,0.027027027027027,0.0458333333333333,0.20414201183432,0,0.128712871287129,0,0.0601851851851852,0.0619195046439628,0,0.12280701754386,0.0886524822695035,0.150197628458498,0.047029702970297,0.0617647058823529,0.0564971751412429,0.03,0.00706713780918728,0.259259259259259,0.114906832298137,0.124137931034483,0.106451612903226,0.13986013986014,0.029520295202952,0.0262172284644195,0,0.0899653979238754,0.144876325088339,0,0.0857142857142857,0.0599250936329588,0.143302180685358,0.0719178082191781,0.188284518828452,0.133333333333333,0.0122448979591837,0.1792,0.0967741935483871,0.117886178861789,0.022140221402214,0.0738786279683377,0,0.0996563573883162,0.126005361930295,0,0.0731707317073171,0.114973262032086,0.0305343511450382,0.127737226277372,0,0.0704697986577181,0,0.093841642228739,0,0.0710227272727273,0.064638783269962,0.0689655172413793,0.0196078431372549,0.13855421686747,0,0,0.146443514644351,0,0.0939086294416244,0.0570175438596491,0.0978260869565217,0.063973063973064,0.119341563786008,0,0.0772200772200772,0.0481283422459893,0,0.235087719298246,0.118155619596542,0.0680473372781065,0.125,0.105947955390335,0.103603603603604,0.0262172284644195,0,0.0662983425414365,0,0.0355987055016181,0.168478260869565,0.0848056537102474,0.102631578947368,0.142322097378277,0.084375,0,0.121739130434783,0.0137931034482759,0.0513595166163142,0.0625,0.113970588235294,0,0,0.1285140562249,0.138528138528139,0.108843537414966,0.142259414225941,0.0539568345323741,0.0550161812297735,0.045045045045045,0,0,0.00425531914893617,0,0.216783216783217,0,0.0802919708029197,0.177631578947368,0.039426523297491,0.0333333333333333,0.0121951219512195,0.0281385281385281,0,0.246478873239437,0.104417670682731,0.0576923076923077,0.0877659574468085,0,0.0140056022408964,0,0,0,0.0726817042606516,0,0.0559440559440559,0.0443786982248521,0,0,0.0731132075471698,0.114206128133705,0.0692520775623269,0.0695364238410596,0.0167364016736402,0.151943462897526,0.0034965034965035,0.0685358255451713,0,0.0793103448275862,0.0876712328767123,0.0502392344497608,0.124610591900312,0.0231316725978648,0.0317460317460317,0.122494432071269,0.103343465045593,0.0868167202572347,0.115168539325843,0.073482428115016,0.0346020761245675,0.0198019801980198,0.168900804289544,0,0.128378378378378,0.027681660899654,0.00986842105263158,0,0.012,0,0.119205298013245,0,0.0645161290322581,0.154340836012862,0.0224719101123595,0.150862068965517,0,0,0,0.00395256916996047,0.0979591836734694,0.146005509641873,0.0808823529411765,0.0722021660649819,0.0108024691358025,0.214765100671141,0.110024449877751,0,0.052,0.123778501628664,0,0.066079295154185,0.0310344827586207,0.0851735015772871,0,0.028,0.0199203187250996,0.126436781609195,0.124610591900312,0.137931034482759,0,0.0299145299145299,0.0633333333333333,0.0483271375464684,0.0708661417322835,0.00782778864970646,0.127090301003344,0.147826086956522,0,0.104868913857678,0.198347107438017,0,0.0033003300330033,0.0228136882129278,0.1285140562249,0,0,0,0
"Yersinia infection",0,0.0871212121212121,0.0421052631578947,0.0296610169491525,0,0.020746887966805,0,0,0.00442477876106195,0,0,0.0976744186046512,0.0459183673469388,0.0354609929078014,0.0257510729613734,0,0.0829694323144105,0,0,0.117924528301887,0.111111111111111,0.0179640718562874,0.016597510373444,0.0823529411764706,0,0,0.0125523012552301,0.0963855421686747,0,0.0234741784037559,0.076530612244898,0.127853881278539,0.0706638115631692,0.00425531914893617,0.0304347826086957,0.00975609756097561,0.0482758620689655,0.133971291866029,0.147368421052632,0.00338983050847458,0.0558375634517767,0.0710659898477157,0.0173160173160173,0.213483146067416,0.0419463087248322,0,0,0.0753768844221105,0.027681660899654,0.0655737704918033,0.0818713450292398,0.148148148148148,0.128712871287129,0,0,0.0181818181818182,0.144628099173554,0,0.128888888888889,0.217171717171717,0.119402985074627,0.0288184438040346,0.113207547169811,0.0921985815602837,0.0340425531914894,0.0233644859813084,0.0620689655172414,0.0577617328519856,0.25,0.0694980694980695,0.140350877192982,0,0.0721649484536082,0,0.106666666666667,0.188940092165899,0.0126582278481013,0.0526315789473684,0.136125654450262,0.213709677419355,0.10762331838565,0.09,0.0930232558139535,0,0.0753205128205128,0.118367346938776,0.14207650273224,0.0343137254901961,0.235507246376812,0,0.0627615062761506,0.237762237762238,0,0.0259067357512953,0.206185567010309,0.0569948186528497,0.197044334975369,0,0.0284552845528455,0,0.0696864111498258,0,0.139194139194139,0.014218009478673,0.0479452054794521,0.0718232044198895,0.0469798657718121,0,0,0.100529100529101,0,0.102719033232628,0.0233918128654971,0.227979274611399,0.141552511415525,0.101604278074866,0,0.0597014925373134,0.00928792569659443,0,0.0631970260223048,0.0841750841750842,0.0727272727272727,0.0947867298578199,0.058,0.0346820809248555,0.0297029702970297,0,0.103448275862069,0,0.0119521912350598,0.174193548387097,0.0855855855855856,0.0696969696969697,0.154589371980676,0.185654008438819,0,0.0440835266821346,0,0.0561797752808989,0.13595166163142,0.0921658986175115,0,0,0.131578947368421,0.0824175824175824,0.140350877192982,0.210526315789474,0.0179372197309417,0.0441767068273092,0.151020408163265,0,0,0,0,0.0722433460076046,0,0.0267857142857143,0.0728929384965831,0.00448430493273543,0.00471698113207547,0.0223463687150838,0.00987654320987654,0,0.0549450549450549,0.0717948717948718,0.105820105820106,0.0685358255451713,0.0165016501650165,0.0206896551724138,0,0,0,0.103658536585366,0,0.0488888888888889,0.036101083032491,0,0,0.219435736677116,0.159722222222222,0.118881118881119,0.189814814814815,0.023121387283237,0.0788381742738589,0.0780487804878049,0.0413533834586466,0,0.253807106598985,0.103333333333333,0.0303867403314917,0.100746268656716,0.0262096774193548,0.00518134715025907,0.120204603580563,0.104089219330855,0.0381679389312977,0.149305555555556,0.0505836575875486,0.00431034482758621,0.10958904109589,0.185897435897436,0,0.121338912133891,0.126829268292683,0,0,0.016304347826087,0,0.114754098360656,0.00497512437810945,0.0794392523364486,0.0209059233449477,0.00485436893203883,0.005,0,0,0,0.0273224043715847,0.0797872340425532,0.129032258064516,0.0555555555555556,0.1,0,0.0842490842490843,0.251612903225806,0,0.053475935828877,0.1625,0,0.0538922155688623,0.136585365853659,0.0296296296296296,0,0.00526315789473684,0,0.212765957446809,0.0102739726027397,0.11864406779661,0,0.0479041916167665,0.0160642570281124,0.167567567567568,0.1438127090301,0.0135440180586907,0.101626016260163,0.157894736842105,0,0.168367346938776,0.131313131313131,0,0.0303030303030303,0.00495049504950495,0.113989637305699,0,0,0,0
"Mucin type O-glycan biosynthesis",0,0,0,0,0,0,0,0,0,0,0,0,0,0,0,0,0,0,0,0,0,0,0,0,0,0,0,0,0,0,0,0,0,0,0,0,0,0,0,0,0,0,0,0,0,0,0,0,0,0,0,0,0,0,0,0,0,0,0,0,0,0,0,0,0,0,0,0,0,0,0,0,0,0,0,0,0,0,0,0,0,0,0,0,0,0,0,0,0,0,0,0,0,0,0,0,0,0,0,0,0,0,0,0,0,0,0,0,0,0,0,0,0,0,0,0,0,0,0,0,0,0,0,0,0,0,0,0,0,0,0,0,0,0,0,0,0,0,0,0,0,0,0.0112359550561798,0,0,0,0,0,0,0,0,0,0,0,0,0,0,0,0,0,0,0,0,0,0,0,0,0,0,0,0,0,0,0,0,0,0,0,0,0,0,0,0,0,0,0,0,0,0,0,0,0,0,0,0,0,0,0,0,0,0,0,0,0,0,0,0,0,0,0,0,0,0,0,0,0,0,0,0,0,0,0,0,0,0,0,0,0,0,0,0,0,0,0,0,0,0,0,0,0,0,0,0,0,0,0,0,0,0,0,0,0,0,0,0,0.0158730158730159,0,0
"Calcium signaling pathway",0,0.0921409214092141,0.027363184079602,0.0813253012048193,0,0,0,0,0.058641975308642,0,0,0.0352941176470588,0.146428571428571,0.142857142857143,0.095679012345679,0,0.0459770114942529,0,0,0.0382352941176471,0,0,0.103975535168196,0.0397877984084881,0.0615384615384615,0,0.0948012232415902,0.142857142857143,0,0.00363636363636364,0.0380952380952381,0.0254237288135593,0.096085409252669,0.169435215946844,0.0382352941176471,0.117647058823529,0.2,0.0351906158357771,0.0278422273781903,0,0.0704225352112676,0.0973154362416107,0.150819672131148,0.00302114803625378,0.0918518518518519,0.00884955752212389,0,0.0891089108910891,0.0048661800486618,0.012,0.0203389830508475,0.0578703703703704,0.0601851851851852,0.0181818181818182,0,0,0,0,0.0192837465564738,0.0377906976744186,0.00887573964497041,0.0823798627002288,0,0.0119331742243437,0.00279329608938547,0,0.0216867469879518,0.175287356321839,0.0245231607629428,0.0826446280991736,0.0835734870317003,0,0,0,0.028169014084507,0.050561797752809,0.00564971751412429,0.0326797385620915,0.00909090909090909,0.0220588235294118,0.00554016620498615,0.0739549839228296,0.146853146853147,0.0205479452054795,0.116312056737589,0.012987012987013,0.00308641975308642,0.0447284345047923,0.0043956043956044,0,0.117824773413897,0.0609480812641084,0,0.0572390572390572,0.0637813211845103,0.00313479623824451,0.0589970501474926,0,0.075801749271137,0,0.00954653937947494,0,0.0166666666666667,0.137931034482759,0.0144230769230769,0,0.0567901234567901,0,0.0253623188405797,0.0156739811912226,0.00343642611683849,0.0277777777777778,0.0069204152249135,0.0231884057971014,0.00549450549450549,0,0,0.00304878048780488,0.0548926014319809,0,0.0606860158311346,0.0403800475059382,0.0326633165829146,0.126623376623377,0.0840336134453782,0.0172413793103448,0.0062111801242236,0,0.0480769230769231,0,0.117824773413897,0.105990783410138,0.0562130177514793,0.0983606557377049,0.056547619047619,0.0392670157068063,0,0.0272232304900181,0.033033033033033,0.0904109589041096,0.0165289256198347,0.138709677419355,0.0065359477124183,0,0.0153374233128834,0.00967741935483871,0.032967032967033,0.0125391849529781,0,0.00266666666666667,0,0,0,0,0,0.0127226463104326,0,0.123376623376623,0.0138169257340242,0.103896103896104,0.0716612377850163,0,0.0649087221095335,0.0268817204301075,0.0631578947368421,0.035031847133758,0.0124610591900312,0.0600461893764434,0,0,0.0109489051094891,0,0,0.0575221238938053,0,0.0830769230769231,0.0775401069518717,0,0,0,0.0563380281690141,0,0.00539083557951483,0.00342465753424658,0.0591549295774648,0,0.0826446280991736,0,0,0.041958041958042,0.0294736842105263,0.0731070496083551,0.0262725779967159,0.00977198697068404,0.146997929606625,0.0048661800486618,0.13782991202346,0.0468384074941452,0.109195402298851,0.140522875816993,0.0112676056338028,0.0945945945945946,0,0.0726256983240224,0.0266272189349112,0,0,0.0412371134020619,0.00996677740863787,0.0374331550802139,0.00315457413249211,0.0116618075801749,0.0906666666666667,0.129370629370629,0,0,0,0,0.00662251655629139,0.0633333333333333,0.179746835443038,0.033033033033033,0.00289017341040462,0.0322108345534407,0.00733496332518337,0.0327868852459016,0,0.0503355704697987,0.031331592689295,0,0.0103806228373702,0,0.119318181818182,0.00993377483443709,0.0734265734265734,0.0408163265306122,0.033033033033033,0.0024390243902439,0.0857142857142857,0.120287253141831,0.0319148936170213,0.0821114369501466,0.0246913580246914,0.0043859649122807,0.0329067641681901,0.0078125,0.0536912751677852,0,0.0329341317365269,0.0461538461538462,0,0.0028328611898017,0.1,0,0,0,0,0
"Measles",0,0.0359712230215827,0.159533073929961,0,0,0,0,0,0,0,0,0.123222748815166,0,0.013840830449827,0.00418410041841004,0,0.0732758620689655,0,0.0036231884057971,0.101851851851852,0.233918128654971,0.0961538461538462,0.0123456790123457,0.0653846153846154,0,0,0,0.0549132947976879,0,0.0658536585365854,0.115789473684211,0.127272727272727,0.125842696629213,0,0.00421940928270042,0.00970873786407767,0.0132890365448505,0.0672645739910314,0.197080291970803,0.0384615384615385,0.0803108808290155,0.0871794871794872,0.00425531914893617,0.0333333333333333,0.0506756756756757,0.00442477876106195,0,0.0804020100502513,0.0170648464163823,0.026246719160105,0.0628571428571429,0.062111801242236,0.0619195046439628,0.144628099173554,0,0,0,0,0.0323886639676113,0.203980099502488,0.13,0.028735632183908,0.116981132075472,0.0231788079470199,0.0608695652173913,0.0232558139534884,0.0655172413793104,0.0103092783505155,0.134782608695652,0.0692307692307692,0.0785123966942149,0.114583333333333,0.077319587628866,0,0.0593220338983051,0.126086956521739,0.00416666666666667,0.0806451612903226,0.101010101010101,0.342222222222222,0.087719298245614,0.0895522388059701,0.0619718309859155,0,0.131313131313131,0.170212765957447,0.122994652406417,0.0143540669856459,0.0996784565916399,0,0.0493827160493827,0.263345195729537,0,0,0.213793103448276,0.0732984293193717,0.156398104265403,0,0.00793650793650794,0,0.0769230769230769,0,0.333333333333333,0,0.180769230769231,0.114285714285714,0.0468227424749164,0,0,0.0609137055837563,0,0.063953488372093,0.0232558139534884,0.0484581497797357,0.183962264150943,0.106951871657754,0,0.138297872340426,0,0,0.0708955223880597,0.0253968253968254,0.00338983050847458,0.0175438596491228,0.0772357723577236,0.0169491525423729,0.0346534653465347,0,0.18450184501845,0,0,0.166134185303514,0.0707964601769911,0.0662650602409639,0.137440758293839,0.1417004048583,0,0.0464037122969838,0,0.0520446096654275,0.224025974025974,0.0484581497797357,0,0,0.161290322580645,0.0939226519337017,0.0829875518672199,0.0666666666666667,0,0.0481927710843374,0.209401709401709,0,0,0,0,0.0520446096654275,0,0,0.154034229828851,0,0,0.0395480225988701,0.0301507537688442,0,0.0743494423791822,0.0552763819095477,0.0552763819095477,0.0487804878048781,0.0439189189189189,0.00337837837837838,0,0,0,0.134375,0,0.0304347826086957,0.0105263157894737,0,0,0.107954545454545,0.240740740740741,0.3375,0.146666666666667,0.0348837209302326,0.0653061224489796,0.174603174603175,0.0109090909090909,0,0.340540540540541,0.0506329113924051,0,0.0842490842490843,0.0261569416498994,0.0209424083769634,0.0759803921568627,0.336322869955157,0,0.0779220779220779,0.0304182509505703,0,0.109090909090909,0.0305555555555556,0,0.0717131474103586,0.131707317073171,0,0,0.0162162162162162,0,0.109756097560976,0.00995024875621891,0.0220264317180617,0.027972027972028,0,0.0202020202020202,0,0,0,0.0161290322580645,0.0515463917525773,0.0293255131964809,0.0651162790697674,0.171717171717172,0,0.0457746478873239,0.105113636363636,0,0.0531914893617021,0.0980392156862745,0,0.0411764705882353,0.119617224880383,0.0145454545454545,0,0,0,0.180412371134021,0.0206896551724138,0.0392156862745098,0,0.0476190476190476,0.00395256916996047,0.095959595959596,0.350393700787402,0.0250569476082005,0.088,0.0641711229946524,0,0.100478468899522,0.0975609756097561,0,0.0213675213675214,0,0.142857142857143,0,0,0,0
"Tryptophan metabolism",0,0,0,0,0,0,0.0253164556962025,0,0,0,0.0746268656716418,0,0,0,0,0.184210526315789,0,0,0,0,0,0,0,0,0,0,0,0,0.0684931506849315,0,0,0,0,0,0,0.0277777777777778,0,0,0,0,0,0,0,0,0.00190839694656489,0,0.0506329113924051,0,0,0,0,0,0,0,0,0,0,0,0,0,0,0,0,0,0,0,0,0,0,0,0,0,0,0.0294117647058824,0,0,0,0.00970873786407767,0,0,0,0,0,0,0,0,0,0,0,0.0952380952380952,0,0.00389105058365759,0.164383561643836,0,0,0,0,0.0317460317460317,0,0.0454545454545455,0,0.0294117647058824,0,0,0.00478468899521531,0,0,0.179775280898876,0,0,0.0126582278481013,0.0150943396226415,0,0,0,0,0,0,0.013215859030837,0,0,0,0,0,0,0,0,0.036036036036036,0,0,0,0,0,0.0118110236220472,0,0,0.032967032967033,0.0028328611898017,0,0,0,0,0,0,0,0,0,0,0,0,0.0276243093922652,0.0128205128205128,0.0280373831775701,0,0,0,0.0140845070422535,0,0,0,0,0,0.00643086816720257,0,0,0,0,0,0,0,0,0,0.0254237288135593,0,0.0285714285714286,0,0,0,0.123076923076923,0,0,0,0,0,0,0,0,0.058252427184466,0,0,0,0,0.00242718446601942,0,0,0,0,0,0.0175438596491228,0,0,0,0,0,0,0,0,0.0340909090909091,0.0952380952380952,0,0,0,0,0,0,0.0735294117647059,0,0.142857142857143,0,0,0,0.00763358778625954,0,0,0,0,0,0,0,0,0,0,0,0,0,0.0217391304347826,0,0,0,0,0.025974025974026,0.0328947368421053,0,0,0,0.00574712643678161,0,0.0987654320987654,0,0,0.0571428571428571,0,0,0,0.0495049504950495,0,0.0272727272727273,0
"Leukocyte transendothelial migration",0,0.06,0.00364963503649635,0.0231481481481481,0,0.00900900900900901,0,0,0.0301507537688442,0,0,0.0439024390243902,0.0338983050847458,0.0424710424710425,0.0333333333333333,0,0.0610328638497653,0,0,0.0696517412935323,0.0217391304347826,0,0,0.0283400809716599,0.0298507462686567,0,0.0328638497652582,0.0754716981132075,0,0.00485436893203883,0.0738636363636364,0.0227272727272727,0.0257510729613734,0.014218009478673,0.0238095238095238,0.0164835164835165,0.0291970802919708,0.0643564356435644,0.023489932885906,0,0.0478723404255319,0.0384615384615385,0.0289855072463768,0.121387283236994,0.0187074829931973,0.0099009900990099,0,0.0666666666666667,0.0416666666666667,0.00821917808219178,0.0448717948717949,0.155797101449275,0.12280701754386,0.128888888888889,0,0.0192837465564738,0.0323886639676113,0,0,0.0682926829268293,0.0572916666666667,0.0403726708074534,0.05,0.196652719665272,0,0,0.0553505535055351,0.0463320463320463,0.0867579908675799,0.0493827160493827,0.0967741935483871,0,0.00540540540540541,0,0.0657276995305164,0.0875576036866359,0.0186915887850467,0.0409356725146199,0.0773480662983425,0.0608365019011407,0.0416666666666667,0.0652173913043478,0.0630630630630631,0,0.0518638573743922,0.037037037037037,0.0625,0.0271739130434783,0.139285714285714,0,0.0593607305936073,0.102990033222591,0,0.0352941176470588,0.0822368421052632,0,0.0676328502415459,0,0.03125,0,0.0251798561151079,0,0.0433212996389892,0.0491803278688525,0.0289855072463768,0.0117647058823529,0.0283687943262411,0,0,0.0689655172413793,0,0.0521472392638037,0.00657894736842105,0.102564102564103,0.0363636363636364,0.0454545454545455,0,0.0380434782608696,0.00996677740863787,0,0.03125,0.102941176470588,0.0340909090909091,0.045,0.0180722891566265,0.0129032258064516,0.0391061452513966,0,0.0240549828178694,0,0.0265486725663717,0.0926517571884984,0.0788177339901478,0.0408805031446541,0.107142857142857,0.0702479338842975,0,0.0388349514563107,0,0.04,0.0504451038575668,0.0804020100502513,0,0,0.0546448087431694,0.0670731707317073,0.101851851851852,0.114457831325301,0.00985221674876847,0.0303030303030303,0.0196078431372549,0,0,0,0,0.0483870967741935,0,0.0297029702970297,0.0298165137614679,0.0202020202020202,0.0159574468085106,0,0.010443864229765,0,0.0431372549019608,0.0388888888888889,0.0685714285714286,0.0771812080536913,0,0.170940170940171,0,0,0,0.0303030303030303,0,0.0594059405940594,0.0392156862745098,0,0,0.0668604651162791,0.0540540540540541,0.0275862068965517,0.0633484162895928,0,0.0672645739910314,0,0.0159362549800797,0,0.0563380281690141,0.099644128113879,0.0173913043478261,0.0459770114942529,0.0145833333333333,0,0.0297029702970297,0.136363636363636,0.0288065843621399,0.115523465703971,0.0420168067226891,0.0144230769230769,0.027906976744186,0.137254901960784,0,0.074235807860262,0.0245098039215686,0,0,0.0185185185185185,0,0.0964912280701754,0.00558659217877095,0.154696132596685,0.0226415094339623,0.0164835164835165,0.00561797752808989,0,0,0,0.0184049079754601,0.0584795321637427,0.146853146853147,0.0351758793969849,0.045,0,0.0418250950570342,0.105740181268882,0,0.0606060606060606,0.117391304347826,0,0.0694444444444444,0.0242718446601942,0.0158730158730159,0,0.0180722891566265,0,0.0673575129533679,0.0263157894736842,0.125581395348837,0,0.0337837837837838,0.03125,0.0601092896174863,0.0491803278688525,0,0.046218487394958,0.135483870967742,0,0.0725388601036269,0.0687830687830688,0,0.00934579439252336,0,0.0432432432432432,0,0,0,0
"Chagas disease",0,0.0815450643776824,0.0693877551020408,0.0297029702970297,0,0.0710659898477157,0,0,0.0267379679144385,0,0,0.0983606557377049,0.0493827160493827,0.117391304347826,0.0680628272251309,0,0.109375,0,0,0.128491620111732,0.136363636363636,0.0465116279069767,0.0447761194029851,0.0711111111111111,0.0319148936170213,0,0.035,0.0822368421052632,0,0.0664893617021277,0.0731707317073171,0.171270718232044,0.0714285714285714,0.0414507772020725,0.0306122448979592,0.0177514792899408,0.0674603174603175,0.0918918918918919,0.131782945736434,0.0316205533596838,0.0642458100558659,0.0731707317073171,0.0752688172043011,0.0402298850574713,0.0445632798573975,0.0380434782608696,0,0.0718562874251497,0.0194552529182879,0.0113960113960114,0.102941176470588,0.0551724137931034,0.0886524822695035,0.217171717171717,0,0.0377906976744186,0.203980099502488,0,0.0682926829268293,0,0.137724550898204,0.0697674418604651,0.135371179039301,0.0459770114942529,0.0246305418719212,0.0165745856353591,0.0705882352941176,0.0617283950617284,0.236263736263736,0.115207373271889,0.16580310880829,0.0171428571428571,0.0880503144654088,0,0.120418848167539,0.143589743589744,0.025,0.0714285714285714,0.197368421052632,0.220183486238532,0.104166666666667,0.0764705882352941,0.065625,0.00684931506849315,0.096551724137931,0.143540669856459,0.144736842105263,0.0414201183431953,0.112727272727273,0,0.123076923076923,0.212927756653992,0,0.116438356164384,0.192452830188679,0.126666666666667,0.195402298850575,0,0.0686274509803922,0,0.075098814229249,0,0.164556962025316,0.0591715976331361,0.0753968253968254,0.096551724137931,0.0297397769516729,0,0,0.101910828025478,0,0.0927152317880795,0.0144927536231884,0.0631578947368421,0.235632183908046,0.11038961038961,0,0.0987654320987654,0.0246478873239437,0,0.0590717299578059,0.0436363636363636,0.0483870967741935,0.107344632768362,0.0715835140997831,0.0212765957446809,0.00581395348837209,0,0.163265306122449,0,0.0631067961165049,0.17921146953405,0.197674418604651,0.0707070707070707,0.228915662650602,0.188405797101449,0,0.0297766749379653,0.0104712041884817,0.0786026200873362,0.152027027027027,0.134831460674157,0,0,0.168831168831169,0.08,0.222826086956522,0.139072847682119,0,0.0869565217391304,0.1875,0,0,0.0150375939849624,0,0.0739130434782609,0,0.0714285714285714,0.0845771144278607,0.0441988950276243,0.0409356725146199,0.049645390070922,0.0218579234972678,0.00434782608695652,0.0765957446808511,0.0740740740740741,0.10828025477707,0.107913669064748,0.0148698884758364,0,0.008,0,0,0.135416666666667,0,0.0578947368421053,0.0815450643776824,0,0,0.123809523809524,0.145593869731801,0.168032786885246,0.213114754098361,0.0597014925373134,0.076555023923445,0.0689655172413793,0.0476190476190476,0,0.308641975308642,0.0922509225092251,0.0180722891566265,0.11587982832618,0.0149892933618844,0,0.0921409214092141,0.164444444444444,0.0440528634361234,0.125475285171103,0.146341463414634,0.0366492146596859,0.0890052356020942,0.043613707165109,0,0.213541666666667,0.159763313609467,0.0404040404040404,0,0.0482758620689655,0.00657894736842105,0.0772727272727273,0,0.0208333333333333,0.0530612244897959,0.0617283950617284,0,0,0,0,0.0268456375838926,0.12,0.09375,0.0722222222222222,0.101123595505618,0.00180831826401447,0.0653061224489796,0.12779552715655,0,0.102040816326531,0.14018691588785,0,0.0681818181818182,0.151162790697674,0.08,0,0.0469798657718121,0.0130718954248366,0.237179487179487,0.0612244897959184,0.12807881773399,0.00638297872340425,0.138211382113821,0.058252427184466,0.231292517006803,0.154135338345865,0.0222222222222222,0.140096618357488,0.108843537414966,0,0.114942528735632,0.0988372093023256,0,0.0572916666666667,0.05,0.146496815286624,0,0,0,0
"Colorectal cancer",0,0.134615384615385,0.020746887966805,0.0158730158730159,0,0.0773480662983425,0,0,0,0,0,0.267123287671233,0.0694444444444444,0.025531914893617,0.0804597701149425,0,0.119318181818182,0,0.00446428571428571,0.256756756756757,0.0192307692307692,0.122641509433962,0.0157068062827225,0.15979381443299,0,0,0.0105820105820106,0.0905923344947735,0,0.0131578947368421,0.311475409836066,0.0769230769230769,0.0951219512195122,0,0.0163934426229508,0.012987012987013,0.0411522633744856,0.231788079470199,0.0298507462686567,0.0606060606060606,0.0579710144927536,0.259842519685039,0.0165745856353591,0.0645161290322581,0.0516605166051661,0,0,0.293650793650794,0.00408163265306122,0.0210843373493976,0.107438016528926,0.1328125,0.150197628458498,0.119402985074627,0,0.00887573964497041,0.13,0,0.0572916666666667,0.137724550898204,0,0.0337837837837838,0.0990990990990991,0.028,0.0434782608695652,0,0.291457286432161,0.0614035087719298,0.154696132596685,0.13,0.148351648351648,0.0945945945945946,0.0536912751677852,0,0.112359550561798,0.189655172413793,0,0.120300751879699,0.0440251572327044,0.225490196078431,0.0949720670391061,0.255639097744361,0.120689655172414,0,0.158878504672897,0.205405405405405,0.206106870229008,0.0191082802547771,0.0507246376811594,0,0.0972972972972973,0.10989010989011,0,0.072992700729927,0.136363636363636,0.0408163265306122,0.12280701754386,0,0.0575916230366492,0,0.11304347826087,0,0.0833333333333333,0,0.0944206008583691,0.0214285714285714,0.0966386554621849,0,0,0.246031746031746,0,0.113475177304965,0.24,0.107142857142857,0.087431693989071,0.270491803278689,0,0.208955223880597,0.0456273764258555,0,0.277173913043478,0.0753968253968254,0.029535864978903,0.0975609756097561,0.0765765765765766,0.142857142857143,0.0466666666666667,0,0.076,0,0.00995024875621891,0.146520146520147,0.0614525139664804,0.122676579925651,0.205128205128205,0.116504854368932,0,0.0871934604904632,0,0.0694444444444444,0.0483870967741935,0.0568181818181818,0,0,0.464285714285714,0.505154639175258,0.154696132596685,0.209302325581395,0,0.0717948717948718,0.0645161290322581,0,0,0.00847457627118644,0,0.149253731343284,0,0.0783132530120482,0.111111111111111,0,0,0,0.0228571428571429,0,0.331460674157303,0.161764705882353,0.0463576158940397,0.0895522388059701,0.0239043824701195,0,0,0,0,0.126811594202899,0,0.0393258426966292,0.0216450216450216,0,0,0.100977198697068,0.164609053497942,0.076,0.101604278074866,0,0.14207650273224,0.00591715976331361,0.0134529147982063,0,0.113636363636364,0.0687022900763359,0.0287539936102236,0.156398104265403,0.0200445434298441,0.0214285714285714,0.115273775216138,0.177033492822967,0.0375586854460094,0.106719367588933,0.037914691943128,0,0.0212765957446809,0.103806228373702,0,0.166666666666667,0.0404624277456647,0,0,0.00740740740740741,0,0.121827411167513,0,0.0975609756097561,0.0803571428571429,0,0.145038167938931,0,0,0,0.00735294117647059,0.134328358208955,0.107407407407407,0.120253164556962,0.161290322580645,0,0.123853211009174,0.0870967741935484,0,0.0735294117647059,0.106796116504854,0,0.0869565217391304,0.0520231213872832,0.0913461538461538,0,0,0,0.164473684210526,0.104072398190045,0.065,0,0,0.0520833333333333,0.0576923076923077,0.119230769230769,0.0257731958762887,0.229050279329609,0.185483870967742,0,0.178807947019868,0.291044776119403,0,0,0,0.344262295081967,0,0,0,0
"Hormone signaling",0,0.101796407185629,0.0106951871657754,0.0622950819672131,0,0.0348101265822785,0,0,0.124087591240876,0.00823045267489712,0,0.0325732899022801,0.04,0.0906432748538012,0.0810810810810811,0,0.0444444444444444,0,0,0.089041095890411,0,0,0.0382165605095541,0.043859649122807,0.131386861313869,0,0.059016393442623,0.155844155844156,0,0.0381526104417671,0.0354609929078014,0.0154798761609907,0.0819366852886406,0.0856164383561644,0.0159744408945687,0.0249110320284698,0.129032258064516,0.022508038585209,0.0124069478908189,0.00265957446808511,0.0205338809034908,0.0318021201413428,0.153284671532847,0.03125,0.0100719424460432,0,0,0.0314685314685315,0.008,0.00641025641025641,0.0513833992094862,0.0317848410757946,0.047029702970297,0.0288184438040346,0,0.0823798627002288,0.028735632183908,0,0.0403726708074534,0.0697674418604651,0.0337837837837838,0,0.0444444444444444,0.0156657963446475,0.00309597523219814,0,0.0263852242744063,0.0840579710144927,0.024024024024024,0.108359133126935,0.179930795847751,0.00341296928327645,0.0471014492753623,0,0.0819672131147541,0.0272727272727273,0,0.101960784313725,0.00336700336700337,0.035230352303523,0.0412698412698413,0.0418118466898955,0.0778301886792453,0.0354330708661417,0.0946142649199418,0.0201149425287356,0.0740740740740741,0.0245614035087719,0.00956937799043062,0,0.163194444444444,0.0357142857142857,0,0.0772200772200772,0.0746268656716418,0.00352112676056338,0.0285714285714286,0,0.0915032679738562,0,0.043010752688172,0,0.0208333333333333,0.0925925925925926,0.069060773480663,0,0.0234375,0,0.00813008130081301,0.024822695035461,0,0.0182648401826484,0,0.022508038585209,0.0184615384615385,0.036101083032491,0,0.024390243902439,0.0795755968169761,0,0.0308988764044944,0.0333333333333333,0.0134770889487871,0.0909090909090909,0.0304054054054054,0.00386100386100386,0.00347222222222222,0,0.00753768844221105,0,0.131756756756757,0.138107416879795,0.0662251655629139,0.0822942643391521,0.0596026490066225,0.0254957507082153,0,0.023121387283237,0.0439189189189189,0.0371428571428571,0.0200892857142857,0.0927835051546392,0,0.00760456273764259,0.0313588850174216,0.025830258302583,0.0590062111801242,0.0249110320284698,0.0065359477124183,0.065625,0.00833333333333333,0,0,0,0,0.0521739130434783,0,0.0989399293286219,0.0241187384044527,0.0931899641577061,0.0769230769230769,0,0.0208333333333333,0.0358208955223881,0.0221606648199446,0.0247349823321555,0.00346020761245675,0.0392156862745098,0,0.00265957446808511,0.004149377593361,0,0,0.0522565320665083,0,0.0359477124183007,0.115151515151515,0,0,0.00858369098712446,0.0695876288659794,0.0255754475703325,0.0211480362537764,0,0.0791139240506329,0,0.043731778425656,0,0.0218068535825545,0.0325814536340852,0.0460829493087558,0.018970189701897,0.00169779286926995,0.0110294117647059,0.0196463654223969,0.0216216216216216,0.131410256410256,0.134986225895317,0.114285714285714,0.0940766550522648,0,0.0344036697247706,0,0.159468438538206,0.00970873786407767,0,0,0.0428015564202335,0.00373134328358209,0.0202312138728324,0,0.0162866449511401,0.0840579710144927,0.0827067669172932,0,0,0,0,0,0.0716981132075472,0.0911392405063291,0.111510791366906,0.0263157894736842,0.0136157337367625,0.0385674931129477,0.0285087719298246,0,0.158333333333333,0.0434782608695652,0,0.0447154471544715,0,0.128930817610063,0,0.0542635658914729,0.0883534136546185,0.03,0.0134770889487871,0.109324758842444,0.211934156378601,0.024,0.105960264900662,0.0136518771331058,0.0192771084337349,0.00952380952380952,0.0507462686567164,0.029520295202952,0,0.0231023102310231,0.0338983050847458,0,0,0.0881226053639847,0.034965034965035,0,0,0,0
"Non-alcoholic fatty liver disease",0,0.0443686006825939,0.0429042904290429,0.00769230769230769,0,0.00760456273764259,0,0,0,0.0110497237569061,0,0.0669456066945607,0.00448430493273543,0.0264026402640264,0.00389105058365759,0,0.0637450199203187,0,0.353211009174312,0.0847457627118644,0.0651162790697674,0.0617977528089888,0.0476190476190476,0.109022556390977,0,0,0.00384615384615385,0.0521978021978022,0,0.0270880361173815,0.055045871559633,0.0682730923694779,0.0527383367139959,0.00393700787401575,0.040650406504065,0.0134529147982063,0.0253968253968254,0.0666666666666667,0.0516717325227964,0.00638977635782748,0.310240963855422,0.0502283105022831,0.00395256916996047,0.0398230088495575,0.203007518796992,0,0,0.0495495495495495,0.00317460317460317,0.00491400491400491,0.102702702702703,0.0495626822157434,0.0617647058823529,0.113207547169811,0,0,0.116981132075472,0,0.05,0.135371179039301,0.0990990990990991,0.0444444444444444,0,0.0447284345047923,0.0355731225296443,0.00421940928270042,0.0414012738853503,0.0297029702970297,0.0984251968503937,0.0459363957597173,0.08984375,0.0265486725663717,0.146464646464646,0.0045662100456621,0.072,0.116935483870968,0,0.106060606060606,0.0535714285714286,0.118881118881119,0.166666666666667,0.0675675675675676,0.0561497326203209,0,0.0582822085889571,0.140077821011673,0.11219512195122,0.013215859030837,0.0810810810810811,0,0.0459770114942529,0.147692307692308,0,0,0.0979228486646884,0.0372093023255814,0.105485232067511,0,0.0111524163568773,0,0.0688524590163934,0,0.0927152317880795,0,0.0483870967741935,0.0492610837438424,0.0184615384615385,0,0,0.0657276995305164,0,0.356890459363958,0.0157068062827225,0.0491803278688525,0.076,0.0663507109004739,0,0.0841121495327103,0.00290697674418605,0,0.0481099656357388,0.0302114803625378,0.0397350993377483,0.0416666666666667,0.268518518518519,0.0050761421319797,0.0225225225225225,0.00436681222707424,0.0727848101265823,0,0,0.0974212034383954,0.0612244897959184,0.047887323943662,0.131578947368421,0.115241635687732,0,0.0285087719298246,0.0040650406504065,0.0636042402826855,0.0675675675675676,0.0622406639004149,0,0,0.0934579439252336,0.0588235294117647,0.102766798418972,0.0917874396135266,0,0.111553784860558,0.140151515151515,0,0,0,0,0.0524475524475524,0.00537634408602151,0,0.047008547008547,0.00829875518672199,0.00432900432900433,0.0306122448979592,0.262536873156342,0,0.0477815699658703,0.0458715596330275,0.0704225352112676,0.392307692307692,0.0380952380952381,0,0,0,0.00425531914893617,0.0672268907563025,0.0218579234972678,0.0282258064516129,0.186046511627907,0,0,0.0822281167108753,0.106583072100313,0.090032154340836,0.145228215767635,0.0155440414507772,0.0449438202247191,0.0344827586206897,0.0171821305841924,0.00448430493273543,0.117647058823529,0.0510510510510511,0.293729372937294,0.0680272108843537,0.219399538106236,0.00471698113207547,0.0752941176470588,0.104895104895105,0,0.0542168674698795,0.0509090909090909,0,0.031496062992126,0.0345744680851064,0.00458715596330275,0.0871212121212121,0.0504201680672269,0,0,0.0198019801980198,0,0.0467625899280576,0,0.0121457489878543,0.00645161290322581,0,0.00917431192660551,0,0.00421940928270042,0,0.00975609756097561,0.0471698113207547,0.0512820512820513,0.13302752293578,0.0775862068965517,0,0.0641891891891892,0.0853333333333333,0.0045662100456621,0.0693069306930693,0.111940298507463,0,0.0540540540540541,0.0862068965517241,0.0348432055749129,0,0,0.00966183574879227,0.0833333333333333,0.00641025641025641,0.0520446096654275,0.00380952380952381,0.0264550264550265,0.003690036900369,0.0829493087557604,0.0972644376899696,0.228346456692913,0.1284046692607,0.0796019900497512,0.00492610837438424,0.0735930735930736,0.0657894736842105,0,0.0198412698412698,0.00452488687782805,0.0684931506849315,0,0,0.00440528634361234,0.0380434782608696
"Tight junction",0,0.00314465408805031,0.00920245398773006,0.0299625468164794,0,0.0220588235294118,0,0,0.0196850393700787,0,0,0.0075187969924812,0.0171673819742489,0.0451612903225806,0.0111940298507463,0,0.003584229390681,0,0,0.0426356589147287,0.0168067226890756,0.0150753768844221,0.0374531835205993,0.0511945392491468,0.0116279069767442,0,0.0185873605947955,0.0476190476190476,0,0,0.0125,0.0182481751824818,0.0330097087378641,0.0190114068441065,0.0466926070038911,0.0213675213675214,0.024390243902439,0.0228136882129278,0.0141242937853107,0.0218068535825545,0.0394431554524362,0.00829875518672199,0.0152091254752852,0.087719298245614,0.0267295597484277,0,0,0.00819672131147541,0.0411392405063291,0.0576441102756892,0.028436018957346,0.0657142857142857,0.0564971751412429,0.0921985815602837,0,0.0119331742243437,0.0231788079470199,0,0.196652719665272,0.0459770114942529,0.028,0.0156657963446475,0.0447284345047923,0,0.0185185185185185,0.004,0.0119047619047619,0.0726072607260726,0.0618181818181818,0.0164473684210526,0.028169014084507,0.00823045267489712,0.0480349344978166,0,0.0218181818181818,0.039426523297491,0,0.045045045045045,0.00809716599190283,0.0246153846153846,0.0449438202247191,0.00806451612903226,0.0303030303030303,0.014218009478673,0.0247813411078717,0.0551724137931034,0.0211864406779661,0,0.222950819672131,0,0.0141843971631206,0.0348525469168901,0,0.0176991150442478,0.0159151193633952,0.00425531914893617,0.0223048327137546,0,0.0178571428571429,0,0.036697247706422,0,0.00882352941176471,0.0292887029288703,0.0029673590504451,0,0.033033033033033,0,0,0.0169491525423729,0,0.0205655526992288,0.00485436893203883,0.0632411067193676,0.0143884892086331,0.00847457627118644,0,0.00823045267489712,0.00845070422535211,0,0.0127388535031847,0.0442477876106195,0.00306748466257669,0.047808764940239,0.0274725274725275,0.0193236714975845,0.0169491525423729,0,0.0144092219020173,0,0.0141843971631206,0.0259067357512953,0.0380228136882129,0.0185185185185185,0.0383141762452107,0.0195439739413681,0,0.0147368421052632,0.015625,0.0129032258064516,0.0099009900990099,0.0306513409961686,0,0,0.0334728033472803,0.00881057268722467,0.0656934306569343,0.0213675213675214,0.00387596899224806,0.0695970695970696,0.0431893687707641,0,0,0.01,0,0,0,0.0564516129032258,0.0679405520169851,0.0158730158730159,0.012396694214876,0,0.0376470588235294,0,0.00628930817610063,0.00416666666666667,0.0524017467248908,0.0135135135135135,0.0149253731343284,0.096989966555184,0,0,0,0.0287206266318538,0,0,0.0224358974358974,0,0,0.0906735751295337,0.0252100840336134,0.00284900284900285,0.0212014134275618,0,0.028169014084507,0,0.0231788079470199,0,0.021978021978022,0.011142061281337,0.0331632653061225,0.0123839009287926,0.0265654648956357,0.018018018018018,0.0352422907488987,0.119047619047619,0.0519031141868512,0.0401146131805158,0.0522648083623693,0.0114503816793893,0,0.0923913043478261,0,0.0344827586206897,0.0154440154440154,0.0340909090909091,0,0.0186046511627907,0,0.0033003300330033,0,0.0823045267489712,0.0220125786163522,0.0170212765957447,0,0,0,0,0,0.00427350427350427,0.0552486187845304,0.0441767068273092,0.0115384615384615,0.00485436893203883,0.0123456790123457,0.0880829015544041,0,0.0132743362831858,0.0506756756756757,0,0.00483091787439614,0.0153256704980843,0.0437710437710438,0,0.0136363636363636,0.0136986301369863,0.00386100386100386,0.09,0.0571428571428571,0,0,0.0142348754448399,0.0247933884297521,0.0246575342465753,0.0299785867237687,0.0412371134020619,0.013215859030837,0,0.00772200772200772,0.0281124497991968,0,0,0.0173160173160173,0.0122950819672131,0,0,0,0.0355329949238579
"Mitophagy - animal",0,0.0241935483870968,0.0232558139534884,0,0,0.0142857142857143,0,0,0.0210526315789474,0,0,0.0357142857142857,0.0238095238095238,0.00387596899224806,0.0198019801980198,0,0.00938967136150235,0,0,0.0569948186528497,0.0411764705882353,0.0458015267175573,0.004739336492891,0.0253164556962025,0,0,0,0.0216049382716049,0,0,0.0348837209302326,0.0288461538461538,0.0174291938997821,0.00495049504950495,0,0.0116279069767442,0.0037037037037037,0.0461538461538462,0.0690909090909091,0.00766283524904215,0.0268096514745308,0.0348837209302326,0,0.00549450549450549,0.072992700729927,0,0,0.0284090909090909,0.0193050193050193,0.0258620689655172,0.0201342281879195,0.0198675496688742,0.03,0.0340425531914894,0,0.00279329608938547,0.0608695652173913,0,0,0.0246305418719212,0.0434782608695652,0.00309597523219814,0.0355731225296443,0.0185185185185185,0,0,0.0223048327137546,0.0196078431372549,0.0365296803652968,0.029535864978903,0.0318181818181818,0.0169491525423729,0.0294117647058824,0,0.0188679245283019,0.0514018691588785,0,0.0245398773006135,0.010989010989011,0.0509803921568627,0.019047619047619,0.0335195530726257,0.0457317073170732,0.0205479452054795,0.0240770465489567,0.0616740088105727,0.0538922155688623,0,0.0232558139534884,0,0.0184331797235023,0.0524590163934426,0,0.0185185185185185,0.0358306188925081,0.0118343195266272,0.0606060606060606,0,0.00917431192660551,0,0.170940170940171,0,0.0183150183150183,0,0.00738007380073801,0.0254777070063694,0.0371747211895911,0,0,0.0355029585798817,0,0.0342679127725857,0.0289855072463768,0,0.0235849056603774,0.0236686390532544,0,0.0112359550561798,0.013840830449827,0,0.0284552845528455,0.0176056338028169,0.0234375,0.0476190476190476,0.039832285115304,0.0428571428571429,0,0,0.0323741007194245,0,0,0.034375,0.0297029702970297,0.0256410256410256,0.0404040404040404,0.0333333333333333,0,0.0121359223300971,0,0.0418410041841004,0.0238805970149254,0.02,0,0,0.0459770114942529,0.0314465408805031,0.0412844036697248,0.0357142857142857,0,0.00888888888888889,0.0246913580246914,0,0,0.0538461538461538,0,0.0121951219512195,0,0.0207253886010363,0.0162412993039443,0.00526315789473684,0.00558659217877095,0,0.0444444444444444,0,0.02,0.0292397660818713,0.0352941176470588,0.0163934426229508,0.0377358490566038,0,0,0,0,0.0378548895899054,0,0,0.0119521912350598,0,0,0.0379008746355685,0.0905797101449275,0.028673835125448,0.037037037037037,0,0.0271493212669683,0.010752688172043,0,0,0.0288461538461538,0.00675675675675676,0.00890207715133531,0.0438247011952191,0.0530973451327434,0.0125786163522013,0.0358056265984655,0.0393700787401575,0,0.0205479452054795,0.0171673819742489,0,0.0344827586206897,0.0212121212121212,0,0.0444444444444444,0.0259067357512953,0,0,0.0198675496688742,0,0.0127118644067797,0,0.0366492146596859,0.015625,0,0.00598802395209581,0,0,0,0,0.0179640718562874,0.0192926045016077,0.0427807486631016,0.0259067357512953,0,0.0154440154440154,0.0757575757575758,0,0,0.0336134453781513,0,0.00704225352112676,0.0362694300518135,0.0560344827586207,0,0,0,0.0540540540540541,0,0.00434782608695652,0,0,0.0138248847926267,0.0280898876404494,0.03,0.0246305418719212,0.0484581497797357,0.0248447204968944,0,0.0261780104712042,0.0437158469945355,0,0,0.0119047619047619,0.04,0,0,0,0
"Antigen processing and presentation",0,0,0.0169491525423729,0.00540540540540541,0,0.0106951871657754,0,0,0,0,0,0.0170454545454545,0,0.00427350427350427,0.00552486187845304,0,0.00526315789473684,0,0,0,0.00657894736842105,0,0.0053475935828877,0,0,0,0,0.00326797385620915,0,0.00797872340425532,0,0.111111111111111,0.00681818181818182,0.00561797752808989,0.00558659217877095,0.00671140939597315,0.0040650406504065,0,0.0150375939849624,0,0.0227920227920228,0,0.00564971751412429,0,0.00355871886120996,0,0,0,0.126760563380282,0.0341614906832298,0.0078740157480315,0,0.00706713780918728,0.0233644859813084,0,0,0.0232558139534884,0,0,0.0165745856353591,0,0,0.00421940928270042,0.004,0,0,0,0,0.0304568527918782,0.0377358490566038,0.00495049504950495,0,0.00666666666666667,0,0.0105263157894737,0,0.0892857142857143,0.036231884057971,0.118881118881119,0.00826446280991736,0.0106382978723404,0,0,0.00806451612903226,0.00490998363338789,0.0187793427230047,0,0,0.00353356890459364,0,0.00510204081632653,0.0384615384615385,0,0,0.05,0.130769230769231,0.00540540540540541,0,0.00512820512820513,0,0.00806451612903226,0,0.076271186440678,0,0.00403225806451613,0.0458015267175573,0,0,0,0,0,0,0,0,0.135294117647059,0,0,0,0.00373134328358209,0,0,0,0.00847457627118644,0,0.00212314225053079,0,0.161538461538462,0,0.114406779661017,0,0,0.0477815699658703,0.010989010989011,0.0102389078498294,0.00552486187845304,0.0135746606334842,0,0,0,0.00446428571428571,0.00314465408805031,0,0,0,0,0,0.00495049504950495,0.00671140939597315,0,0.00495049504950495,0.00446428571428571,0,0,0,0,0,0,0,0.0197044334975369,0.00602409638554217,0.0196078431372549,0.369565217391304,0.00284900284900285,0,0,0,0,0,0.0458333333333333,0.116822429906542,0,0,0,0.101083032490975,0,0,0,0,0,0.00911854103343465,0.0259259259259259,0.128755364806867,0.0101010101010101,0.237113402061856,0,0,0,0,0.00529100529100529,0,0.00317460317460317,0.0303030303030303,0.00444444444444444,0,0.016,0.0126582278481013,0,0,0.00471698113207547,0,0.00540540540540541,0,0,0.00476190476190476,0.10828025477707,0,0,0.00775193798449612,0,0.119791666666667,0.00694444444444444,0,0.00425531914893617,0.0135135135135135,0,0,0,0,0.129310344827586,0,0,0.00588235294117647,0,0,0.00420168067226891,0.00303030303030303,0,0,0.0230414746543779,0,0,0.0232558139534884,0,0,0,0,0.0118343195266272,0,0,0,0.0172413793103448,0,0.00632911392405063,0.108949416342412,0.00255754475703325,0,0,0,0,0,0,0.00555555555555556,0.00689655172413793,0,0,0,0,0.0087719298245614
"Hepatocellular carcinoma",0,0.107638888888889,0.00304878048780488,0.0185185185185185,0,0.0490566037735849,0,0,0.01171875,0,0,0.191111111111111,0.0580357142857143,0.0188679245283019,0.220720720720721,0,0.102362204724409,0,0,0.190265486725664,0,0.0150753768844221,0.0109489051094891,0.12,0.0116279069767442,0.0956937799043062,0.011070110701107,0.0448548812664908,0,0.0107991360691145,0.259067357512953,0.0371747211895911,0.0835030549898167,0.0113207547169811,0.0189393939393939,0.0127118644067797,0.0275229357798165,0.120833333333333,0.00842696629213483,0.0684039087947883,0.0275229357798165,0.215,0.0190839694656489,0.0689655172413793,0.106779661016949,0,0,0.28125,0.00611620795107034,0.0168674698795181,0.0483091787439614,0.113432835820896,0.259259259259259,0.0620689655172414,0,0.0216867469879518,0.0655172413793104,0,0.0553505535055351,0.0705882352941176,0.291457286432161,0.0263852242744063,0.0414012738853503,0.0119047619047619,0.0223048327137546,0,0,0.0551948051948052,0.0895522388059701,0.0957446808510638,0.123076923076923,0.0560344827586207,0.0169491525423729,0,0.0684410646387833,0.1284046692607,0,0.0790697674418605,0.0289256198347107,0.152249134948097,0.0608365019011407,0.225490196078431,0.108695652173913,0,0.253119429590018,0.100719424460432,0.126168224299065,0.0253164556962025,0.0163487738419619,0,0.0711610486891386,0.0633608815426997,0,0.0648148148148148,0.084985835694051,0.0216450216450216,0.0658914728682171,0,0.0477941176470588,0,0.0796178343949045,0,0.071875,0.020746887966805,0.0662460567823344,0,0.194444444444444,0,0,0.153846153846154,0,0.147398843930636,0.131147540983607,0.0846774193548387,0.0367647058823529,0.160975609756098,0,0.189320388349515,0.0467836257309941,0,0.445454545454545,0.0662650602409639,0.015527950310559,0.0604838709677419,0.133333333333333,0.110526315789474,0.0126582278481013,0.0896860986547085,0.032258064516129,0,0.0177935943060498,0.125,0.05,0.159638554216867,0.12448132780083,0.0646258503401361,0,0.105504587155963,0,0.0466666666666667,0.0381679389312977,0.0466926070038911,0,0.00465116279069767,0.247474747474747,0.265193370165746,0.0895522388059701,0.111627906976744,0,0.0541516245487365,0.0328947368421053,0,0,0.00497512437810945,0,0.250996015936255,0,0.0607287449392713,0.189125295508274,0.0118577075098814,0.012396694214876,0,0.0137931034482759,0,0.502347417840376,0.110599078341014,0.0168776371308017,0.0653409090909091,0.00890207715133531,0,0,0,0.0873362445414847,0.112994350282486,0,0.0509803921568627,0.0159235668789809,0,0,0.0551378446115288,0.119266055045872,0.0476190476190476,0.0471014492753623,0,0.127413127413127,0,0.0131147540983607,0,0.0528301886792453,0.0676470588235294,0.0686015831134565,0.143356643356643,0.0131086142322097,0.018018018018018,0.0829493087557604,0.13448275862069,0.0340136054421769,0.0900900900900901,0.023728813559322,0.0114503816793893,0.0261194029850746,0.072,0.0131004366812227,0.115241635687732,0.0115384615384615,0,0,0,0,0.105454545454545,0.00429184549356223,0.0647773279352227,0.212686567164179,0,0.28021978021978,0,0.0865800865800866,0,0.0045662100456621,0.0981308411214953,0.0852272727272727,0.0788381742738589,0.123931623931624,0,0.247148288973384,0.0606060606060606,0,0.045662100456621,0.139194139194139,0,0.0666666666666667,0.0114503816793893,0.0652920962199313,0,0.0136363636363636,0.00452488687782805,0.101694915254237,0.197802197802198,0.0533807829181495,0,0.0147058823529412,0.043956043956044,0.00813008130081301,0.0809248554913295,0.00627615062761506,0.143396226415094,0.121951219512195,0,0.10126582278481,0.2018779342723,0,0,0,0.27979274611399,0,0,0.0904977375565611,0
"Oxytocin signaling pathway",0,0.130111524163569,0.0363036303630363,0.160714285714286,0,0.0154440154440154,0,0,0.114155251141553,0,0,0.0454545454545455,0.254237288135593,0.251012145748988,0.207547169811321,0,0.06,0,0,0.118942731277533,0,0,0.15929203539823,0.109848484848485,0.108108108108108,0,0.102127659574468,0.161585365853659,0,0,0.0654205607476635,0.0476190476190476,0.0360721442885772,0.222222222222222,0.133928571428571,0.166666666666667,0.273809523809524,0.0901287553648069,0.036144578313253,0.00643086816720257,0.0484261501210654,0.0506912442396313,0.266331658291457,0.0174672489082969,0.0722689075630252,0,0,0.143564356435644,0.00641025641025641,0.00992555831265509,0.0202020202020202,0.088145896656535,0.114906832298137,0.0577617328519856,0,0.175287356321839,0.0103092783505155,0,0.0463320463320463,0.0617283950617284,0.0614035087719298,0.0840579710144927,0.0297029702970297,0.0726072607260726,0.0196078431372549,0,0.0551948051948052,0,0.0736434108527132,0.2,0.168776371308017,0.0087719298245614,0.0368663594470046,0,0.0813008130081301,0.0956175298804781,0,0.112820512820513,0.0308370044052863,0.0671140939597315,0.0476190476190476,0.0585585585585586,0.0856353591160221,0.0364583333333333,0.0834645669291339,0.0543478260869565,0.0511627906976744,0.0224215246636771,0.028735632183908,0,0.248847926267281,0.107462686567164,0,0.194444444444444,0.11178247734139,0.0091324200913242,0.125541125541126,0,0.153846153846154,0,0.0485436893203883,0,0.0282131661442006,0.241935483870968,0.0157232704402516,0,0.0894039735099338,0,0.0395480225988701,0.0465116279069767,0.00520833333333333,0.0324324324324324,0.0491803278688525,0.0583333333333333,0.0348837209302326,0.0420560747663551,0.028,0.013215859030837,0.0888888888888889,0,0.0448275862068966,0.0865384615384615,0.0434782608695652,0.305263157894737,0.06640625,0.0652173913043478,0.0135135135135135,0,0.0664556962025316,0,0.199115044247788,0.190625,0.0530612244897959,0.107784431137725,0.0622406639004149,0.0567375886524823,0,0.0400890868596882,0.0560344827586207,0.0418118466898955,0.0207792207792208,0.221153846153846,0,0,0.0357142857142857,0.0594059405940594,0.0905511811023622,0.0769230769230769,0,0.0413533834586466,0.0310344827586207,0,0,0,0.0353535353535354,0.0274914089347079,0.0393258426966292,0.204878048780488,0.0338983050847458,0.147619047619048,0.116504854368932,0,0.0570719602977667,0.0520446096654275,0.0374149659863946,0.0414746543778802,0.0134529147982063,0.0465116279069767,0,0,0.00564971751412429,0,0,0.0953757225433526,0,0.0720338983050847,0.142857142857143,0.0402298850574713,0,0.0357142857142857,0.117834394904459,0.012012012012012,0.0223880597014925,0,0.0905511811023622,0,0.143968871595331,0,0.0232558139534884,0.045045045045045,0.0743801652892562,0.118279569892473,0.0154440154440154,0.0193236714975845,0.1375,0.0363036303630363,0.313636363636364,0.111821086261981,0.181069958847737,0.168224299065421,0.00775193798449612,0.07202216066482,0,0.14,0.0508474576271186,0.0117647058823529,0,0.0461538461538462,0.00490196078431373,0.0664206642066421,0,0.0420168067226891,0.143911439114391,0.210810810810811,0.00460829493087558,0,0,0,0,0.139896373056995,0.129230769230769,0.108597285067873,0.0122448979591837,0.0271186440677966,0.0468227424749164,0.0465116279069767,0.0380952380952381,0.0974358974358974,0.0685920577617329,0,0.0320855614973262,0.0245901639344262,0.25,0,0.0721649484536082,0.112903225806452,0.084070796460177,0.0196078431372549,0.237885462555066,0.00382409177820268,0.0491803278688525,0.18942731277533,0.0688073394495413,0.00842696629213483,0.0130434782608696,0.0666666666666667,0.143617021276596,0,0.0837004405286344,0.0904977375565611,0,0,0.128205128205128,0.045045045045045,0,0,0.00444444444444444,0.0384615384615385
"T cell receptor signaling pathway",0,0.101626016260163,0.0181159420289855,0.00442477876106195,0,0.0407239819004525,0,0,0,0,0,0.151832460732984,0.0738636363636364,0.099601593625498,0.0420560747663551,0,0.0841121495327103,0,0,0.163157894736842,0.0898876404494382,0.0198675496688742,0.0361990950226244,0.120689655172414,0,0,0.00444444444444444,0.0909090909090909,0,0.0218978102189781,0.140350877192982,0.209424083769634,0.107551487414188,0,0.00454545454545455,0.0380434782608696,0.0627306273062731,0.145077720207254,0.0687285223367698,0.0408921933085502,0.0638297872340425,0.107954545454545,0.0138888888888889,0.0471204188481675,0.0449050086355786,0,0,0.131428571428571,0,0.0108108108108108,0.0903225806451613,0.128472222222222,0.124137931034483,0.25,0,0.0245231607629428,0.134782608695652,0,0.0867579908675799,0.236263736263736,0.154696132596685,0.024024024024024,0.0984251968503937,0.0618181818181818,0.0365296803652968,0.0304568527918782,0.0895522388059701,0.0736434108527132,0,0.0966386554621849,0.145539906103286,0.00510204081632653,0.0971428571428571,0,0.104265402843602,0.21,0.00448430493273543,0.0760233918128655,0.0983606557377049,0.172839506172839,0.105263157894737,0.128491620111732,0.135646687697161,0,0.0685154975530179,0.141592920353982,0.198757763975155,0.0209424083769634,0.101694915254237,0,0.0818181818181818,0.173611111111111,0,0.0705882352941176,0.205035971223022,0.0561797752808989,0.268156424581006,0,0.025974025974026,0,0.0981132075471698,0,0.0925925925925926,0,0.0861423220973783,0.0229885057471264,0.0533807829181495,0,0,0.192546583850932,0,0.129449838187702,0.0460526315789474,0.110552763819095,0.119617224880383,0.165644171779141,0,0.0706521739130435,0.0333333333333333,0,0.102040816326531,0.133333333333333,0.0528301886792453,0.108247422680412,0.0709812108559499,0.0584415584415584,0.0158730158730159,0,0.0935251798561151,0,0.0303030303030303,0.140983606557377,0.0613207547169811,0.0801282051282051,0.155440414507772,0.204545454545455,0,0.0559610705596107,0,0.0513833992094862,0.0909090909090909,0.0780487804878049,0,0,0.14367816091954,0.145569620253165,0.238578680203046,0.273333333333333,0,0.12962962962963,0.0857142857142857,0,0,0.0131578947368421,0,0.0991735537190083,0,0.0541871921182266,0.115196078431373,0,0,0.0245398773006135,0.0102827763496144,0,0.088,0.102857142857143,0.109195402298851,0.0651465798045603,0.0138888888888889,0.037037037037037,0,0,0,0.157190635451505,0,0.0377358490566038,0.0343511450381679,0,0,0.103550295857988,0.169117647058824,0.0704225352112676,0.164251207729469,0.0522875816993464,0.0941704035874439,0.0353535353535354,0.0875,0,0.166666666666667,0.0787671232876712,0.0288184438040346,0.134146341463415,0.020703933747412,0.00564971751412429,0.116402116402116,0.161157024793388,0.0281124497991968,0.129032258064516,0.139013452914798,0,0.0861244019138756,0.0993788819875776,0,0.155963302752294,0.235632183908046,0.076555023923445,0,0.0178571428571429,0,0.190697674418605,0.00540540540540541,0.0336538461538462,0.022140221402214,0.0268817204301075,0.00543478260869565,0,0,0,0.0487804878048781,0.106508875739645,0.0986842105263158,0.0761421319796954,0.0858585858585859,0,0.106719367588933,0.11044776119403,0,0.0584795321637427,0.123931623931624,0,0.0738255033557047,0.124352331606218,0.0438247011952191,0,0,0,0.358974358974359,0.0371747211895911,0.087719298245614,0,0.0192307692307692,0.0304347826086957,0.0869565217391304,0.120274914089347,0.00932400932400932,0.143497757847534,0.197368421052632,0,0.283132530120482,0.223529411764706,0,0.0136986301369863,0,0.170588235294118,0,0,0,0
"Estrogen signaling pathway",0,0.165991902834008,0.0101694915254237,0.0562770562770563,0,0.0122950819672131,0,0,0.0961538461538462,0,0,0.17910447761194,0.170454545454545,0.176706827309237,0.224489795918367,0,0.0732758620689655,0,0,0.272727272727273,0,0.00588235294117647,0.149532710280374,0.144628099173554,0.116504854368932,0,0.08,0.158730158730159,0,0,0.121693121693122,0.029045643153527,0.08207343412527,0.203045685279188,0,0.130434782608696,0.177606177606178,0.117370892018779,0.0445859872611465,0,0.0803108808290155,0.0984455958549223,0.197969543147208,0.0585365853658537,0.0436241610738255,0,0,0.187845303867403,0,0.02088772845953,0.0568181818181818,0.0822784810126582,0.106451612903226,0.0694980694980695,0,0.0826446280991736,0.0692307692307692,0,0.0493827160493827,0.115207373271889,0.13,0.108359133126935,0.0459363957597173,0.0164473684210526,0.029535864978903,0.0377358490566038,0.0957446808510638,0.2,0.0966386554621849,0,0.298507462686567,0.00469483568075117,0.0195121951219512,0,0.152073732718894,0.161434977578475,0.136792452830189,0.175438596491228,0.0186915887850467,0.135338345864662,0.0829694323144105,0.152631578947368,0.108823529411765,0.0828402366863905,0.107084019769357,0.104417670682731,0.160220994475138,0.0341463414634146,0.0148367952522255,0,0.25615763546798,0.134185303514377,0,0.124293785310734,0.113924050632911,0.00490196078431373,0.134883720930233,0,0.203791469194313,0,0.088339222614841,0,0.0505050505050505,0.168478260869565,0.0586206896551724,0.0263157894736842,0.0262295081967213,0,0.0434782608695652,0.123655913978495,0,0.0764705882352941,0.0414201183431953,0.0672645739910314,0.0635593220338983,0.118918918918919,0,0.0646766169154229,0.139372822299652,0,0.134387351778656,0.0555555555555556,0.0171821305841924,0.247311827956989,0.0685483870967742,0.0778443113772455,0,0,0.0559210526315789,0,0.128318584070796,0.220735785953177,0.0755555555555556,0.195945945945946,0.111111111111111,0.0763358778625954,0,0.0537383177570093,0.0601851851851852,0.0760456273764259,0.0357142857142857,0.18407960199005,0,0,0.085427135678392,0.125,0.125,0.112299465240642,0,0.069672131147541,0.0107142857142857,0,0,0,0,0.071969696969697,0,0.196891191709845,0.0751708428246014,0.147959183673469,0.175824175824176,0,0.0485933503836317,0.0348837209302326,0.103053435114504,0.0994764397905759,0.0194174757281553,0.0617283950617284,0.0369127516778524,0,0.0062111801242236,0,0,0.127329192546584,0,0.0972222222222222,0.120622568093385,0,0,0.0483870967741935,0.105610561056106,0.0388349514563107,0.112068965517241,0,0.12987012987013,0,0.103174603174603,0,0.0689655172413793,0.0641025641025641,0.0778097982708934,0.104477611940299,0.00591715976331361,0.0209424083769634,0.0681265206812652,0.0797101449275362,0.142259414225941,0.160839160839161,0.183406113537118,0.135922330097087,0.00411522633744856,0.0630372492836676,0,0.305825242718447,0.0175438596491228,0,0,0.112426035502959,0.00531914893617021,0.0876494023904383,0,0.0175438596491228,0.162055335968379,0.136612021857924,0,0,0,0,0,0.2,0.150819672131148,0.180412371134021,0.0497737556561086,0.0189982728842832,0.0760869565217391,0.0657534246575342,0,0.151162790697674,0.106719367588933,0,0.0598802395209581,0.0353982300884956,0.177215189873418,0,0.0666666666666667,0.0730337078651685,0.100961538461538,0,0.167400881057269,0.00992063492063492,0.0292397660818713,0.123893805309735,0.0689655172413793,0.0362537764350453,0.0321100917431193,0.0923694779116466,0.117977528089888,0,0.111111111111111,0.153846153846154,0,0,0.192982456140351,0.130890052356021,0,0,0,0.00581395348837209
"Growth hormone synthesis, secretion and action",0,0.18859649122807,0.0293040293040293,0.0861244019138756,0,0.0176991150442478,0,0,0.116402116402116,0,0,0.182795698924731,0.173913043478261,0.194805194805195,0.225274725274725,0,0.115384615384615,0,0,0.284883720930233,0.043010752688172,0.0198675496688742,0.133663366336634,0.187214611872146,0.0979381443298969,0,0.102439024390244,0.187713310580205,0,0.0144927536231884,0.174698795180723,0.0794392523364486,0.1,0.215469613259669,0.0231481481481481,0.123529411764706,0.190082644628099,0.157068062827225,0.0578231292517007,0.0108303249097473,0.101928374655647,0.107954545454545,0.17741935483871,0.0810810810810811,0.0632688927943761,0,0,0.192771084337349,0,0.00268096514745308,0.141891891891892,0.116838487972509,0.13986013986014,0.140350877192982,0,0.0835734870317003,0.0785123966942149,0,0.0967741935483871,0.16580310880829,0.148351648351648,0.179930795847751,0.08984375,0.028169014084507,0.0318181818181818,0.00495049504950495,0.123076923076923,0.168776371308017,0.145539906103286,0.298507462686567,0,0.0102564102564103,0.0726256983240224,0,0.194871794871795,0.198019801980198,0,0.194805194805195,0.0523560209424084,0.228448275862069,0.132352941176471,0.209580838323353,0.114551083591331,0.0921052631578947,0.110169491525424,0.112068965517241,0.278145695364238,0.0483870967741935,0.0317460317460317,0,0.314917127071823,0.126666666666667,0,0.159235668789809,0.155172413793103,0.010752688172043,0.14070351758794,0,0.221649484536082,0,0.110687022900763,0,0.0805860805860806,0.171597633136095,0.124031007751938,0,0.0571428571428571,0,0,0.149700598802395,0,0.0974842767295598,0.0460526315789474,0.105,0.0985915492957746,0.151515151515152,0,0.0648648648648649,0.115107913669065,0,0.120331950207469,0.0736842105263158,0.0528301886792453,0.310975609756098,0.0822784810126582,0.0516129032258065,0,0,0.0629370629370629,0,0.14975845410628,0.256317689530686,0.108374384236453,0.216606498194946,0.186170212765957,0.137339055793991,0,0.085,0.0653266331658292,0.103734439834025,0.0714285714285714,0.241573033707865,0,0,0.117977528089888,0.138364779874214,0.173076923076923,0.21656050955414,0,0.0990990990990991,0.0555555555555556,0,0,0.0065359477124183,0,0.112970711297071,0,0.222857142857143,0.0911270983213429,0.216374269005848,0.208588957055215,0,0.0424403183023873,0.0416666666666667,0.110204081632653,0.109195402298851,0.0546448087431694,0.09,0.0174216027874564,0,0,0,0,0.164983164983165,0,0.0945273631840796,0.168103448275862,0,0,0.0657142857142857,0.148014440433213,0.0482758620689655,0.175609756097561,0,0.167464114832536,0,0.0966386554621849,0,0.126829268292683,0.101398601398601,0.105263157894737,0.120481927710843,0.0185950413223141,0.0229885057471264,0.10761154855643,0.09765625,0.153153153153153,0.216216216216216,0.203791469194313,0.124352331606218,0.0133928571428571,0.0727272727272727,0.010989010989011,0.347593582887701,0.075,0,0,0.117647058823529,0,0.117903930131004,0.0108695652173913,0.018957345971564,0.188841201716738,0.130177514792899,0.00543478260869565,0,0,0,0,0.222222222222222,0.176056338028169,0.232558139534884,0.053921568627451,0.0070298769771529,0.111111111111111,0.100591715976331,0,0.190789473684211,0.0867768595041322,0,0.103448275862069,0.0533980582524272,0.15929203539823,0,0.0869565217391304,0.0875,0.164835164835165,0.00359712230215827,0.198067632850242,0.0314465408805031,0.0529801324503311,0.144927536231884,0.0695187165775401,0.0759075907590759,0.0458937198067633,0.159090909090909,0.189542483660131,0,0.132978723404255,0.245508982035928,0,0,0.23841059602649,0.170588235294118,0,0,0,0.00645161290322581
"p53 signaling pathway",0.0152671755725191,0.00448430493273543,0.0308370044052863,0.00558659217877095,0,0.00549450549450549,0,0,0,0,0,0.0679012345679012,0,0.0043859649122807,0,0,0.0220994475138122,0,0.00471698113207547,0.0545454545454545,0.00684931506849315,0.114583333333333,0,0.00471698113207547,0,0.0151515151515152,0,0,0,0.00810810810810811,0.0882352941176471,0,0.0429594272076372,0,0.00578034682080925,0,0,0.00578034682080925,0.0114942528735632,0.10952380952381,0.014367816091954,0.104477611940299,0,0,0.0182481751824818,0.00617283950617284,0,0.102189781021898,0.00429184549356223,0.00306748466257669,0,0.025830258302583,0.029520295202952,0,0,0,0.114583333333333,0,0,0.0171428571428571,0.0945945945945946,0.00341296928327645,0.0265486725663717,0.00823045267489712,0.0169491525423729,0,0.0560344827586207,0.0087719298245614,0.00510204081632653,0.00469483568075117,0.0102564102564103,0,0,0,0.0276243093922652,0.0209424083769634,0,0.00735294117647059,0,0.0672645739910314,0.00546448087431694,0.0333333333333333,0.00643086816720257,0,0.0519031141868512,0.110526315789474,0.0138888888888889,0.00680272108843537,0.0296296296296296,0,0.00526315789473684,0.0467625899280576,0,0.00746268656716418,0.0549450549450549,0,0.0112359550561798,0,0.0106382978723404,0,0.0166666666666667,0,0.0553191489361702,0,0.0253164556962025,0.0396825396825397,0.0204918032786885,0,0,0.00694444444444444,0,0.00332225913621262,0.0769230769230769,0,0.0331491712707182,0.00704225352112676,0,0.12781954887218,0,0,0.0568720379146919,0,0.0131004366812227,0,0.0152505446623094,0.0642201834862385,0.0431654676258993,0,0.0321285140562249,0,0,0.0524475524475524,0.00564971751412429,0.0104529616724739,0.0352941176470588,0,0,0.0459459459459459,0,0.00458715596330275,0,0.00578034682080925,0,0,0.0935251798561151,0.0806451612903226,0.0260416666666667,0,0.00613496932515337,0.0154639175257732,0.0186046511627907,0,0,0,0,0.00458715596330275,0,0.00602409638554217,0.0515463917525773,0,0,0.00840336134453781,0.0206489675516224,0.00995024875621891,0.0563380281690141,0.0138888888888889,0.00689655172413793,0.003584229390681,0.00823045267489712,0,0,0,0,0.0640569395017794,0,0.00581395348837209,0,0,0,0.0219435736677116,0.0463320463320463,0.0489795918367347,0.0157068062827225,0.00884955752212389,0.0260416666666667,0.0128205128205128,0.0338164251207729,0,0.00546448087431694,0,0.00323624595469256,0.12621359223301,0.0205949656750572,0.0234375,0.0190217391304348,0.0636363636363636,0,0,0,0,0.0465116279069767,0,0,0,0,0,0,0,0,0.0245098039215686,0,0,0.036036036036036,0,0.0534351145038168,0,0.012987012987013,0,0,0,0.00701754385964912,0.0443037974683544,0.135135135135135,0,0.0174672489082969,0.0220125786163522,0,0,0.00934579439252336,0,0.018018018018018,0.0119047619047619,0.00938967136150235,0,0,0.00793650793650794,0.00609756097560976,0.0265486725663717,0,0,0.00900900900900901,0.00529100529100529,0.00657894736842105,0.0941176470588235,0.0211640211640212,0.0721649484536082,0.00746268656716418,0,0,0.00625,0,0.0115606936416185,0,0.0935251798561151,0,0,0,0
"Adipocytokine signaling pathway",0,0.0233644859813084,0.0409090909090909,0.00574712643678161,0,0.00564971751412429,0,0,0,0,0,0.0632911392405063,0,0.0135746606334842,0.00588235294117647,0,0.0465116279069767,0.0285714285714286,0,0.0432098765432099,0.10077519379845,0.0408163265306122,0.141935483870968,0.149171270718232,0,0,0,0.0422535211267606,0,0.0137741046831956,0.0514705882352941,0.111801242236025,0.0485436893203883,0.00598802395209581,0.0496894409937888,0,0.0260869565217391,0.0432098765432099,0.048582995951417,0,0.0116279069767442,0.0214285714285714,0,0,0.0184162062615101,0,0,0.028169014084507,0.0043859649122807,0,0.114285714285714,0.0224719101123595,0.0262172284644195,0.0721649484536082,0,0,0.077319587628866,0,0.00540540540540541,0.0880503144654088,0.0536912751677852,0.0471014492753623,0.146464646464646,0.0480349344978166,0.0294117647058824,0.00666666666666667,0.0169491525423729,0.0368663594470046,0.0971428571428571,0.0195121951219512,0.0726256983240224,0,0,0,0.0342857142857143,0.0795454545454545,0,0.11864406779661,0.041958041958042,0.0688073394495413,0.278571428571429,0.0416666666666667,0.0405405405405405,0,0.0360824742268041,0.0842105263157895,0.0846153846153846,0,0.0581395348837209,0,0.021978021978022,0.0792452830188679,0.0970873786407767,0,0.0679245283018868,0.0303030303030303,0.0869565217391304,0,0.0164835164835165,0,0.0669642857142857,0,0.0657894736842105,0,0.043859649122807,0.0327868852459016,0.012448132780083,0,0,0.037037037037037,0,0.0457746478873239,0.0288461538461538,0.0180722891566265,0.103030303030303,0.078125,0,0.0211267605633803,0.0078125,0.0303030303030303,0.0186915887850467,0.00395256916996047,0.0365296803652968,0.01875,0.0406320541760722,0,0,0,0.05,0,0,0.0533807829181495,0.0176470588235294,0.043956043956044,0.06875,0.0812182741116751,0,0.0159574468085106,0.0126582278481013,0.0388349514563107,0.0440677966101695,0.0242424242424242,0,0,0.0970149253731343,0.0238095238095238,0.0666666666666667,0.053030303030303,0.00632911392405063,0.207547169811321,0.175824175824176,0,0,0.0099009900990099,0,0.0239234449760766,0,0,0.030690537084399,0.00645161290322581,0,0.0087719298245614,0.00887573964497041,0,0.0328638497652582,0.0367647058823529,0.0763358778625954,0.0576923076923077,0.0169491525423729,0,0,0,0,0.0537634408602151,0.0204081632653061,0,0.0138888888888889,0,0,0.0524590163934426,0.0725806451612903,0.0723404255319149,0.105263157894737,0.00925925925925926,0.0434782608695652,0.0479452054794521,0,0.0378787878787879,0.0783132530120482,0.0233463035019455,0.0590277777777778,0.0271493212669683,0.0114678899082569,0,0.0422535211267606,0.080188679245283,0.00492610837438424,0.047808764940239,0.0306122448979592,0,0.0670731707317073,0.0100334448160535,0,0.0471204188481675,0.0866666666666667,0,0,0.0170940170940171,0,0.0099009900990099,0,0,0.00446428571428571,0,0,0,0,0,0,0.0227272727272727,0.010752688172043,0.167883211678832,0.0866666666666667,0,0.0555555555555556,0.0631229235880399,0,0.0573770491803279,0.076530612244898,0,0.00934579439252336,0.0784313725490196,0.0606060606060606,0.00833333333333333,0,0,0.111111111111111,0,0.0155440414507772,0.00917431192660551,0.00943396226415094,0,0.0422535211267606,0.0703125,0.016,0.146892655367232,0.0236220472440945,0.0263157894736842,0.0733333333333333,0.0469798657718121,0.0099009900990099,0.0179640718562874,0.00746268656716418,0.072992700729927,0,0,0,0.0721649484536082
"Steroid hormone biosynthesis",0,0,0,0,0,0,0,0,0,0,0.256756756756757,0.00625,0,0,0,0,0,0,0,0,0,0,0,0,0,0,0,0,0.0206185567010309,0,0,0,0,0.032051282051282,0,0,0,0,0,0,0,0,0,0,0,0,0,0,0,0,0,0,0,0,0,0,0,0.0294117647058824,0,0,0,0,0.0045662100456621,0,0,0,0,0,0,0,0,0,0,0,0,0,0,0,0,0,0,0,0,0,0,0,0.0075187969924812,0,0,0,0,0.00359712230215827,0,0,0,0,0,0,0,0.0112359550561798,0,0.0224719101123595,0,0,0,0,0,0,0,0,0,0.0320284697508897,0,0,0,0,0,0,0,0,0,0,0,0,0,0,0,0.20353982300885,0,0,0,0,0,0.0901960784313725,0,0,0,0.00267379679144385,0.159090909090909,0,0,0,0,0.211111111111111,0,0,0,0,0,0,0.00485436893203883,0,0.247619047619048,0,0,0,0.0333333333333333,0,0,0,0,0,0,0,0,0,0,0,0,0,0,0.00862068965517241,0.245614035087719,0,0,0,0,0,0,0,0,0,0,0,0,0,0,0,0,0,0,0,0,0,0,0,0,0,0.0103626943005181,0,0,0,0,0,0,0,0.2375,0,0,0,0,0,0.0283018867924528,0,0,0,0.170731707317073,0,0,0,0,0,0,0,0,0,0.024390243902439,0,0,0,0.01,0,0,0.00884955752212389,0,0.116504854368932,0,0,0,0,0,0,0,0,0,0,0,0,0,0,0,0,0.0491803278688525,0,0,0,0.288461538461538,0
"Progesterone-mediated oocyte maturation",0,0.106382978723404,0.0188679245283019,0.0640394088669951,0,0.00921658986175115,0,0,0.0810810810810811,0.00735294117647059,0,0.123655913978495,0.0987654320987654,0.0995850622406639,0.104166666666667,0,0.0780487804878049,0,0,0.22093023255814,0.0397727272727273,0.0214285714285714,0.0380952380952381,0.111607142857143,0.0860215053763441,0,0.0436893203883495,0.112211221122112,0,0,0.101796407185629,0.0526315789473684,0.0464601769911504,0.0609137055837563,0.00478468899521531,0.0227272727272727,0.08203125,0.09375,0.0380622837370242,0.130252100840336,0.0513513513513514,0.115151515151515,0.0890052356020942,0.0441988950276243,0.0241379310344828,0,0,0.113095238095238,0,0.00276243093922652,0.0896551724137931,0.0680272108843537,0.0899653979238754,0.106666666666667,0,0.028169014084507,0.0593220338983051,0,0.0657276995305164,0.120418848167539,0.112359550561798,0.0819672131147541,0.072,0.0218181818181818,0.0188679245283019,0.0105263157894737,0.0684410646387833,0.0813008130081301,0.104265402843602,0.152073732718894,0.194871794871795,0.0276243093922652,0.0342857142857143,0,0,0.132352941176471,0,0.17687074829932,0.0326086956521739,0.109311740890688,0.0891089108910891,0.11046511627907,0.0738461538461539,0.0402684563758389,0.0697674418604651,0.0786026200873362,0.144654088050314,0.0165745856353591,0.0295081967213115,0,0.146464646464646,0.0721311475409836,0,0.0754716981132075,0.102040816326531,0,0.107692307692308,0,0.102439024390244,0,0.0894941634241245,0,0.0518518518518519,0.0872093023255814,0.041044776119403,0,0.021505376344086,0,0,0.103658536585366,0,0.0764331210191083,0.034965034965035,0.0714285714285714,0.0721153846153846,0.11875,0,0.0689655172413793,0.0491228070175439,0,0.0836820083682008,0.0498220640569395,0.0268199233716475,0.133333333333333,0.0436590436590437,0.0482758620689655,0,0,0.0464285714285714,0,0.080952380952381,0.112211221122112,0.0541871921182266,0.131944444444444,0.104166666666667,0.0854700854700855,0,0.0367647058823529,0.0634920634920635,0.0537190082644628,0.048048048048048,0.147540983606557,0,0,0.119047619047619,0.111111111111111,0.120192307692308,0.139240506329114,0,0.0688073394495413,0.0408163265306122,0,0,0,0,0.0897435897435897,0,0.115384615384615,0.049645390070922,0.0706521739130435,0.0689655172413793,0,0.0268817204301075,0.0436681222707424,0.0740740740740741,0.0898203592814371,0.04,0.0604026845637584,0.0181159420289855,0,0,0,0,0.171328671328671,0,0.0346534653465347,0.101694915254237,0,0,0.0553935860058309,0.0771929824561404,0.0353356890459364,0.0952380952380952,0,0.0837209302325581,0,0.470588235294118,0,0.1,0.0629370629370629,0.0646153846153846,0.112033195020747,0.00836820083682008,0.0182926829268293,0.0731070496083551,0.0714285714285714,0.079295154185022,0.113553113553114,0.0752212389380531,0.0618556701030928,0,0.058641975308642,0,0.181372549019608,0.0461538461538462,0,0,0.0457516339869281,0,0.0606060606060606,0,0.0149253731343284,0.0813008130081301,0.0526315789473684,0,0,0,0,0,0.093167701863354,0.121527777777778,0.148571428571429,0.0569948186528497,0.00716845878136201,0.0934959349593496,0.0555555555555556,0,0.188811188811189,0.0815450643776824,0,0.0875912408759124,0.0618556701030928,0.105726872246696,0,0.0314465408805031,0.101351351351351,0.104395604395604,0,0.150485436893204,0,0,0.0660377358490566,0.0677966101694915,0.0677966101694915,0.00715990453460621,0.150943396226415,0.125,0,0.0802139037433155,0.112994350282486,0,0,0.0731707317073171,0.0994152046783626,0,0,0,0
"Neurotrophin signaling pathway",0,0.125523012552301,0.0371747211895911,0,0,0.0133333333333333,0,0,0,0,0,0.172043010752688,0.176100628930818,0.0916334661354582,0.0995024875621891,0,0.111111111111111,0,0,0.209944751381215,0.0786516853932584,0.0410958904109589,0.0707547169811321,0.211267605633803,0,0,0.0181818181818182,0.134426229508197,0,0.0072289156626506,0.176829268292683,0.080188679245283,0.0954545454545455,0.0634146341463415,0,0.08,0.0711610486891386,0.146596858638743,0.0766550522648084,0.0145985401459854,0.0585106382978723,0.128654970760234,0.0689655172413793,0.0939226519337017,0.0748663101604278,0,0,0.272727272727273,0.00359712230215827,0.0108695652173913,0.0986842105263158,0.137323943661972,0.144876325088339,0.188940092165899,0,0.050561797752809,0.126086956521739,0,0.0875576036866359,0.143589743589744,0.189655172413793,0.0272727272727273,0.116935483870968,0.039426523297491,0.0514018691588785,0,0.1284046692607,0.0956175298804781,0.21,0.161434977578475,0.198019801980198,0.0209424083769634,0.0795454545454545,0,0.132352941176471,0,0,0.0898203592814371,0.0756756756756757,0.189075630252101,0.12807881773399,0.204819277108434,0.18936877076412,0.0186335403726708,0.0974789915966387,0.163636363636364,0.232258064516129,0.0265957446808511,0.0838926174496644,0,0.107981220657277,0.204301075268817,0,0.0526315789473684,0.176678445229682,0.0163934426229508,0.216216216216216,0,0.0352422907488987,0,0.103053435114504,0,0.0851851851851852,0.0594594594594595,0.0627306273062731,0.0173410404624277,0.0462633451957295,0,0.0492957746478873,0.210191082802548,0,0.141447368421053,0.0753424657534247,0.106060606060606,0.110047846889952,0.160493827160494,0,0.107954545454545,0.0921985815602837,0,0.126050420168067,0.0935251798561151,0.0653846153846154,0.210227272727273,0.0849256900212314,0.0733333333333333,0.0106382978723404,0,0.131086142322097,0,0.00854700854700855,0.149501661129568,0.0420560747663551,0.101973684210526,0.169312169312169,0.133620689655172,0,0.0827067669172932,0,0.056,0.081570996978852,0.158730158730159,0,0,0.158823529411765,0.185430463576159,0.163461538461538,0.211538461538462,0,0.0567685589519651,0.0909090909090909,0,0,0,0,0.1,0,0.0653266331658292,0.0734597156398104,0.0248756218905473,0.00515463917525773,0.00609756097560976,0.0510752688172043,0,0.129707112970711,0.123529411764706,0.0977011494252874,0.0906040268456376,0.0283687943262411,0,0,0,0,0.0955414012738854,0,0.0792079207920792,0.0346153846153846,0,0,0.100890207715134,0.166051660516605,0.0824372759856631,0.138095238095238,0.00632911392405063,0.110091743119266,0.0252525252525253,0.0974576271186441,0,0.156565656565657,0.0830449826989619,0.0471976401179941,0.139917695473251,0.0229166666666667,0.0114942528735632,0.15702479338843,0.134146341463415,0.0627615062761506,0.159259259259259,0.100436681222707,0.0336538461538462,0.0465116279069767,0.0797546012269939,0.0111111111111111,0.179245283018868,0.086734693877551,0,0,0.0304878048780488,0,0.123893805309735,0,0.0339805825242718,0.049618320610687,0.0384615384615385,0.0166666666666667,0,0,0,0,0.107784431137725,0.140893470790378,0.111111111111111,0.0923076923076923,0.0196428571428571,0.125506072874494,0.124620060790274,0,0.0654761904761905,0.16,0,0.0821917808219178,0.0858585858585859,0.0788381742738589,0.00588235294117647,0,0,0.186440677966102,0.0109489051094891,0.0884955752212389,0,0.00641025641025641,0.0352422907488987,0.131428571428571,0.11340206185567,0.0189125295508274,0.155251141552511,0.19205298013245,0,0.172222222222222,0.263803680981595,0,0,0.00543478260869565,0.23125,0,0,0,0
"Staphylococcus aureus infection",0,0.004,0,0.00485436893203883,0,0,0,0,0,0,0,0,0,0,0,0,0,0,0,0,0,0,0,0,0,0,0,0,0,0.0025062656641604,0,0.076530612244898,0.00215982721382289,0,0,0,0,0,0.0467625899280576,0,0.0106382978723404,0,0,0,0,0.151515151515152,0,0,0.125,0,0,0,0,0.0126582278481013,0,0.00564971751412429,0.00416666666666667,0,0.0186915887850467,0.025,0,0,0,0,0,0.0892857142857143,0,0,0.00448430493273543,0.136792452830189,0,0,0,0,0,0,0,0,0.167741935483871,0,0,0,0,0,0,0,0,0,0.0066006600660066,0,0,0.00632911392405063,0,0,0,0.105263157894737,0.00485436893203883,0,0,0,0,0,0.0658914728682171,0,0.00371747211895911,0.0193548387096774,0,0,0,0,0,0,0,0.0360824742268041,0.0808080808080808,0.0119047619047619,0,0,0,0,0,0,0.0156862745098039,0,0,0,0.124183006535948,0,0.109375,0,0,0,0.0199004975124378,0,0.00495049504950495,0.0294117647058824,0,0,0,0,0.0725552050473186,0,0,0,0,0,0,0.00588235294117647,0,0,0.0512820512820513,0,0,0,0,0,0,0,0,0,0,0.113636363636364,0,0,0,0,0,0,0,0.0878661087866109,0,0,0,0.0584415584415584,0,0,0,0,0,0,0.00675675675675676,0.0636704119850187,0.00454545454545455,0.137096774193548,0,0,0,0,0,0.0688405797101449,0,0,0,0,0,0,0,0,0,0.00510204081632653,0.00975609756097561,0.0121212121212121,0,0,0.0833333333333333,0,0,0,0,0.0305676855895196,0,0,0,0,0,0,0,0,0.125925925925926,0,0.0129032258064516,0,0,0,0,0.00284900284900285,0,0,0.00413223140495868,0,0,0.0154639175257732,0,0,0,0,0,0.00387596899224806,0.00884955752212389,0.019438444924406,0.0220588235294118,0,0.0909090909090909,0.0625,0,0.00427350427350427,0,0,0.0104712041884817,0,0,0.00497512437810945,0,0,0,0,0,0
"Longevity regulating pathway - multiple species",0,0.134408602150538,0,0.0844155844155844,0,0.0240963855421687,0,0,0.0863309352517986,0.0232558139534884,0,0.126760563380282,0.0661157024793388,0.0746268656716418,0.101351351351351,0,0.109677419354839,0,0,0.229007633587786,0.0075187969924812,0,0.104575163398693,0.197604790419162,0.0851063829787234,0,0.0573248407643312,0.0827067669172932,0,0,0.115702479338843,0.00588235294117647,0.06265664160401,0.0810810810810811,0.0522875816993464,0.0564516129032258,0.0805687203791469,0.110344827586207,0.004,0.00917431192660551,0.0493827160493827,0.125,0.0816326530612245,0.0526315789473684,0.0111317254174397,0,0,0.131147540983607,0,0.0228013029315961,0.135416666666667,0.0515873015873016,0.0857142857142857,0.0526315789473684,0,0.0326797385620915,0.0806451612903226,0.00970873786407767,0.0409356725146199,0.0714285714285714,0.120300751879699,0.101960784313725,0.106060606060606,0.045045045045045,0.0245398773006135,0.036231884057971,0.0790697674418605,0.112820512820513,0.0760233918128655,0.175438596491228,0.194805194805195,0.00735294117647059,0.11864406779661,0,0.17687074829932,0.0898203592814371,0,0,0,0.0613207547169811,0.171232876712329,0.154471544715447,0.0714285714285714,0.06,0.0587188612099644,0.0702702702702703,0.127118644067797,0.0227272727272727,0,0,0.163398692810458,0.0733590733590734,0,0.0427350427350427,0.0617760617760618,0,0.0844155844155844,0,0.0727272727272727,0,0.143564356435644,0,0.0444444444444444,0.0952380952380952,0.055045871559633,0.0442477876106195,0.0172413793103448,0,0,0.109243697478992,0.0101010101010101,0.0625,0.03125,0.0805369127516778,0.0481927710843374,0.140350877192982,0,0.078740157480315,0.037344398340249,0,0.09375,0.0423728813559322,0.00458715596330275,0.107142857142857,0.043778801843318,0.03,0,0,0.012448132780083,0,0.072289156626506,0.107692307692308,0.0714285714285714,0.112449799196787,0.0939597315436242,0.0512820512820513,0,0.0476190476190476,0.0857142857142857,0.0564102564102564,0.0238907849829352,0.141843971631206,0,0,0.112,0.130841121495327,0.0760233918128655,0.110169491525424,0,0.210526315789474,0.0673575129533679,0,0,0.032967032967033,0,0.0785340314136126,0,0.107913669064748,0.0589812332439678,0.0962962962962963,0.096,0,0.0152439024390244,0.0497237569060773,0.0816326530612245,0.117647058823529,0,0.0553359683794466,0.0265486725663717,0,0,0,0,0.0957854406130268,0,0.0457516339869281,0.0603015075376884,0,0,0.0228758169934641,0.0573770491803279,0.0472103004291846,0.0584795321637427,0,0.121951219512195,0,0.0806451612903226,0,0.062111801242236,0.0537190082644628,0.1,0.0841584158415842,0.00697674418604651,0.0260869565217391,0.0523255813953488,0.0625,0.0652173913043478,0.11353711790393,0.0374331550802139,0.0827586206896552,0,0.05,0.0163934426229508,0.149700598802395,0,0,0,0.0373831775700935,0,0.0537634408602151,0,0.0130718954248366,0.0585365853658537,0.0396825396825397,0,0.0108695652173913,0,0,0,0.114035087719298,0.104838709677419,0.490196078431373,0.0689655172413793,0.00785854616895874,0.128205128205128,0.0612244897959184,0,0.287234042553192,0.06282722513089,0,0.136363636363636,0,0.160919540229885,0,0.0454545454545455,0.163265306122449,0.117647058823529,0,0.132530120481928,0,0,0.0411764705882353,0,0.047244094488189,0.0135869565217391,0.196319018404908,0.119266055045872,0,0.0928571428571429,0.121212121212121,0,0,0.104347826086957,0.120967741935484,0,0,0,0.0786516853932584
"Leishmaniasis",0,0.0133333333333333,0.0484581497797357,0.0395480225988701,0,0.0388888888888889,0,0,0.00598802395209581,0,0,0.0290697674418605,0.020979020979021,0.026431718061674,0.0169491525423729,0,0.0617977528089888,0,0,0.0470588235294118,0.0942028985507246,0,0,0.014018691588785,0.00591715976331361,0,0.00549450549450549,0.023489932885906,0,0.0357142857142857,0.0201342281879195,0.236842105263158,0.027972027972028,0.00568181818181818,0.0348837209302326,0.0206896551724138,0.00823045267489712,0.0289017341040462,0.0983606557377049,0.0128205128205128,0.0408163265306122,0.0133333333333333,0.0232558139534884,0.00641025641025641,0.0274223034734918,0.0308641975308642,0,0.0197368421052632,0.160975609756098,0.00303030303030303,0.024390243902439,0.0254545454545455,0.0599250936329588,0.136125654450262,0,0.00909090909090909,0.101010101010101,0,0.0773480662983425,0.197368421052632,0.0440251572327044,0.00336700336700337,0.0535714285714286,0.00809716599190283,0.010989010989011,0.118881118881119,0.0289256198347107,0.0308370044052863,0.0983606557377049,0.0186915887850467,0.0523560209424084,0,0.041958041958042,0,0.0326086956521739,0.0756756756756757,0.167741935483871,0,0,0.136150234741784,0.0273224043715847,0.0324675324675325,0.0192926045016077,0,0.0425894378194208,0.0386473429951691,0.079136690647482,0,0.1015625,0,0.0263157894736842,0.113207547169811,0,0.0220588235294118,0.0814814814814815,0.306306306306306,0.101796407185629,0,0.0210526315789474,0,0.0163934426229508,0,0.166666666666667,0.00649350649350649,0.0466101694915254,0.144067796610169,0.012,0,0,0.041958041958042,0,0.0479452054794521,0.0175438596491228,0.0658682634730539,0.345070422535211,0.0425531914893617,0,0.0131578947368421,0.00754716981132075,0,0.0179372197309417,0.0115384615384615,0.0488888888888889,0.0552147239263804,0.0217391304347826,0.0169491525423729,0.128787878787879,0,0.279411764705882,0,0.015625,0.0517241379310345,0.109756097560976,0.027972027972028,0.118012422360248,0.18716577540107,0,0.0155844155844156,0,0.0045045045045045,0.108391608391608,0.0348837209302326,0,0,0.0612244897959184,0.0222222222222222,0.0523560209424084,0.0647482014388489,0.0120481927710843,0.005,0.0985221674876847,0,0,0,0,0.0372093023255814,0,0.0178571428571429,0.0248756218905473,0.00609756097560976,0.0065359477124183,0.180952380952381,0,0,0.0223214285714286,0.0135135135135135,0.0563380281690141,0.0557620817843866,0,0.0871559633027523,0.0099009900990099,0,0,0.105839416058394,0,0.00568181818181818,0.0363636363636364,0,0,0.0714285714285714,0.0658914728682171,0.165178571428571,0.0939226519337017,0.229166666666667,0.0203045685279188,0.0318471337579618,0.0283018867924528,0,0.160493827160494,0.114754098360656,0.0129032258064516,0.0535714285714286,0.0135135135135135,0,0.0706214689265537,0.043859649122807,0.0142857142857143,0.0381679389312977,0.0292682926829268,0.00578034682080925,0.0952380952380952,0.019672131147541,0,0.0663265306122449,0.264705882352941,0,0,0.024,0.0078125,0.065,0,0.0238095238095238,0.00862068965517241,0,0,0,0,0,0.18348623853211,0.0212765957446809,0.0355871886120996,0.0119760479041916,0.0424242424242424,0,0.0171673819742489,0.0681818181818182,0.00709219858156028,0.0072992700729927,0.0784313725490196,0,0.0263157894736842,0.12258064516129,0.0138888888888889,0,0.00763358778625954,0.00769230769230769,0.157534246575342,0.0172413793103448,0.0406091370558376,0.00223214285714286,0.0841121495327103,0.0210526315789474,0.198473282442748,0.145748987854251,0,0.0495049504950495,0.0610687022900763,0,0.0691823899371069,0.03125,0,0.0112994350282486,0,0.0540540540540541,0,0,0.00671140939597315,0
"Hepatitis B",0,0.0833333333333333,0.15,0.0151515151515152,0,0.0503875968992248,0,0,0.0161290322580645,0,0,0.248803827751196,0.0747663551401869,0.0709459459459459,0.0775510204081633,0,0.105263157894737,0,0.00668896321070234,0.19634703196347,0.230366492146597,0.0714285714285714,0.0546875,0.106617647058824,0.0119521912350598,0,0.0113636363636364,0.0988700564971751,0,0.0573394495412844,0.204081632653061,0.147679324894515,0.156387665198238,0.0524193548387097,0.0194552529182879,0.0691244239631336,0.0786885245901639,0.124463519313305,0.193220338983051,0.0771812080536913,0.0888888888888889,0.140096618357488,0.0276679841897233,0.0343347639484979,0.0713101160862355,0,0,0.165853658536585,0.00940438871473354,0.0146699266503667,0.0714285714285714,0.0892857142857143,0.143302180685358,0.213709677419355,0,0.0220588235294118,0.342222222222222,0,0.0608365019011407,0.220183486238532,0.225490196078431,0.035230352303523,0.118881118881119,0.0246153846153846,0.0509803921568627,0.00826446280991736,0.152249134948097,0.0671140939597315,0.172839506172839,0.135338345864662,0.228448275862069,0.0672645739910314,0.0688073394495413,0,0.109311740890688,0.189075630252101,0,0.0613207547169811,0.136150234741784,0,0.114754098360656,0.162679425837321,0.0986301369863014,0.035,0.171717171717172,0.186507936507937,0.187817258883249,0.0128755364806867,0.115853658536585,0,0.120481927710843,0.306896551724138,0,0.0619047619047619,0.27891156462585,0.0751173708920188,0.191111111111111,0,0.0859375,0,0.0849673202614379,0,0.267924528301887,0.0127118644067797,0.165492957746479,0.0682926829268293,0.0564263322884013,0,0,0.153465346534653,0,0.123919308357349,0.0695187165775401,0.0693877551020408,0.19047619047619,0.178571428571429,0,0.127962085308057,0.0668693009118541,0,0.122743682310469,0.0547112462006079,0.0526315789473684,0.132743362831858,0.0841487279843444,0.108695652173913,0.0219298245614035,0,0.210526315789474,0,0.0182481751824818,0.296666666666667,0.0857142857142857,0.152439024390244,0.211009174311927,0.190661478599222,0,0.0869565217391304,0.00396825396825397,0.0622837370242214,0.197014925373134,0.0826446280991736,0,0,0.230769230769231,0.162303664921466,0.14,0.171717171717172,0.00398406374501992,0.0754716981132075,0.223107569721116,0,0,0,0,0.108303249097473,0,0.0625,0.186602870813397,0.0550847457627119,0.0577777777777778,0.0196078431372549,0.0260047281323877,0,0.159259259259259,0.0934579439252336,0.0883720930232558,0.0887573964497041,0.0277777777777778,0,0,0,0,0.240384615384615,0,0.0398406374501992,0.04,0,0,0.140495867768595,0.32962962962963,0.254545454545455,0.242290748898678,0.0150753768844221,0.11328125,0.138888888888889,0.0449826989619377,0,0.380710659898477,0.0886850152905199,0.050131926121372,0.189591078066914,0.0368932038834951,0.00458715596330275,0.151741293532338,0.341666666666667,0.0348432055749129,0.119496855345912,0.0885608856088561,0.0117647058823529,0.0938775510204082,0.0618279569892473,0.00896860986547085,0.210743801652893,0.127753303964758,0,0,0.0653266331658292,0,0.183266932270916,0.00888888888888889,0.040650406504065,0.0779661016949153,0.00432900432900433,0.018018018018018,0,0,0,0.00947867298578199,0.101449275362319,0.0838150289017341,0.119469026548673,0.158371040723982,0,0.0955631399317406,0.113207547169811,0,0.0471698113207547,0.121771217712177,0,0.0691489361702128,0.131578947368421,0.0484429065743945,0.00469483568075117,0.0140845070422535,0,0.222222222222222,0.038961038961039,0.0625,0,0.0416666666666667,0.0490566037735849,0.12093023255814,0.320143884892086,0.0463576158940397,0.184,0.149484536082474,0,0.149321266968326,0.185714285714286,0,0.0115384615384615,0.0458715596330275,0.25,0,0,0,0.00510204081632653
"Insulin resistance",0,0.0617283950617284,0.0347490347490347,0.00943396226415094,0,0.014018691588785,0,0,0.0050761421319797,0.0150375939849624,0,0.15,0.0476190476190476,0.0562248995983936,0.0396039603960396,0,0.111675126903553,0.0575539568345324,0,0.0833333333333333,0.046242774566474,0.0291970802919708,0.2,0.3,0.0050251256281407,0,0.00471698113207547,0.0876623376623377,0,0.00742574257425743,0.0769230769230769,0.0531400966183575,0.0953488372093023,0.050761421319797,0.0505050505050505,0.0658682634730539,0.07421875,0.0947368421052632,0.0347222222222222,0.0037593984962406,0.0573770491803279,0.064327485380117,0.00980392156862745,0.0388888888888889,0.0189328743545611,0,0,0.0755813953488372,0.00374531835205993,0.00277777777777778,0.172932330827068,0.0684931506849315,0.0719178082191781,0.10762331838565,0,0.00554016620498615,0.087719298245614,0,0.0416666666666667,0.104166666666667,0.0949720670391061,0.0412698412698413,0.166666666666667,0.0449438202247191,0.019047619047619,0.0106382978723404,0.0608365019011407,0.0476190476190476,0.105263157894737,0.0829694323144105,0.132352941176471,0.00546448087431694,0.278571428571429,0,0.0891089108910891,0.12807881773399,0,0.171232876712329,0.0273224043715847,0.114754098360656,0,0.105263157894737,0.0611620795107034,0.0479452054794521,0.0456026058631922,0.0888888888888889,0.125,0.0224719101123595,0.0365448504983389,0,0.0869565217391304,0.0833333333333333,0.0133333333333333,0.00595238095238095,0.0769230769230769,0.0294117647058824,0.10880829015544,0,0.037037037037037,0,0.0988142292490119,0,0.0722433460076046,0.00543478260869565,0.0572519083969466,0.03125,0.0179856115107914,0,0,0.0718562874251497,0,0.0700636942675159,0,0.077720207253886,0.0676328502415459,0.10625,0,0.0635838150289017,0.0348432055749129,0.0217391304347826,0.0619834710743802,0.0390070921985816,0.0310077519379845,0.0253807106598985,0.0526315789473684,0,0,0,0.043010752688172,0,0.00446428571428571,0.0983606557377049,0.06,0.0983050847457627,0.135135135135135,0.0909090909090909,0,0.0395061728395062,0.0101522842639594,0.0630252100840336,0.0579268292682927,0.0890052356020942,0,0,0.120481927710843,0.0838709677419355,0.110576923076923,0.0920245398773006,0.0050761421319797,0.262295081967213,0.124444444444444,0.0138888888888889,0,0.00714285714285714,0,0.0497925311203319,0,0.005,0.0702179176755448,0.0597826086956522,0.0454545454545455,0.0131578947368421,0.00795755968169761,0,0.0571428571428571,0.0843373493975904,0.0465116279069767,0.145985401459854,0.0108695652173913,0.0037593984962406,0.00763358778625954,0,0,0.099009900990099,0.0145985401459854,0.0454545454545455,0.015748031496063,0,0,0.0465116279069767,0.0815602836879433,0.0858208955223881,0.14,0.00680272108843537,0.0794392523364486,0.0267379679144385,0.0333333333333333,0.0292397660818713,0.0954773869346734,0.0486111111111111,0.075,0.0769230769230769,0.00628930817610063,0.00609756097560976,0.0460358056265985,0.0850202429149798,0.0340425531914894,0.0671378091872792,0.0807174887892377,0.00492610837438424,0.0388349514563107,0.0428134556574924,0,0.116822429906542,0.0412371134020619,0.0143540669856459,0,0.0604026845637584,0.00632911392405063,0.0429184549356223,0,0.0150753768844221,0.0352941176470588,0.0113636363636364,0.00584795321637427,0,0,0,0.00632911392405063,0.0674846625766871,0.0456026058631922,0.213414634146341,0.0802139037433155,0,0.121848739495798,0.0813253012048193,0,0.0909090909090909,0.0964912280701754,0.0137931034482759,0.0888888888888889,0.0515463917525773,0.0686695278969957,0.00628930817610063,0.0062111801242236,0.0125786163522013,0.117977528089888,0.0191570881226054,0.0681818181818182,0.00209205020920502,0.020979020979021,0.00448430493273543,0.0388888888888889,0.068259385665529,0.0294117647058824,0.174757281553398,0.0764331210191083,0.0196078431372549,0.0869565217391304,0.101694915254237,0.00714285714285714,0.0145631067961165,0.0481927710843374,0.087719298245614,0,0,0,0.0592592592592593
"EGFR tyrosine kinase inhibitor resistance",0,0.198952879581152,0.0213675213675214,0.00543478260869565,0,0.0217391304347826,0,0,0.0242424242424242,0,0,0.299270072992701,0.0970149253731343,0.0308370044052863,0.0710059171597633,0,0.241830065359477,0,0,0.269503546099291,0,0.037037037037037,0.016304347826087,0.204419889502762,0.0178571428571429,0,0.0165745856353591,0.0588235294117647,0,0.00531914893617021,0.330434782608696,0.05,0.16010498687664,0.0171428571428571,0.0112994350282486,0.0205479452054795,0.0379746835443038,0.26056338028169,0.0228136882129278,0.00421940928270042,0.0376811594202899,0.307692307692308,0.0290697674418605,0.0972222222222222,0.0387453874538745,0,0,0.392857142857143,0,0.0215384615384615,0.0854700854700855,0.194092827004219,0.188284518828452,0.09,0,0.0739549839228296,0.0895522388059701,0,0.0652173913043478,0.0764705882352941,0.255639097744361,0.0418118466898955,0.0675675675675676,0.00806451612903226,0.0335195530726257,0,0.225490196078431,0.0585585585585586,0.128491620111732,0.152631578947368,0.209580838323353,0.0333333333333333,0.0416666666666667,0,0.11046511627907,0.204819277108434,0,0.154471544715447,0.0324675324675325,0.162679425837321,0.105263157894737,0,0.195488721804511,0,0.106498194945848,0.119170984455959,0.247933884297521,0.0408163265306122,0.0179856115107914,0,0.12,0.0962962962962963,0,0.12,0.114068441064639,0.0138888888888889,0.114457831325301,0,0.0597826086956522,0,0.116591928251121,0,0.0905172413793103,0.0196078431372549,0.132420091324201,0.00740740740740741,0.016,0,0,0.25,0,0.116363636363636,0.0833333333333333,0.132911392405063,0.0607734806629834,0.243697478991597,0,0.123188405797101,0.0634920634920635,0,0.206349206349206,0.0775510204081633,0.0304347826086957,0.0949367088607595,0.0536912751677852,0.152380952380952,0,0,0.0522088353413655,0,0.0261780104712042,0.141791044776119,0.063953488372093,0.143410852713178,0.16025641025641,0.0772946859903382,0,0.113636363636364,0,0.0666666666666667,0.0671140939597315,0.0848484848484849,0,0,0.236220472440945,0.287037037037037,0.134831460674157,0.192,0,0.0918918918918919,0.0275229357798165,0,0,0.00900900900900901,0,0.142857142857143,0,0.154362416107383,0.0897097625329815,0.0184049079754601,0.0197368421052632,0.00806451612903226,0.00862068965517241,0,0.216931216931217,0.217741935483871,0.0342465753424658,0.0594795539033457,0.00806451612903226,0,0,0,0,0.0780141843971631,0,0.0787878787878788,0.0223214285714286,0,0,0.0474683544303797,0.126530612244898,0.0826446280991736,0.0756756756756757,0,0.154285714285714,0.00617283950617284,0.0233644859813084,0,0.092485549132948,0.0876494023904383,0.0327868852459016,0.107476635514019,0.0157657657657658,0.0149253731343284,0.117647058823529,0.143540669856459,0.0490196078431373,0.142259414225941,0.0341463414634146,0.0174418604651163,0.0277777777777778,0.122302158273381,0,0.160220994475138,0.0297619047619048,0,0,0,0,0.156756756756757,0,0.0421686746987952,0.0307017543859649,0,0.0141843971631206,0,0,0,0.00775193798449612,0.169354838709677,0.163346613545817,0.164383561643836,0.0880503144654088,0,0.18407960199005,0.0784313725490196,0,0.0775193798449612,0.0780487804878049,0,0.134615384615385,0.0233918128654971,0.0731707317073171,0,0.0230769230769231,0.0153846153846154,0.197183098591549,0.00423728813559322,0.0729166666666667,0,0.0353982300884956,0.0655737704918033,0.0193548387096774,0.0636704119850187,0.0051413881748072,0.176795580110497,0.25,0,0.163265306122449,0.394957983193277,0,0.0112359550561798,0,0.236220472440945,0,0,0,0
"Ras signaling pathway",0,0.18348623853211,0.0284974093264249,0.0117994100294985,0,0.0087463556851312,0,0,0.0756578947368421,0.00380228136882129,0,0.138983050847458,0.0931899641577061,0.0425531914893617,0.0727848101265823,0,0.104761904761905,0,0,0.115894039735099,0.0299003322259136,0.0188679245283019,0.0391566265060241,0.129129129129129,0.0751633986928105,0,0.0555555555555556,0.118072289156627,0,0.00941619585687382,0.126811594202899,0.0389221556886228,0.244813278008299,0.0402476780185759,0.00297619047619048,0.0549828178694158,0.0493506493506494,0.170138888888889,0.0314009661835749,0.00253164556962025,0.0424242424242424,0.191570881226054,0.116666666666667,0.0533333333333333,0.0510204081632653,0,0,0.171641791044776,0.0101781170483461,0.0315789473684211,0.0555555555555556,0.172872340425532,0.133333333333333,0.0930232558139535,0,0.146853146853147,0.0619718309859155,0,0.0630630630630631,0.065625,0.120689655172414,0.0778301886792453,0.0561497326203209,0.0303030303030303,0.0457317073170732,0,0.108695652173913,0.0856353591160221,0.135646687697161,0.108823529411765,0.114551083591331,0.00643086816720257,0.0405405405405405,0,0.0738461538461539,0.18936877076412,0,0.0714285714285714,0.0192926045016077,0.0986301369863014,0.0611620795107034,0.195488721804511,0,0.0217391304347826,0.2046875,0.0903790087463557,0.111510791366906,0.019672131147541,0.0475059382422803,0,0.123809523809524,0.099273607748184,0,0.0719424460431655,0.180628272251309,0.00662251655629139,0.128289473684211,0,0.0474777448071217,0,0.0853333333333333,0,0.062015503875969,0.0431893687707641,0.0600522193211488,0.00684931506849315,0.0325814536340852,0,0.0348837209302326,0.153558052434457,0,0.0966981132075472,0.0299625468164794,0.119601328903654,0.0447761194029851,0.108695652173913,0.0759493670886076,0.0503355704697987,0.121052631578947,0,0.148809523809524,0.104712041884817,0.025974025974026,0.129692832764505,0.067911714770798,0.0488721804511278,0.0165016501650165,0,0.0606060606060606,0,0.116719242902208,0.165829145728643,0.0557275541795666,0.11576354679803,0.100649350649351,0.076271186440678,0,0.0891089108910891,0.00923076923076923,0.0523415977961433,0.0530973451327434,0.119601328903654,0,0,0.141304347826087,0.0919117647058824,0.100917431192661,0.145522388059701,0,0.0404624277456647,0.035230352303523,0,0,0,0.0867924528301887,0.0730337078651685,0.0850202429149798,0.0819672131147541,0.0692883895131086,0.0220820189274448,0.0195439739413681,0.00354609929078014,0.0303643724696356,0,0.144542772861357,0.099644128113879,0.0546075085324232,0.0522565320665083,0.00740740740740741,0,0,0,0,0.0744186046511628,0,0.0632911392405063,0.0779944289693593,0.0864197530864197,0,0.0700218818380744,0.154255319148936,0.05,0.0720720720720721,0.0036231884057971,0.0843373493975904,0.019047619047619,0.0443213296398892,0,0.0743034055727554,0.058968058968059,0.0238095238095238,0.0881542699724518,0.0133111480865225,0.0103092783505155,0.315403422982885,0.0846994535519126,0.11377245508982,0.171195652173913,0.114457831325301,0.040625,0.0331325301204819,0.169154228855721,0,0.179487179487179,0.0408805031446541,0,0,0.0323741007194245,0,0.103857566765579,0,0.0474683544303797,0.0261096605744125,0.0336700336700337,0,0,0,0,0,0.074468085106383,0.335311572700297,0.0718954248366013,0.0507936507936508,0.0192307692307692,0.0849315068493151,0.0678336980306346,0.075,0.0607142857142857,0.0953757225433526,0,0.0615384615384615,0.0341614906832298,0.121661721068249,0,0.0210526315789474,0.0507246376811594,0.100671140939597,0.00508905852417303,0.0833333333333333,0.00662251655629139,0.014760147601476,0.120634920634921,0.0498338870431894,0.0498812351543943,0.0110497237569061,0.104166666666667,0.146153846153846,0,0.107744107744108,0.173913043478261,0,0.00595238095238095,0.01,0.125,0,0,0,0
"Vasopressin-regulated water reabsorption",0,0.0320855614973262,0,0.0492957746478873,0,0,0,0,0.0555555555555556,0,0,0.0518518518518519,0.0277777777777778,0.0760869565217391,0.0984848484848485,0,0,0,0,0.0514705882352941,0,0,0.0785714285714286,0.0167597765363128,0.0546875,0,0.034965034965035,0.0546875,0,0,0,0,0.0175438596491228,0.109375,0,0.107843137254902,0.05,0,0,0,0.032051282051282,0,0.0601503759398496,0,0.0115163147792706,0,0,0,0.0463917525773196,0.0171821305841924,0,0,0.0122448979591837,0,0,0.0205479452054795,0,0,0,0.00684931506849315,0,0.0354330708661417,0,0.014218009478673,0.0205479452054795,0.00806451612903226,0,0.0364583333333333,0,0.0828402366863905,0.0921052631578947,0,0,0,0.0402684563758389,0.0186335403726708,0,0.06,0,0.035,0.0479452054794521,0,0.0217391304347826,0,0.012280701754386,0,0,0,0,0,0.0884353741496599,0,0,0.00970873786407767,0,0,0,0,0.096551724137931,0,0.0142857142857143,0,0.00930232558139535,0.0619469026548673,0,0,0.013953488372093,0,0,0,0,0,0,0,0,0,0,0,0.0497737556561086,0,0,0,0.0203045685279188,0.0538461538461538,0,0,0,0,0.018018018018018,0,0.0457516339869281,0.0546875,0.05,0.0571428571428571,0,0.00537634408602151,0,0,0.0634920634920635,0,0,0.0514705882352941,0,0,0,0,0,0,0,0.0506329113924051,0,0,0,0,0,0,0,0.0542635658914729,0.0300546448087432,0.130434782608696,0.133333333333333,0,0.0128617363344051,0.0177514792899408,0,0,0,0,0,0,0,0,0,0.0509803921568627,0,0,0.0320855614973262,0,0,0.0611510791366906,0.00418410041841004,0,0.0448717948717949,0,0.0184049079754601,0,0.0338983050847458,0,0,0,0.0528301886792453,0,0.0146699266503667,0.0309278350515464,0.00879765395894428,0,0.0470588235294118,0.025974025974026,0.0666666666666667,0.0610687022900763,0,0,0,0.0875,0,0,0,0.134146341463415,0,0,0,0,0.0756756756756757,0.0560747663551402,0,0,0,0,0,0,0.0158730158730159,0.107438016528926,0,0.00814663951120163,0,0,0,0.0729166666666667,0,0,0,0,0.0337078651685393,0,0.0777777777777778,0.0786516853932584,0,0,0.0429447852760736,0.00485436893203883,0,0.0258064516129032,0,0,0.0349854227405248,0,0,0,0,0,0,0,0.147368421052632,0,0,0,0,0.012987012987013
"Pathways in cancer",0,0.107142857142857,0.0762052877138414,0.044189852700491,0,0.0439739413680782,0,0,0.0596252129471891,0.0017921146953405,0,0.134892086330935,0.0638297872340425,0.0667701863354037,0.161172161172161,0,0.104810996563574,0,0.00149253731343284,0.140794223826715,0.0521739130434783,0.0424354243542435,0.0457516339869281,0.0753205128205128,0.0612244897959184,0.034965034965035,0.0324149108589951,0.103197674418605,0,0.0792207792207792,0.12430426716141,0.088135593220339,0.264124293785311,0.0587248322147651,0.025974025974026,0.0397236614853195,0.067175572519084,0.0803418803418803,0.0744047619047619,0.0630769230769231,0.0344387755102041,0.132710280373832,0.0975609756097561,0.0373514431239389,0.106753812636166,0.00975609756097561,0,0.125693160813309,0.00581395348837209,0.0301837270341207,0.0247349823321555,0.139318885448916,0.1792,0.0753205128205128,0,0.116312056737589,0.131313131313131,0,0.0518638573743922,0.096551724137931,0.158878504672897,0.0946142649199418,0.0582822085889571,0.0247813411078717,0.0240770465489567,0.00490998363338789,0.253119429590018,0.0834645669291339,0.0685154975530179,0.107084019769357,0.110169491525424,0.0519031141868512,0.0360824742268041,0,0.0697674418604651,0.0974789915966387,0,0.0587188612099644,0.0425894378194208,0.171717171717172,0.0456026058631922,0.106498194945848,0.2046875,0.012280701754386,0,0.100328947368421,0.0652557319223986,0.0167785234899329,0.065123010130246,0,0.109401709401709,0.147013782542113,0,0.0477031802120141,0.167449139280125,0.0490367775831874,0.0795262267343486,0,0.0836120401337793,0,0.0556390977443609,0,0.104851330203443,0.0609756097560976,0.147299509001637,0.0243478260869565,0.134831460674157,0.00168067226890756,0.0162748643761302,0.10036496350365,0,0.103047895500726,0.0694183864915572,0.0463576158940397,0.0950764006791171,0.106813996316759,0.00315955766192733,0.111517367458867,0.0681481481481482,0,0.256457564575646,0.0685543964232489,0.0422960725075529,0.0924956369982548,0.117291414752116,0.0669144981412639,0.0203045685279188,0.0341296928327645,0.098310291858679,0,0.0745033112582782,0.246305418719212,0.0909090909090909,0.176100628930818,0.12212389380531,0.073015873015873,0,0.104575163398693,0.0246710526315789,0.0383435582822086,0.0798319327731092,0.0877796901893287,0,0.00173010380622837,0.142322097378277,0.104477611940299,0.0862354892205638,0.0598591549295775,0.0418760469011725,0.031496062992126,0.0695102685624013,0,0,0.00177304964539007,0.00344234079173838,0.124584717607973,0,0.0738831615120275,0.238912732474964,0.0456081081081081,0.0393162393162393,0.0087260034904014,0.0414507772020725,0.0138036809815951,0.253211009174312,0.0633802816901408,0.0307167235494881,0.0634005763688761,0.0203193033381713,0.00582241630276565,0.0018018018018018,0,0.0337837837837838,0.133233532934132,0.00177935943060498,0.0395387149917628,0.0723270440251572,0,0,0.0710382513661202,0.187296416938111,0.098310291858679,0.0741350906095552,0.0141843971631206,0.100840336134454,0.0405405405405405,0.0549450549450549,0,0.088135593220339,0.0461095100864553,0.0336473755047106,0.10223642172524,0.0168728908886389,0.031523642732049,0.156944444444444,0.130718954248366,0.0775444264943457,0.139717425431711,0.0848287112561175,0.0466666666666667,0.042483660130719,0.125,0.0402097902097902,0.15304347826087,0.0774526678141136,0,0,0.0192644483362522,0.00171821305841924,0.0810372771474878,0.00505050505050505,0.0485762144053601,0.156302521008403,0.0469565217391304,0.118198874296435,0,0.0336700336700337,0,0.0156794425087108,0.0491228070175439,0.17879746835443,0.0631399317406143,0.172284644194757,0.0186335403726708,0.112721417069243,0.0785123966942149,0.00168067226890756,0.049645390070922,0.119601328903654,0,0.0251346499102334,0.0572390572390572,0.114238410596026,0,0.0280701754385965,0.0281195079086116,0.0778546712802768,0.107544141252006,0.0785597381342062,0.0226500566251416,0.0288808664259928,0.0728476821192053,0.0516351118760757,0.135593220338983,0.0292682926829268,0.099009900990099,0.0570409982174688,0.00172711571675302,0.0612244897959184,0.0994671403197158,0,0.0176848874598071,0.0381944444444444,0.131725417439703,0,0,0.0360205831903945,0.00531914893617021
"Apoptosis",0,0.0674157303370786,0.0966542750929368,0.0168776371308017,0,0.012448132780083,0,0,0,0,0,0.147058823529412,0.06282722513089,0.0247349823321555,0.0349344978165939,0,0.074235807860262,0,0.00366300366300366,0.129807692307692,0.0833333333333333,0.183098591549296,0.0296610169491525,0.096,0,0,0.0126582278481013,0.0710059171597633,0,0.0260047281323877,0.148351648351648,0.0560344827586207,0.0802603036876356,0.0173913043478261,0.0173160173160173,0.0148514851485149,0.0449826989619377,0.113744075829384,0.0906040268456376,0.0173010380622837,0.0952380952380952,0.135869565217391,0.0219298245614035,0.0439024390243902,0.0955752212389381,0,0,0.127659574468085,0.0460992907801418,0.00258397932816537,0.0828402366863905,0.090032154340836,0.0967741935483871,0.118367346938776,0,0.012987012987013,0.170212765957447,0,0.037037037037037,0.143540669856459,0.205405405405405,0.0201149425287356,0.140077821011673,0.0551724137931034,0.0616740088105727,0.0187793427230047,0.100719424460432,0.0543478260869565,0.141592920353982,0.104417670682731,0.112068965517241,0.110526315789474,0.0842105263157895,0,0.0786026200873362,0.163636363636364,0,0.0702702702702703,0.0386473429951691,0.186507936507937,0.0888888888888889,0.119170984455959,0.0903790087463557,0,0.100328947368421,0,0.131147540983607,0.0145631067961165,0.141414141414141,0,0.0956521739130435,0.185185185185185,0,0.0594594594594595,0.171140939597315,0.0202020202020202,0.15311004784689,0,0.04149377593361,0,0.121323529411765,0,0.152985074626866,0.0241545893719807,0.0629370629370629,0.0549450549450549,0.0163934426229508,0,0,0.10752688172043,0,0.1,0.0880503144654088,0.0633484162895928,0.122171945701357,0.146067415730337,0,0.205714285714286,0.0253164556962025,0,0.10077519379845,0.0457516339869281,0.0209059233449477,0.0751173708920188,0.12847965738758,0.0535714285714286,0.0404040404040404,0,0.0927835051546392,0,0.0202429149797571,0.138364779874214,0.0482456140350877,0.0833333333333333,0.117924528301887,0.129554655870445,0,0.0566037735849057,0,0.0769230769230769,0.0625,0.0681818181818182,0,0,0.176795580110497,0.160714285714286,0.151785714285714,0.132596685082873,0,0.0445344129554656,0.0894941634241245,0,0,0,0,0.0687022900763359,0,0.0961538461538462,0.0831408775981524,0.00909090909090909,0.0193236714975845,0.0284090909090909,0.0795755968169761,0,0.0957854406130268,0.106951871657754,0.0615384615384615,0.0524691358024691,0.0551724137931034,0,0,0,0,0.114551083591331,0,0.0446428571428571,0.0288808664259928,0,0,0.155223880597015,0.156794425087108,0.143884892086331,0.208530805687204,0.0294117647058824,0.102564102564103,0.0528846153846154,0.0223048327137546,0,0.13953488372093,0.0612903225806452,0.0164383561643836,0.114068441064639,0.069620253164557,0.00523560209424084,0.0982367758186398,0.18,0.0305343511450382,0.0786885245901639,0.0428015564202335,0.0131578947368421,0.12093023255814,0.0574712643678161,0,0.112970711297071,0.0601851851851852,0,0,0.0220994475138122,0,0.102040816326531,0,0.0177777777777778,0.0282685512367491,0.0199004975124378,0.0310880829015544,0,0,0,0.00540540540540541,0.116666666666667,0.0642201834862385,0.0865384615384615,0.168367346938776,0,0.0848708487084871,0.115606936416185,0,0.0540540540540541,0.112449799196787,0,0.0674846625766871,0.089622641509434,0.0534351145038168,0,0,0,0.13,0.0209059233449477,0.0693877551020408,0,0.0176470588235294,0.0458333333333333,0.0594059405940594,0.137123745819398,0.0567375886524823,0.130252100840336,0.113636363636364,0,0.129353233830846,0.115577889447236,0,0.0216450216450216,0.0203045685279188,0.176795580110497,0,0,0,0
"Prolactin signaling pathway",0,0.134020618556701,0.036036036036036,0,0,0.0112994350282486,0,0,0.00628930817610063,0.0319148936170213,0,0.181818181818182,0.0615384615384615,0.0416666666666667,0.0552147239263804,0,0.110429447852761,0.00925925925925926,0,0.278195488721804,0.0671641791044776,0.03,0.0289017341040462,0.201149425287356,0,0,0,0.0879120879120879,0.00943396226415094,0.010958904109589,0.220338983050847,0.104294478527607,0.0771144278606965,0,0,0.0144927536231884,0.0394736842105263,0.172413793103448,0.0483870967741935,0.0132743362831858,0.0512048192771084,0.152,0.0181818181818182,0.0875912408759124,0.0335820895522388,0,0,0.214876033057851,0,0.00623052959501558,0.191919191919192,0.118367346938776,0.117886178861789,0.14207650273224,0,0.00308641975308642,0.122994652406417,0,0.0625,0.144736842105263,0.206106870229008,0.0740740740740741,0.11219512195122,0.0211864406779661,0.0538922155688623,0,0.126168224299065,0.0511627906976744,0.198757763975155,0.160220994475138,0.278145695364238,0.0138888888888889,0.0846153846153846,0.0075187969924812,0.144654088050314,0.232258064516129,0,0.127118644067797,0.079136690647482,0.187817258883249,0.125,0.247933884297521,0.111510791366906,0,0.0652557319223986,0.131147540983607,0,0.0212765957446809,0.0498084291187739,0,0.106508875739645,0.112403100775194,0,0.0650406504065041,0.109375,0.0300751879699248,0.189189189189189,0,0.0333333333333333,0,0.100917431192661,0.0102040816326531,0.0892857142857143,0,0.154589371980676,0.016,0.0251046025104603,0,0,0.175,0,0.124528301886792,0.08,0.0897435897435897,0.109090909090909,0.241071428571429,0,0.0895522388059701,0.0614754098360656,0.0198019801980198,0.164893617021277,0.0625,0.0410958904109589,0.146853146853147,0.05720823798627,0.0980392156862745,0.00714285714285714,0,0.0765957446808511,0,0.0108108108108108,0.116541353383459,0.0545454545454545,0.130434782608696,0.211267605633803,0.156756756756757,0,0.0698324022346369,0,0.0643564356435644,0.0729166666666667,0.0967741935483871,0,0,0.184,0.226415094339623,0.162650602409639,0.25,0,0.0722222222222222,0.075,0,0,0,0,0.137566137566138,0,0.0794701986754967,0.074468085106383,0.0194805194805195,0.00689655172413793,0,0.0118343195266272,0,0.139175257731959,0.163934426229508,0.0757575757575758,0.0823529411764706,0.0126050420168067,0,0,0,0,0.100746268656716,0,0.0432098765432099,0.042654028436019,0,0,0.0733333333333333,0.145922746781116,0.0675105485232067,0.151515151515152,0,0.135294117647059,0.0131578947368421,0.0396039603960396,0.0072992700729927,0.161290322580645,0.0909090909090909,0.0337837837837838,0.134328358208955,0.0091324200913242,0.0241935483870968,0.0722543352601156,0.138613861386139,0.025,0.142857142857143,0.068421052631579,0,0.0232558139534884,0.0782918149466192,0,0.218181818181818,0.108108108108108,0,0,0.0256410256410256,0,0.120218579234973,0,0.0186335403726708,0.0319634703196347,0,0.0075187969924812,0,0,0,0,0.182608695652174,0.0926640926640927,0.118055555555556,0.0860927152317881,0,0.111650485436893,0.0808080808080808,0,0.101694915254237,0.109947643979058,0.0186915887850467,0.112244897959184,0.0849673202614379,0.0603015075376884,0,0.00813008130081301,0.0423728813559322,0.210526315789474,0.0133333333333333,0.0944444444444444,0.0114678899082569,0,0.0391061452513966,0.0955882352941176,0.0912698412698413,0.0079155672823219,0.192982456140351,0.224299065420561,0,0.182481751824818,0.256,0,0,0.00740740740740741,0.254237288135593,0,0,0,0
"Inositol phosphate metabolism",0,0.062200956937799,0,0,0,0,0,0.00943396226415094,0,0,0.00980392156862745,0.0239520958083832,0.0294117647058824,0.0225225225225225,0.0235294117647059,0.00833333333333333,0.0280898876404494,0,0,0.0177514792899408,0,0,0.0227272727272727,0.0242718446601942,0,0,0.023121387283237,0.0135593220338983,0,0,0.0354609929078014,0.00552486187845304,0.0116279069767442,0.0239520958083832,0,0,0.0213675213675214,0.0424242424242424,0.0155038759689922,0,0.00862068965517241,0.028169014084507,0.0240963855421687,0.0202702702702703,0.0127504553734062,0,0,0.041958041958042,0.00869565217391304,0.0124610591900312,0.0256410256410256,0.0260223048327138,0.022140221402214,0.0343137254901961,0,0.0447284345047923,0.0143540669856459,0,0.0271739130434783,0.0414201183431953,0.0191082802547771,0.0245614035087719,0.013215859030837,0,0,0,0.0253164556962025,0.0224215246636771,0.0209424083769634,0.0341463414634146,0.0483870967741935,0.00680272108843537,0,0,0.0165745856353591,0.0265957446808511,0,0.0227272727272727,0,0.0128755364806867,0.0224719101123595,0.0408163265306122,0.019672131147541,0,0.0167785234899329,0.0145631067961165,0.0212765957446809,0,0,0,0.0441988950276243,0.0284697508896797,0,0.0310077519379845,0.0177935943060498,0,0.0229885057471264,0,0.0217391304347826,0,0.0341880341880342,0,0.0123456790123457,0.0275862068965517,0.0126050420168067,0,0.0164609053497942,0,0,0.0214285714285714,0,0.0135135135135135,0,0.0617283950617284,0.00543478260869565,0.0217391304347826,0.00574712643678161,0.0206896551724138,0,0,0.0184331797235023,0.0198412698412698,0,0.0246913580246914,0.0175438596491228,0,0,0,0.00393700787401575,0,0.0216216216216216,0.023972602739726,0.0414201183431953,0.0105263157894737,0.0807453416149068,0.0188679245283019,0,0.0158311345646438,0,0.0382775119617225,0.0163398692810458,0.0552147239263804,0,0,0.0204081632653061,0.03125,0.0427807486631016,0.0441176470588235,0,0.015625,0,0,0,0.00961538461538462,0,0.014018691588785,0,0.0248447204968944,0.00995024875621891,0.0258064516129032,0.0277777777777778,0,0.00291545189504373,0,0.0136363636363636,0.0285714285714286,0.0140845070422535,0.0296296296296296,0,0,0,0,0,0.0136518771331058,0,0.554545454545455,0.018348623853211,0,0.00970873786407767,0.0253164556962025,0.0267175572519084,0.0119047619047619,0.0158730158730159,0,0.0773480662983425,0,0.004739336492891,0.0144927536231884,0.0167597765363128,0.0350194552529183,0,0.0176991150442478,0.00452488687782805,0,0,0.0131004366812227,0.0197044334975369,0.0390625,0.0199004975124378,0.024390243902439,0.0113636363636364,0.0338983050847458,0,0.0357142857142857,0.00606060606060606,0,0,0,0,0.0247524752475248,0,0,0.0178571428571429,0.0289855072463768,0,0,0,0,0,0.0534351145038168,0.0326086956521739,0.01875,0.0246913580246914,0,0.0176211453744493,0.0487012987012987,0,0.0232558139534884,0.014218009478673,0,0.0277777777777778,0,0.0289855072463768,0,0.0327868852459016,0,0.0316455696202532,0,0.0473684210526316,0,0.0377358490566038,0.0217391304347826,0,0.0146520146520147,0.0131926121372032,0.0198019801980198,0.0390625,0,0.0379746835443038,0.0324675324675325,0.00961538461538462,0,0.0298507462686567,0.0204081632653061,0,0,0,0
"Pathogenic Escherichia coli infection",0,0.0634441087613293,0.06158357771261,0.0165016501650165,0,0.0163398692810458,0,0,0.00343642611683849,0,0,0.0308219178082192,0.00746268656716418,0.0170940170940171,0.00662251655629139,0,0.0228758169934641,0,0.00294117647058824,0.0449826989619377,0.0912698412698413,0.0538116591928251,0,0.017910447761194,0,0,0.00655737704918033,0.0387409200968523,0,0.0245398773006135,0.018450184501845,0.0721649484536082,0.0347985347985348,0,0.0168350168350168,0.00740740740740741,0.0193370165745856,0.0378006872852234,0.113636363636364,0.00277777777777778,0.090702947845805,0.0147058823529412,0.0101010101010101,0.0891472868217054,0.0786163522012579,0.0069204152249135,0,0.0145454545454545,0.0870870870870871,0.0581395348837209,0.0288065843621399,0.0490956072351421,0.0738786279683377,0.235507246376812,0,0.0043956043956044,0.0996784565916399,0,0.139285714285714,0.112727272727273,0.0507246376811594,0.00956937799043062,0.0810810810810811,0.222950819672131,0.0232558139534884,0.00353356890459364,0.0163487738419619,0.028735632183908,0.101694915254237,0.0148367952522255,0.0317460317460317,0.0296296296296296,0.0581395348837209,0,0.0295081967213115,0.0838926174496644,0.0066006600660066,0,0.1015625,0.115853658536585,0.0365448504983389,0.0179856115107914,0.0475059382422803,0,0.065123010130246,0.141414141414141,0.0498084291187739,0,0,0,0.0126984126984127,0.144808743169399,0,0.0154440154440154,0.115281501340483,0.0346153846153846,0.1,0,0.029126213592233,0,0.021978021978022,0,0.105882352941176,0.0108695652173913,0.00815217391304348,0.0882352941176471,0.021680216802168,0,0,0.0340909090909091,0,0.0513447432762836,0.0169491525423729,0.0824372759856631,0.109154929577465,0.0265151515151515,0,0.0411985018726592,0.0051413881748072,0,0.0173913043478261,0.0487804878048781,0.0344827586206897,0.0422535211267606,0.0819672131147541,0.0166666666666667,0.0380228136882129,0,0.0968660968660969,0,0.00630914826498423,0.102827763496144,0.0337837837837838,0.0170316301703163,0.0704225352112676,0.0914826498422713,0,0.0198019801980198,0,0.0146198830409357,0.0888888888888889,0.0342465753424658,0,0,0.0566037735849057,0.0194552529182879,0.076158940397351,0.0501930501930502,0.00343642611683849,0.00308641975308642,0.112179487179487,0,0,0,0,0.0175953079178886,0,0.100746268656716,0.0387596899224806,0,0,0.0205761316872428,0.0651685393258427,0,0.0114613180515759,0.00735294117647059,0.0873015873015873,0.0277078085642317,0.0275482093663912,0.0776119402985075,0,0,0,0.0440097799511002,0,0,0.0262390670553936,0,0,0.319767441860465,0.0871934604904632,0.0845070422535211,0.114186851211073,0.0168067226890756,0.0188087774294671,0.0671641791044776,0.0178571428571429,0.00371747211895911,0.126353790613718,0.0476190476190476,0.0138888888888889,0.0285714285714286,0.0708955223880597,0,0.0793991416309013,0.152866242038217,0.043343653250774,0.0448548812664908,0.0244648318042813,0,0.088339222614841,0.126943005181347,0,0.0471698113207547,0.0647482014388489,0,0,0.0120481927710843,0,0.046583850931677,0,0.0685920577617329,0.00561797752808989,0,0.00757575757575758,0,0,0,0.00796812749003984,0.0075187969924812,0.0453400503778338,0.0103448275862069,0.049645390070922,0,0.019774011299435,0.192105263157895,0,0,0.0783699059561129,0,0.00836820083682008,0.111940298507463,0.00882352941176471,0,0,0,0.0772058823529412,0.00558659217877095,0.0647249190938511,0.00880281690140845,0.0344827586206897,0.00952380952380952,0.119521912350598,0.1,0.0641821946169772,0.0434782608695652,0.0395256916996047,0,0.05,0.0471014492753623,0,0.0271186440677966,0,0.0447761194029851,0,0,0,0
"Butanoate metabolism",0,0,0,0,0,0,0,0,0.0265486725663717,0,0,0,0,0,0,0.25,0,0,0,0,0,0,0,0,0,0,0,0,0,0,0,0,0,0,0,0,0,0,0,0,0,0,0,0,0,0,0,0,0,0,0,0,0,0,0,0,0,0.0952380952380952,0,0,0,0,0,0,0,0,0,0,0,0,0,0,0,0,0,0,0,0,0,0,0,0,0,0,0,0,0,0,0,0,0,0,0.111111111111111,0,0,0,0,0.0869565217391304,0,0.0588235294117647,0,0,0,0,0,0,0,0.0714285714285714,0,0,0,0,0,0,0,0,0,0,0,0,0,0,0,0,0,0,0,0,0,0,0,0,0,0,0,0,0,0,0,0,0,0,0,0,0,0,0,0,0,0,0,0.0666666666666667,0,0,0,0,0,0,0,0,0,0,0,0,0,0,0,0,0,0,0,0,0,0,0,0,0,0,0.137254901960784,0,0,0,0,0,0,0,0,0,0,0,0,0,0,0,0,0,0,0,0,0,0,0,0,0,0,0,0,0,0,0,0,0,0,0,0,0.0357142857142857,0,0,0,0,0,0,0,0,0,0,0,0,0,0,0,0,0,0,0,0,0,0,0,0,0,0,0,0,0,0,0,0.0277777777777778,0,0,0.0925925925925926,0,0,0,0,0,0,0
"Cholinergic synapse",0,0.147186147186147,0.0223048327137546,0.0780487804878049,0,0.00900900900900901,0,0,0.265432098765432,0,0,0.132275132275132,0.188311688311688,0.210762331838565,0.225988700564972,0,0.102439024390244,0,0,0.162162162162162,0,0.00680272108843537,0.137755102040816,0.0808510638297872,0.239520958083832,0,0.111111111111111,0.159322033898305,0,0,0.111764705882353,0.0180995475113122,0.114219114219114,0.236994219653179,0.018957345971564,0.141975308641975,0.175,0.108247422680412,0.0338983050847458,0,0.0794520547945206,0.092485549132948,0.348101265822785,0.0374331550802139,0.0583038869257951,0,0,0.142857142857143,0,0.00272479564032698,0.0866666666666667,0.0633333333333333,0.0996563573883162,0.0627615062761506,0,0.117824773413897,0.0493827160493827,0,0.0593607305936073,0.123076923076923,0.0972972972972973,0.163194444444444,0.0459770114942529,0.0141843971631206,0.0184331797235023,0.00510204081632653,0.0711610486891386,0.248847926267281,0.0818181818181818,0.25615763546798,0.314917127071823,0.00526315789473684,0.021978021978022,0,0.146464646464646,0.107981220657277,0,0.163398692810458,0.0263157894736842,0.120481927710843,0.0869565217391304,0.12,0.123809523809524,0.0884353741496599,0.109401709401709,0.0956521739130435,0.106508875739645,0.0441988950276243,0.0126984126984127,0,0,0.0957095709570957,0,0.150326797385621,0.166666666666667,0,0.0886699507389163,0,0.209424083769634,0,0.0795454545454545,0,0.0586080586080586,0.207547169811321,0.0479704797047971,0,0.0507246376811594,0,0.013986013986014,0.0941176470588235,0,0.0521472392638037,0.0408163265306122,0.0804020100502513,0.0654205607476635,0.0952380952380952,0.00925925925925926,0.0730337078651685,0.151515151515152,0,0.0688259109311741,0.0752688172043011,0.0340909090909091,0.222222222222222,0.0718816067653277,0.0397350993377483,0.00540540540540541,0,0.041958041958042,0,0.274725274725275,0.252747252747253,0.100502512562814,0.208029197080292,0.118556701030928,0.0836820083682008,0,0.0413625304136253,0.0618556701030928,0.092436974789916,0.0381231671554252,0.187845303867403,0,0,0.0782122905027933,0.10062893081761,0.138755980861244,0.107784431137725,0,0.0769230769230769,0.0116731517509728,0,0,0,0,0.0699588477366255,0,0.188571428571429,0.0614657210401891,0.239263803680982,0.19375,0,0.0403225806451613,0.0382978723404255,0.0682730923694779,0.0935672514619883,0,0.07,0.00704225352112676,0,0,0,0,0.122112211221122,0,0.0862944162436548,0.255924170616114,0,0,0.0367231638418079,0.155555555555556,0.041958041958042,0.103286384976526,0,0.122641509433962,0,0.0944206008583691,0,0.0663507109004739,0.069204152249135,0.0668693009118541,0.0790513833992095,0.00619834710743802,0.0238095238095238,0.0612244897959184,0.0617760617760618,0.141552511415525,0.231075697211155,0.305263157894737,0.128342245989305,0.0091324200913242,0.0674846625766871,0,0.344262295081967,0.0195121951219512,0,0,0.1,0,0.0729613733905579,0,0.0145631067961165,0.18859649122807,0.134969325153374,0,0,0,0,0,0.231292517006803,0.127147766323024,0.197674418604651,0.0555555555555556,0.0197841726618705,0.0745098039215686,0.0578034682080925,0,0.166666666666667,0.0489795918367347,0,0.0921985815602837,0.0144230769230769,0.261083743842365,0,0.0833333333333333,0.0769230769230769,0.0957446808510638,0,0.192118226600985,0.0253164556962025,0.0551724137931034,0.276243093922652,0.0319148936170213,0.0355987055016181,0.0338983050847458,0.0686695278969957,0.121019108280255,0,0.0952380952380952,0.128491620111732,0,0,0.222972972972973,0.0903954802259887,0,0,0,0.00671140939597315
"Lipid and atherosclerosis",0,0.0672514619883041,0.136363636363636,0.003125,0,0.0125,0,0,0.0066006600660066,0,0,0.117437722419929,0.118577075098814,0.0787172011661808,0.0745762711864407,0,0.0866666666666667,0,0.0028328611898017,0.109154929577465,0.165991902834008,0.0598290598290598,0.0838926174496644,0.0892307692307692,0.00326797385620915,0,0.032258064516129,0.102244389027431,0,0.0775681341719078,0.0988593155893536,0.120689655172414,0.105162523900574,0.0644067796610169,0.00638977635782748,0.0754716981132075,0.0852272727272727,0.0824742268041237,0.212574850299401,0.00537634408602151,0.110112359550562,0.0664206642066421,0.068259385665529,0.0425531914893617,0.1184,0,0,0.114503816793893,0.0330578512396694,0.0240700218818381,0.0562248995983936,0.0854922279792746,0.126005361930295,0.237762237762238,0,0.0609480812641084,0.263345195729537,0.00389105058365759,0.102990033222591,0.212927756653992,0.10989010989011,0.0357142857142857,0.147692307692308,0.0348525469168901,0.0524590163934426,0.0384615384615385,0.0633608815426997,0.107462686567164,0.173611111111111,0.134185303514377,0.126666666666667,0.0467625899280576,0.0792452830188679,0.00359712230215827,0.0721311475409836,0.204301075268817,0.00632911392405063,0.0733590733590734,0.113207547169811,0.306896551724138,0.0833333333333333,0.0962962962962963,0.099273607748184,0,0.147013782542113,0.185185185185185,0.112403100775194,0.0284697508896797,0.144808743169399,0,0.0957095709570957,0,0,0.0454545454545455,0.27299703264095,0.0483271375464684,0.215909090909091,0,0.0507936507936508,0,0.0845070422535211,0,0.219435736677116,0.0618181818181818,0.0909090909090909,0.128630705394191,0.0743801652892562,0,0.0294117647058824,0.0792452830188679,0,0.113065326633166,0.0454545454545455,0.0714285714285714,0.188405797101449,0.0881226053639847,0,0.102272727272727,0.0332480818414322,0,0.0581395348837209,0.0899182561307902,0.0687679083094556,0.136029411764706,0.124074074074074,0.0404858299595142,0.0324909747292419,0.0176056338028169,0.228395061728395,0,0.0407523510971787,0.262857142857143,0.0962199312714777,0.0883838383838384,0.191729323308271,0.173202614379085,0,0.0434782608695652,0.00657894736842105,0.0746268656716418,0.17312661498708,0.133093525179856,0,0,0.109848484848485,0.0826771653543307,0.141891891891892,0.14,0.00328947368421053,0.0432098765432099,0.228668941979522,0,0.0215827338129496,0,0,0.0650887573964497,0.0123456790123457,0.0405405405405405,0.102409638554217,0.0342465753424658,0.0319148936170213,0.01953125,0.0726872246696035,0,0.063953488372093,0.0590405904059041,0.0996168582375479,0.102094240837696,0.0722222222222222,0.016304347826087,0.00420168067226891,0,0.0172413793103448,0.111111111111111,0,0.0716723549488055,0.0428571428571429,0,0,0.1675,0.2875,0.224615384615385,0.205035971223022,0.0282258064516129,0.0974025974025974,0.128301886792453,0.0692771084337349,0,0.321138211382114,0.0994623655913978,0.0226757369614512,0.126888217522659,0.0672727272727273,0.00740740740740741,0.136563876651982,0.198083067092652,0.0542168674698795,0.145658263305322,0.104761904761905,0.0436241610738255,0.130281690140845,0.0591016548463357,0,0.127035830618893,0.103571428571429,0,0,0.0153256704980843,0.00377358490566038,0.158940397350993,0,0.0334448160535117,0.0450704225352113,0.0634328358208955,0.0108695652173913,0,0.00677966101694915,0,0.0114068441064639,0.0807692307692308,0.111688311688312,0.0699300699300699,0.111510791366906,0.0167682926829268,0.0655270655270655,0.159203980099502,0.0145454545454545,0.0377358490566038,0.197986577181208,0,0.0495867768595041,0.151851851851852,0.0626865671641791,0.0229885057471264,0.0189393939393939,0.0113207547169811,0.181467181467181,0.00268817204301075,0.0926517571884984,0,0.0765957446808511,0.0474683544303797,0.171314741035857,0.210374639769452,0.041501976284585,0.0940438871473354,0.140495867768595,0,0.137037037037037,0.114391143911439,0,0.0533333333333333,0.0255474452554745,0.0932835820895522,0,0,0.0177304964539007,0
"Fatty acid degradation",0,0,0,0,0,0,0.0123456790123457,0,0,0,0.0735294117647059,0,0,0,0,0.22972972972973,0,0,0,0,0,0,0.0204081632653061,0,0,0,0,0.00749063670411985,0.0972222222222222,0,0,0,0,0,0,0,0,0,0,0,0,0,0,0,0,0,0.0120481927710843,0,0,0,0,0,0,0,0,0,0,0.164383561643836,0,0,0,0,0,0,0,0,0,0,0,0,0,0,0.0970873786407767,0,0,0,0,0,0,0,0.0133333333333333,0,0,0,0,0,0,0,0,0.111111111111111,0,0,0,0,0,0,0,0.03125,0,0.0769230769230769,0,0,0,0,0,0,0,0.127659574468085,0,0,0,0,0,0,0,0,0,0,0,0,0,0,0.0152284263959391,0,0,0,0,0.0642201834862385,0,0,0,0,0,0,0,0,0,0,0,0,0,0,0,0,0,0,0,0,0,0.0185185185185185,0.113095238095238,0,0.0673076923076923,0,0,0,0,0,0,0,0,0,0,0,0,0,0,0.00813008130081301,0,0,0,0,0.0608695652173913,0,0,0,0,0.0454545454545455,0.174603174603175,0,0,0,0,0,0,0,0,0.122448979591837,0,0,0.033457249070632,0,0,0,0,0,0,0,0,0,0,0,0,0,0,0,0,0,0.0568181818181818,0,0,0,0,0,0,0.0277777777777778,0,0.0833333333333333,0,0,0,0,0,0,0,0,0.00952380952380952,0,0,0,0,0,0,0,0,0,0,0,0,0,0,0,0,0,0,0,0,0.184210526315789,0,0,0.0869565217391304,0,0,0,0.0490196078431373,0,0,0
"Long-term depression",0,0.12972972972973,0.0330188679245283,0.0185185185185185,0,0.037037037037037,0,0,0.0567375886524823,0,0,0.0821917808219178,0.233009708737864,0.0808080808080808,0.15,0,0.0559006211180124,0,0,0.089041095890411,0,0,0.0569620253164557,0.0531914893617021,0.0633802816901408,0,0.0789473684210526,0.0553505535055351,0,0,0.108333333333333,0.0119760479041916,0.0368550368550369,0.0896551724137931,0.0127388535031847,0.0573770491803279,0.118811881188119,0.127659574468085,0.0375,0.0186915887850467,0.0180722891566265,0.0991735537190083,0.207692307692308,0,0.0523255813953488,0,0,0.12396694214876,0.00458715596330275,0.00645161290322581,0.0288461538461538,0.0436507936507936,0.0731707317073171,0.0259067357512953,0,0.0572390572390572,0,0,0.0352941176470588,0.116438356164384,0.072992700729927,0.0772200772200772,0,0.0176991150442478,0.0185185185185185,0,0.0648148148148148,0.194444444444444,0.0705882352941176,0.124293785310734,0.159235668789809,0.00746268656716418,0,0,0.0754716981132075,0.0526315789473684,0,0.0427350427350427,0.0220588235294118,0.0619047619047619,0.00595238095238095,0.12,0.0719424460431655,0.00970873786407767,0.0477031802120141,0.0594594594594595,0.0650406504065041,0.0310077519379845,0.0154440154440154,0,0.150326797385621,0.0454545454545455,0,0,0.0790513833992095,0,0.0576923076923077,0,0.158940397350993,0,0.0552995391705069,0,0.0309734513274336,0.12396694214876,0.00884955752212389,0,0.0308370044052863,0,0,0.0833333333333333,0,0.036101083032491,0.0898876404494382,0.104166666666667,0.036144578313253,0.0847457627118644,0.0451612903225806,0.0150375939849624,0.0643776824034335,0,0.0612244897959184,0.0427350427350427,0.0187793427230047,0.214285714285714,0.0439814814814815,0.10989010989011,0.00775193798449612,0,0.0125523012552301,0,0.205479452054795,0.104247104247104,0.065359477124183,0.0617760617760618,0.0733333333333333,0.0304568527918782,0,0.0304709141274238,0.00671140939597315,0.0909090909090909,0.0170648464163823,0.143884892086331,0,0,0.0538461538461538,0.0917431192660551,0.159235668789809,0.151785714285714,0,0.0340909090909091,0,0,0,0.0222222222222222,0.0679611650485437,0.0515463917525773,0.0843373493975904,0.245901639344262,0.0342105263157895,0.0814814814814815,0.0975609756097561,0,0.0216049382716049,0.0162162162162162,0.05,0.0650406504065041,0.00769230769230769,0.0271317829457364,0,0,0.0121951219512195,0,0,0.0252707581227437,0,0.0675675675675676,0.117647058823529,0.0886075949367089,0,0.019672131147541,0.0491803278688525,0,0.0170454545454545,0,0.0898203592814371,0,0.0641711229946524,0,0.0242424242424242,0.0497925311203319,0.0207612456747405,0.0533980582524272,0.00936768149882904,0,0.0714285714285714,0.0682926829268293,0.204968944099379,0.0765957446808511,0.142857142857143,0.131386861313869,0.0122699386503067,0.0428571428571429,0,0.111111111111111,0.0132450331125828,0.0251572327044025,0,0.0480769230769231,0.00917431192660551,0.0718232044198895,0,0.02,0.102564102564103,0.141592920353982,0,0,0,0,0,0.19047619047619,0.0967741935483871,0.0344827586206897,0,0.00392927308447937,0.0686274509803922,0.0299003322259136,0.0603448275862069,0.0530973451327434,0,0,0.0769230769230769,0.0130718954248366,0.123595505617978,0,0.0865384615384615,0.0980392156862745,0.0563380281690141,0.0187793427230047,0.177215189873418,0.016548463356974,0.0898876404494382,0.232394366197183,0.037593984962406,0.00380228136882129,0.0248618784530387,0.0722222222222222,0.176470588235294,0,0.0709219858156028,0.0977443609022556,0,0,0.0869565217391304,0.078740157480315,0,0,0,0
"Human immunodeficiency virus 1 infection",0,0.0678466076696165,0.0909090909090909,0.00315457413249211,0,0.0255591054313099,0,0,0.0863309352517986,0,0,0.0989399293286219,0.106719367588933,0.063768115942029,0.0790378006872852,0,0.0986394557823129,0,0.00285714285714286,0.122302158273381,0.153846153846154,0.0606060606060606,0.0631229235880399,0.110759493670886,0.0857142857142857,0,0.0258899676375405,0.0975,0,0.0449897750511247,0.104247104247104,0.110344827586207,0.131889763779528,0.0506756756756757,0.00321543408360129,0.0641509433962264,0.0953757225433526,0.118279569892473,0.145299145299145,0.0363128491620112,0.0697167755991285,0.0792452830188679,0.135531135531136,0.043010752688172,0.0943396226415094,0,0,0.12890625,0.0333333333333333,0.021978021978022,0.0612244897959184,0.100529100529101,0.114973262032086,0.206185567010309,0,0.0637813211845103,0.213793103448276,0,0.0822368421052632,0.192452830188679,0.136363636363636,0.0746268656716418,0.0979228486646884,0.0159151193633952,0.0358306188925081,0.05,0.084985835694051,0.11178247734139,0.205035971223022,0.113924050632911,0.155172413793103,0.0549450549450549,0.0679245283018868,0,0.102040816326531,0.176678445229682,0,0.0617760617760618,0.0814814814814815,0.27891156462585,0.0769230769230769,0.114068441064639,0.180628272251309,0,0.167449139280125,0.171140939597315,0.109375,0.0177935943060498,0.115281501340483,0,0.166666666666667,0.27299703264095,0,0.0790513833992095,0,0.0257352941176471,0.2,0,0.0546623794212219,0,0.0883190883190883,0,0.166163141993958,0.0625,0.0823863636363636,0.0426356589147287,0.069060773480663,0,0.0386266094420601,0.132,0,0.0918114143920596,0.037344398340249,0.106382978723404,0.152482269503546,0.106299212598425,0,0.099236641221374,0.0956284153005464,0,0.0744047619047619,0.121468926553672,0.0511363636363636,0.125,0.100182149362477,0.032520325203252,0.0520446096654275,0,0.175595238095238,0,0.119047619047619,0.434640522875817,0.063973063973064,0.0835443037974684,0.125448028673835,0.163398692810458,0,0.062753036437247,0,0.0688622754491018,0.144670050761421,0.114285714285714,0,0,0.1328125,0.088,0.151202749140893,0.1417004048583,0,0.043613707165109,0.170491803278689,0,0,0.00409836065573771,0,0.0656716417910448,0,0.0701754385964912,0.130434782608696,0.0204778156996587,0.0249110320284698,0.036144578313253,0.0476190476190476,0,0.0707964601769911,0.0716981132075472,0.0716981132075472,0.0636132315521628,0.0351351351351351,0.0192307692307692,0,0,0,0.15,0,0.0761245674740484,0.113846153846154,0,0,0.134474327628362,0.367892976588629,0.230529595015576,0.160839160839161,0.037037037037037,0.0841423948220065,0.108614232209738,0.0965732087227414,0,0.238461538461538,0.0855614973262032,0.0251716247139588,0.197411003236246,0.0484739676840215,0.0150943396226415,0.132450331125828,0.180952380952381,0.0611620795107034,0.170028818443804,0.165540540540541,0.0476190476190476,0.089041095890411,0.0933660933660934,0,0.182758620689655,0.112727272727273,0,0,0.0234375,0,0.196551724137931,0.0532319391634981,0.02,0.0337078651685393,0.0722433460076046,0.0072992700729927,0,0,0,0.00381679389312977,0.103174603174603,0.118421052631579,0.0669014084507042,0.0967741935483871,0.0152905198776758,0.0816326530612245,0.16624685138539,0,0.0501930501930502,0.130990415335463,0,0.0546218487394958,0.1,0.146103896103896,0,0.0152671755725191,0,0.212,0.00543478260869565,0.0761904761904762,0,0.0330578512396694,0.123287671232877,0.127906976744186,0.252252252252252,0.025440313111546,0.101910828025478,0.171673819742489,0,0.147169811320755,0.163424124513619,0,0.0162337662337662,0.0183150183150183,0.115384615384615,0,0,0,0.0206611570247934
"Inflammatory bowel disease",0,0,0.0514018691588785,0.0239520958083832,0,0.0419161676646707,0,0,0,0,0,0.0123456790123457,0,0,0,0,0.0476190476190476,0,0,0.00609756097560976,0.037593984962406,0,0,0,0,0,0,0.0138888888888889,0,0.0930930930930931,0.0072463768115942,0.3671875,0.0214797136038186,0,0.03125,0.00746268656716418,0.00432900432900433,0.00609756097560976,0.0408163265306122,0.0228310502283105,0.0117647058823529,0,0,0,0.0110497237569061,0,0,0,0.0817307692307692,0.00952380952380952,0.00892857142857143,0.00373134328358209,0.0305343511450382,0.0569948186528497,0,0.00313479623824451,0.0732984293193717,0,0,0.126666666666667,0.0408163265306122,0.00352112676056338,0.0372093023255814,0.00425531914893617,0.0118343195266272,0.130769230769231,0.0216450216450216,0.0091324200913242,0.0561797752808989,0.00490196078431373,0.010752688172043,0,0.0303030303030303,0,0,0.0163934426229508,0.105263157894737,0,0.306306306306306,0.0751173708920188,0.0294117647058824,0.0138888888888889,0.00662251655629139,0,0.0490367775831874,0.0202020202020202,0.0300751879699248,0,0.0346153846153846,0,0,0.0483271375464684,0,0,0.0257352941176471,0,0.0822784810126582,0,0.00555555555555556,0,0,0,0.138095238095238,0,0.114285714285714,0.0990990990990991,0.0126582278481013,0,0,0.0303030303030303,0,0.0103448275862069,0,0,0.210884353741497,0.0229007633587786,0,0,0,0,0.00469483568075117,0,0.0136363636363636,0.00632911392405063,0.0133037694013304,0,0.12396694214876,0,0.169811320754717,0,0,0.0245614035087719,0.0903225806451613,0.0144404332129964,0.0986842105263158,0.0663265306122449,0,0.008,0,0.00478468899521531,0.0446735395189003,0.00609756097560976,0,0,0.0671641791044776,0,0.0162162162162162,0.0305343511450382,0,0,0.0447761194029851,0,0,0,0,0.0144927536231884,0,0,0.010126582278481,0,0,0.233333333333333,0,0,0.023696682464455,0,0.0223880597014925,0.0265151515151515,0,0.0717703349282297,0,0,0,0.106870229007634,0,0,0,0,0,0.0325732899022801,0.031496062992126,0.122171945701357,0.0451977401129944,0.280487804878049,0.0053475935828877,0.0347222222222222,0,0,0.0736196319018405,0.0156862745098039,0,0.0469483568075117,0.00229357798165138,0,0.0280898876404494,0.0273972602739726,0,0.0156862745098039,0,0,0.0301204819277108,0,0,0.0261780104712042,0.31404958677686,0,0,0.0267857142857143,0,0.0256410256410256,0,0.00632911392405063,0,0,0,0,0,0,0.221052631578947,0,0,0.012987012987013,0.0127388535031847,0,0.00448430493273543,0.025974025974026,0,0,0.035,0,0,0.0805369127516778,0.00980392156862745,0,0,0,0.0758620689655172,0.0229357798165138,0,0,0.0842105263157895,0,0.0909090909090909,0.0931174089068826,0,0.0364583333333333,0,0,0.0261437908496732,0.00662251655629139,0,0.0506329113924051,0,0.0437956204379562,0,0,0,0.0204081632653061
"C-type lectin receptor signaling pathway",0,0.104347826086957,0.051792828685259,0.00478468899521531,0,0.0191387559808612,0,0,0.00518134715025907,0,0,0.127777777777778,0.139072847682119,0.065843621399177,0.0673575129533679,0,0.0804020100502513,0,0,0.146067415730337,0.120253164556962,0.0300751879699248,0.0927835051546392,0.130232558139535,0,0,0.0195121951219512,0.107023411371237,0,0.0280612244897959,0.105590062111801,0.156756756756757,0.0565610859728507,0.0518134715025907,0.0099009900990099,0.0807453416149068,0.106122448979592,0.108695652173913,0.126436781609195,0.00381679389312977,0.0788732394366197,0.105590062111801,0.0575916230366492,0.0517241379310345,0.0632911392405063,0,0,0.16025641025641,0.0114942528735632,0.0142045454545455,0.109489051094891,0.0731707317073171,0.127737226277372,0.197044334975369,0,0.0589970501474926,0.156398104265403,0,0.0676328502415459,0.195402298850575,0.12280701754386,0.0285714285714286,0.105485232067511,0.0223048327137546,0.0606060606060606,0.00540540540540541,0.0658914728682171,0.125541125541126,0.268156424581006,0.134883720930233,0.14070351758794,0.0112359550561798,0.0869565217391304,0,0.107692307692308,0.216216216216216,0.00485436893203883,0.0844155844155844,0.101796407185629,0.191111111111111,0.10880829015544,0.114457831325301,0.128289473684211,0,0.0795262267343486,0.15311004784689,0.189189189189189,0.0229885057471264,0.1,0,0.0886699507389163,0.215909090909091,0,0.0576923076923077,0.2,0.0822784810126582,0,0,0.0328638497652582,0,0.096,0,0.130081300813008,0.0584795321637427,0.0876494023904383,0.0805369127516778,0.0528301886792453,0,0.0551181102362205,0.121794871794872,0,0.114093959731544,0.0364963503649635,0.0909090909090909,0.124352331606218,0.138157894736842,0,0.0843373493975904,0.0464285714285714,0,0.0765957446808511,0.10727969348659,0.0607287449392713,0.151162790697674,0.0973451327433628,0.0579710144927536,0.00574712643678161,0,0.216101694915254,0,0.0473933649289099,0.194945848375451,0.077720207253886,0.0702341137123746,0.183908045977011,0.233830845771144,0,0.0477386934673367,0,0.0686695278969957,0.120915032679739,0.159090909090909,0,0,0.144654088050314,0.108108108108108,0.14070351758794,0.183673469387755,0,0.0460829493087558,0.106666666666667,0,0,0,0,0.0873362445414847,0,0.053475935828877,0.0735294117647059,0.00526315789473684,0.0169491525423729,0.0273972602739726,0.0358126721763085,0,0.0669456066945607,0.1,0.121019108280255,0.0689655172413793,0.0110294117647059,0,0,0,0,0.142361111111111,0,0.0972972972972973,0.0539419087136929,0,0,0.105590062111801,0.24896265560166,0.116731517509728,0.185185185185185,0.0359712230215827,0.0966183574879227,0.0742857142857143,0.0941704035874439,0,0.202247191011236,0.0875912408759124,0.021021021021021,0.218604651162791,0.0258620689655172,0,0.10655737704918,0.11864406779661,0.0717488789237668,0.116104868913858,0.107476635514019,0.0526315789473684,0.0880829015544041,0.0732484076433121,0,0.135265700483092,0.164705882352941,0,0,0.0198675496688742,0,0.122065727699531,0,0.0206185567010309,0.0196078431372549,0.0943396226415094,0,0,0,0,0.0264900662251656,0.125827814569536,0.108391608391608,0.0833333333333333,0.0939226519337017,0.0127504553734062,0.0823045267489712,0.130573248407643,0.00598802395209581,0.0718954248366013,0.160377358490566,0,0.075187969924812,0.136363636363636,0.0986547085201794,0,0,0.00641025641025641,0.234177215189873,0,0.121359223300971,0,0.0441176470588235,0.0476190476190476,0.203947368421053,0.136029411764706,0.0121654501216545,0.138755980861244,0.222222222222222,0,0.217391304347826,0.143712574850299,0,0.0301507537688442,0.0179640718562874,0.151898734177215,0,0,0.00571428571428571,0
"Terpenoid backbone biosynthesis",0,0,0,0,0,0,0,0,0,0,0,0,0,0,0,0.0597014925373134,0,0,0,0,0,0,0,0,0,0,0,0,0,0,0,0,0,0,0,0,0,0,0,0,0,0,0,0,0,0,0,0,0,0,0,0,0,0,0,0,0,0.0317460317460317,0,0,0,0,0,0,0,0,0,0,0,0,0,0,0,0,0,0,0,0,0,0,0,0,0,0,0,0,0,0,0,0.0869565217391304,0,0,0.03125,0,0,0,0,0,0,0,0,0,0.00512820512820513,0,0,0,0,0.0238095238095238,0,0,0,0,0,0,0,0,0,0,0,0,0,0,0,0,0,0,0,0,0,0,0,0,0,0,0,0,0,0,0.00892857142857143,0,0,0,0,0,0,0,0,0,0,0.00694444444444444,0,0,0,0,0,0,0,0,0,0,0,0,0,0,0,0,0,0,0,0,0,0,0,0.0040650406504065,0,0,0,0,0,0,0,0,0,0,0,0,0,0,0,0,0,0,0,0,0,0,0,0,0,0,0,0,0,0,0,0,0,0,0,0,0,0,0,0,0,0.0384615384615385,0,0,0,0,0,0,0,0,0,0,0,0,0,0,0,0,0,0,0,0,0,0,0,0,0,0,0,0,0,0,0,0.0294117647058824,0,0,0,0,0,0,0,0,0,0
"Parathyroid hormone synthesis, secretion and action",0,0.104602510460251,0.00366300366300366,0.0628019323671498,0,0.0182648401826484,0,0,0.0967741935483871,0,0.00694444444444444,0.0923076923076923,0.144654088050314,0.14957264957265,0.186813186813187,0,0.0416666666666667,0,0,0.132275132275132,0,0.00684931506849315,0.11,0.0368852459016393,0.138121546961326,0,0.111675126903553,0.118032786885246,0,0.00242718446601942,0.0804597701149425,0.032258064516129,0.0483516483516484,0.203389830508475,0,0.115151515151515,0.170833333333333,0.0594059405940594,0.0410958904109589,0.00367647058823529,0.0508021390374332,0.0561797752808989,0.164835164835165,0.00520833333333333,0.0363951473136915,0,0,0.0611111111111111,0,0.0166204986149584,0.0125,0.0358306188925081,0.0704697986577181,0.0284552845528455,0,0.075801749271137,0.00793650793650794,0,0.03125,0.0686274509803922,0.0575916230366492,0.0915032679738562,0.0111524163568773,0.0178571428571429,0.00917431192660551,0.00512820512820513,0.0477941176470588,0.153846153846154,0.025974025974026,0.203791469194313,0.221649484536082,0.0106382978723404,0.0164835164835165,0,0.102439024390244,0.0352422907488987,0,0.0727272727272727,0.0210526315789474,0.0859375,0.037037037037037,0.0597826086956522,0.0474777448071217,0.096551724137931,0.0836120401337793,0.04149377593361,0.0333333333333333,0.0217391304347826,0.029126213592233,0,0.209424083769634,0.0507936507936508,0,0.158940397350993,0.0546623794212219,0.00555555555555556,0.0328638497652582,0,0,0,0.0327272727272727,0,0.0212765957446809,0.164634146341463,0.014336917562724,0,0.0509090909090909,0,0,0.0393258426966292,0,0.0301204819277108,0.0555555555555556,0.0439024390243902,0.0271493212669683,0.0338983050847458,0.00930232558139535,0.021505376344086,0.0860215053763441,0,0.0604838709677419,0.0274914089347079,0.0225563909774436,0.202312138728324,0.0347648261758691,0.0612244897959184,0,0,0.027681660899654,0,0.155,0.175862068965517,0.0686274509803922,0.149825783972125,0.0485436893203883,0.0403225806451613,0,0.0314009661835749,0.0732984293193717,0.048582995951417,0.0231884057971014,0.126315789473684,0,0,0.0549450549450549,0.0481927710843374,0.0972222222222222,0.0279329608938547,0,0.0304347826086957,0,0,0,0,0.0122699386503067,0.0196850393700787,0,0.189655172413793,0.0418604651162791,0.196428571428571,0.217948717948718,0,0.0320855614973262,0.0565217391304348,0.06,0.0333333333333333,0.0108695652173913,0.0256410256410256,0.0106382978723404,0,0,0,0,0.090032154340836,0,0.0492610837438424,0.11864406779661,0,0,0.0194986072423398,0.0332225913621262,0.00337837837837838,0.0684931506849315,0,0.0772727272727273,0,0.076271186440678,0,0.0181818181818182,0.037037037037037,0.0670731707317073,0.0303030303030303,0.0062111801242236,0.0363636363636364,0.0586734693877551,0.0339622641509434,0.169014084507042,0.103942652329749,0.148837209302326,0.129032258064516,0.0138248847926267,0.0389221556886228,0,0.195121951219512,0.0196078431372549,0,0.00666666666666667,0.123287671232877,0,0.0375,0,0.0246305418719212,0.184210526315789,0.108433734939759,0.00564971751412429,0,0,0,0,0.111111111111111,0.101010101010101,0.126373626373626,0.0246305418719212,0.0107142857142857,0.0459770114942529,0.0339943342776204,0,0.10126582278481,0.0199203187250996,0,0.0408163265306122,0.024390243902439,0.143497757847534,0,0.12751677852349,0.0844155844155844,0.0301507537688442,0,0.136792452830189,0.0041407867494824,0.0555555555555556,0.121951219512195,0.0376344086021505,0.00630914826498423,0.0339805825242718,0.0376569037656904,0.0416666666666667,0,0.03,0.0634920634920635,0,0,0.224489795918367,0.0378378378378378,0,0,0,0.00675675675675676
"Fatty acid elongation",0,0,0,0,0,0,0,0,0,0,0,0,0,0,0,0.0714285714285714,0,0,0,0,0,0,0,0,0,0,0,0,0,0,0,0,0.00257731958762887,0,0,0,0,0,0,0,0,0,0,0,0,0,0,0,0,0,0,0,0,0,0,0,0,0.0454545454545455,0,0,0,0,0,0,0,0,0,0,0,0,0,0,0,0.0112359550561798,0,0,0,0,0,0,0,0,0,0,0,0,0,0,0,0.0588235294117647,0,0,0.0769230769230769,0,0,0,0,0,0,0,0,0,0,0,0,0,0,0.0344827586206897,0,0,0,0,0,0,0,0,0,0,0,0,0,0,0,0,0,0,0,0,0,0,0,0,0,0,0,0,0,0,0,0,0,0,0,0,0,0,0,0,0,0,0,0,0,0,0,0,0,0,0,0,0,0,0,0,0,0,0,0,0,0,0,0,0,0,0,0,0,0,0.0357142857142857,0,0,0,0,0,0,0,0,0,0,0,0,0,0,0,0,0,0,0,0,0,0,0,0,0,0,0,0,0,0,0,0,0,0,0,0,0,0,0,0,0,0,0,0,0,0,0,0,0,0,0,0,0,0,0,0,0.0394736842105263,0,0,0,0,0,0,0,0,0,0,0,0,0,0,0.0350877192982456,0,0,0,0,0,0,0
"Autophagy - animal",0,0.089041095890411,0.0218068535825545,0.011070110701107,0,0.022140221402214,0,0,0.0238095238095238,0.00515463917525773,0,0.103305785123967,0.0535714285714286,0.0352564102564103,0.0424710424710425,0,0.0813953488372093,0,0,0.126050420168067,0.0387931034482759,0.0414507772020725,0.0337078651685393,0.145522388059701,0.0116731517509728,0,0.00738007380073801,0.0646900269541779,0,0,0.0900900900900901,0.0296296296296296,0.0814663951120163,0.0152091254752852,0.0075187969924812,0.0127659574468085,0.043613707165109,0.121338912133891,0.0750750750750751,0.00615384615384615,0.0468384074941452,0.0950226244343891,0.0230769230769231,0.0291666666666667,0.0921273031825796,0,0,0.09375,0.0218068535825545,0.0144578313253012,0.0909090909090909,0.0659025787965616,0.093841642228739,0.0696864111498258,0,0.00954653937947494,0.0769230769230769,0,0.0251798561151079,0.075098814229249,0.11304347826087,0.043010752688172,0.0688524590163934,0.036697247706422,0.170940170940171,0.00806451612903226,0.0796178343949045,0.0485436893203883,0.0981132075471698,0.088339222614841,0.110687022900763,0.0166666666666667,0.0669642857142857,0,0.0894941634241245,0.103053435114504,0,0.143564356435644,0.0163934426229508,0.0849673202614379,0.0988142292490119,0.116591928251121,0.0853333333333333,0.0142857142857143,0.0556390977443609,0.121323529411765,0.100917431192661,0.0341880341880342,0.021978021978022,0,0.0795454545454545,0.0845070422535211,0,0.0552995391705069,0.0883190883190883,0,0.096,0,0.0327272727272727,0,0,0,0.0555555555555556,0.016597510373444,0.046583850931677,0.00896860986547085,0.0208333333333333,0,0,0.091324200913242,0,0.0702702702702703,0.0351758793969849,0.0677290836653386,0.052434456928839,0.102325581395349,0,0.0701754385964912,0.0317919075144509,0,0.0782312925170068,0.0443786982248521,0.0415335463258786,0.0650406504065041,0.0916179337231969,0.0552763819095477,0,0,0.0508982035928144,0,0.021505376344086,0.0792349726775956,0.0461538461538462,0.0726256983240224,0.08,0.0684931506849315,0,0.0479302832244009,0.01171875,0.113879003558719,0.0435897435897436,0.0634920634920635,0,0,0.103139013452915,0.101449275362319,0.102272727272727,0.101851851851852,0,0.127906976744186,0.0398671096345515,0,0,0.189349112426035,0,0.0646258503401361,0,0.0481927710843374,0.0680851063829787,0.0159362549800797,0.0166666666666667,0,0.0352941176470588,0,0.0740740740740741,0.0958904109589041,0.0126582278481013,0.0535211267605634,0.0210843373493976,0,0,0,0,0.0679347826086956,0,0.0511811023622047,0.029126213592233,0,0,0.0741687979539642,0.119631901840491,0.0701219512195122,0.0666666666666667,0,0.102272727272727,0.00398406374501992,0.037037037037037,0,0.0775193798449612,0.0553935860058309,0.0439276485788114,0.0939597315436242,0.0756972111553785,0.0180995475113122,0.0539325842696629,0.0897009966777409,0.0376712328767123,0.0647058823529412,0.041522491349481,0.0153846153846154,0.0223880597014925,0.0580474934036939,0,0.0872727272727273,0.0234375,0.00740740740740741,0,0.013953488372093,0,0.0520833333333333,0,0.0155038759689922,0.0253164556962025,0.0214592274678112,0,0,0,0,0,0.0883720930232558,0.0612813370473538,0.171945701357466,0.0564516129032258,0.00486223662884927,0.151408450704225,0.147945205479452,0,0.0805687203791469,0.0652920962199313,0,0.0670103092783505,0.03125,0.115523465703971,0,0.0136986301369863,0.0231481481481481,0.106837606837607,0.00617283950617284,0.0611510791366906,0,0,0.0402930402930403,0.024896265560166,0.047752808988764,0.0480349344978166,0.135338345864662,0.0904761904761905,0,0.0743801652892562,0.108695652173913,0,0,0.0173913043478261,0.0884955752212389,0,0,0,0.00995024875621891
"Folate biosynthesis",0,0,0,0,0,0,0.0307692307692308,0.0508474576271186,0.00862068965517241,0,0,0,0,0,0,0,0,0,0,0,0,0,0,0,0,0,0,0,0.0158730158730159,0,0,0,0,0,0,0.0104166666666667,0,0,0,0,0,0,0,0,0,0,0,0,0,0,0,0,0,0,0,0,0,0.0294117647058824,0,0,0,0,0,0,0,0,0,0,0,0,0,0,0,0.0224719101123595,0,0,0,0,0,0,0,0,0,0,0,0,0.0102040816326531,0,0,0,0,0,0,0,0,0,0,0,0,0,0,0,0,0,0,0,0,0,0,0,0,0.0119047619047619,0,0,0,0,0,0,0.00465116279069767,0.0526315789473684,0,0,0,0,0,0,0,0,0,0,0,0,0,0,0,0,0,0,0,0,0,0,0,0,0,0,0,0,0,0,0,0,0,0,0,0,0,0,0,0,0,0,0.00335570469798658,0,0,0,0,0,0,0,0,0,0.00943396226415094,0,0,0,0,0,0,0,0,0,0,0,0,0,0,0,0,0,0,0,0,0,0,0,0,0,0.00628930817610063,0,0,0,0,0,0,0,0.0491803278688525,0.0131578947368421,0,0,0,0,0,0,0,0,0,0,0,0,0,0,0,0,0,0,0.0340909090909091,0,0,0,0,0,0,0,0,0.0256410256410256,0,0,0,0,0,0.0141843971631206,0,0,0,0,0,0,0,0,0,0,0,0,0.0337078651685393,0,0.0102040816326531,0
"Influenza A",0,0.0557377049180328,0.185714285714286,0.0109090909090909,0,0.0218181818181818,0,0,0.00769230769230769,0,0,0.101626016260163,0.038961038961039,0.0186915887850467,0.0339622641509434,0,0.0968992248062016,0,0.0032258064516129,0.0666666666666667,0.195121951219512,0.0512820512820513,0.0181818181818182,0.0578231292517007,0.00763358778625954,0,0.022140221402214,0.0527704485488127,0,0.0852534562211982,0.0982142857142857,0.132530120481928,0.0940695296523517,0.00743494423791822,0.0149253731343284,0.00833333333333333,0.0398773006134969,0.0666666666666667,0.190789473684211,0.0153374233128834,0.0586854460093897,0.0837004405286344,0.0150375939849624,0.0371900826446281,0.0512820512820513,0.00384615384615385,0,0.0921052631578947,0.0573248407643312,0.00710900473933649,0.0576923076923077,0.0532212885154062,0.0710227272727273,0.139194139194139,0,0.0166666666666667,0.333333333333333,0,0.0433212996389892,0.164556962025316,0.0833333333333333,0.0208333333333333,0.0927152317880795,0.00882352941176471,0.0183150183150183,0.076271186440678,0.071875,0.0282131661442006,0.0925925925925926,0.0505050505050505,0.0805860805860806,0.0553191489361702,0.0657894736842105,0,0.0518518518518519,0.0851851851851852,0.0658914728682171,0.0444444444444444,0.166666666666667,0.267924528301887,0.0722433460076046,0.0905172413793103,0.062015503875969,0.00930232558139535,0.104851330203443,0.152985074626866,0.0892857142857143,0.0123456790123457,0.105882352941176,0,0.0586080586080586,0.219435736677116,0,0.0309734513274336,0.166163141993958,0.138095238095238,0.130081300813008,0.00512820512820513,0.0212765957446809,0,0.0555555555555556,0,0,0.0163265306122449,0.144295302013423,0.0904761904761905,0.0146198830409357,0,0,0.0752212389380531,0,0.0695187165775401,0.0294117647058824,0.0625,0.192468619246862,0.0954545454545455,0,0.102222222222222,0.0112044817927171,0,0.0629139072847682,0.0317919075144509,0.021671826625387,0.027027027027027,0.0763358778625954,0.0338164251207729,0.104545454545455,0,0.228373702422145,0,0.0140350877192982,0.176991150442478,0.078125,0.074792243767313,0.113821138211382,0.124555160142349,0,0.0452586206896552,0,0.0602006688963211,0.205278592375367,0.0381679389312977,0,0,0.116071428571429,0.0841121495327103,0.0885608856088561,0.0755555555555556,0,0.0387323943661972,0.161172161172161,0,0,0,0,0.0566666666666667,0,0.0271317829457364,0.147392290249433,0.00778210116731518,0.00813008130081301,0.112244897959184,0.0254041570438799,0,0.0555555555555556,0.0655021834061135,0.0382978723404255,0.052924791086351,0.014792899408284,0.0507936507936508,0,0,0,0.150724637681159,0,0.0343511450381679,0.0125786163522013,0,0,0.109947643979058,0.234113712374582,0.392156862745098,0.136186770428016,0.109947643979058,0.0845588235294118,0.185185185185185,0.00970873786407767,0,0.281818181818182,0.086053412462908,0.00492610837438424,0.0927152317880795,0.0421455938697318,0,0.0558035714285714,0.312252964426877,0.0233333333333333,0.086053412462908,0.0166666666666667,0.0075187969924812,0.0775193798449612,0.0438144329896907,0.00858369098712446,0.0669014084507042,0.141630901287554,0.0415094339622641,0,0.00909090909090909,0,0.158490566037736,0.021551724137931,0.0230769230769231,0.0186335403726708,0,0.00854700854700855,0,0,0,0.0772946859903382,0.0769230769230769,0.0519125683060109,0.052,0.103734439834025,0,0.067741935483871,0.10443864229765,0,0.045045045045045,0.0827586206896552,0,0.055,0.0894308943089431,0.0262295081967213,0.00448430493273543,0.0134529147982063,0,0.133620689655172,0.00917431192660551,0.0491228070175439,0.00742115027829314,0.065989847715736,0.0249110320284698,0.0865800865800866,0.286689419795222,0.0276008492569002,0.0774647887323944,0.0837209302325581,0,0.0954356846473029,0.0702479338842975,0,0.0419847328244275,0,0.111111111111111,0,0,0,0
"Gastric acid secretion",0,0.0714285714285714,0.0173160173160173,0.0903614457831325,0,0,0,0,0.122448979591837,0,0,0,0.232758620689655,0.236559139784946,0.246478873239437,0,0.0391061452513966,0,0.00943396226415094,0.0802469135802469,0,0,0.150943396226415,0.0490196078431373,0.128378378378378,0,0.241379310344828,0.152671755725191,0,0,0.0205479452054795,0,0.0022883295194508,0.32824427480916,0.0115606936416185,0.150793650793651,0.192118226600985,0.0174418604651163,0.0271317829457364,0,0.0172413793103448,0,0.272058823529412,0.0131578947368421,0.042910447761194,0,0,0.101449275362319,0.00858369098712446,0,0,0.0333333333333333,0.064638783269962,0.014218009478673,0,0.137931034482759,0,0,0.0491803278688525,0.0591715976331361,0,0.0925925925925926,0,0.0292887029288703,0,0,0.020746887966805,0.241935483870968,0,0.168478260869565,0.171597633136095,0,0,0,0.0872093023255814,0.0594594594594595,0,0.0952380952380952,0.00649350649350649,0.0127118644067797,0.00543478260869565,0.0196078431372549,0.0431893687707641,0.0619469026548673,0.0609756097560976,0.0241545893719807,0,0.0275862068965517,0.0108695652173913,0,0.207547169811321,0.0618181818181818,0,0.12396694214876,0.0625,0,0.0584795321637427,0,0.164634146341463,0,0.016597510373444,0,0.0163265306122449,0,0,0,0.0593220338983051,0,0.0714285714285714,0,0,0,0,0.0174418604651163,0.0162162162162162,0,0,0,0.0602409638554217,0,0,0.0317460317460317,0.0174672489082969,0.251851851851852,0.0354767184035477,0,0.0138888888888889,0,0.0445344129554656,0,0.163636363636364,0.126865671641791,0.0783132530120482,0.0698529411764706,0.0350877192982456,0.0138888888888889,0,0.0104166666666667,0.177304964539007,0.0526315789473684,0.00964630225080386,0.25,0,0,0,0,0.0588235294117647,0.00694444444444444,0,0.0050761421319797,0,0,0,0,0,0,0,0.191489361702128,0.00987654320987654,0.275590551181102,0.26890756302521,0,0.0676923076923077,0.0461538461538462,0,0,0,0.0407407407407407,0,0,0,0,0,0.0416666666666667,0,0.10828025477707,0.130653266331658,0,0,0.00615384615384615,0.0381679389312977,0,0,0,0.11864406779661,0,0.137566137566138,0,0,0.0346153846153846,0.0506756756756757,0.0448430493273543,0.00675675675675676,0.0232558139534884,0.0162162162162162,0,0.2,0.0846774193548387,0.168539325842697,0.325581395348837,0.00555555555555556,0.0301003344481605,0,0.113513513513514,0,0,0,0.0683760683760684,0,0.0144927536231884,0,0.0119760479041916,0.143564356435644,0.208333333333333,0,0,0,0,0,0.0846153846153846,0.116279069767442,0.0779220779220779,0,0.029296875,0.012987012987013,0.028391167192429,0,0.134453781512605,0.0432692307692308,0,0.117647058823529,0,0.193370165745856,0,0.205607476635514,0.11304347826087,0,0.00865800865800866,0.174418604651163,0.0113378684807256,0.0761904761904762,0.11046511627907,0.0694444444444444,0,0.0184210526315789,0,0.0225563909774436,0,0.00602409638554217,0.0451612903225806,0,0,0.184873949579832,0,0,0,0,0
"JAK-STAT signaling pathway",0,0.0782312925170068,0.108474576271186,0,0,0.0147058823529412,0,0,0,0,0,0.112970711297071,0.0173160173160173,0.0125786163522013,0.0150943396226415,0.00465116279069767,0.094488188976378,0,0,0.0809716599190283,0.085972850678733,0.0101010101010101,0.0185185185185185,0.0699300699300699,0,0,0,0.0341207349081365,0.00492610837438424,0.28021978021978,0.105504587155963,0.121457489878543,0.164835164835165,0,0.0037593984962406,0,0.0121212121212121,0.0897959183673469,0.0720720720720721,0.0219435736677116,0.0182648401826484,0.0904977375565611,0,0.0292887029288703,0.00930232558139535,0,0,0.109090909090909,0,0.0194174757281553,0.0591133004926108,0.0722543352601156,0.0689655172413793,0.0479452054794521,0,0.0144230769230769,0.180769230769231,0.00478468899521531,0.0289855072463768,0.0753968253968254,0.0944206008583691,0.069060773480663,0.0483870967741935,0.0029673590504451,0.00738007380073801,0.00403225806451613,0.0662460567823344,0.0157232704402516,0.0861423220973783,0.0586206896551724,0.124031007751938,0.0253164556962025,0.043859649122807,0,0.041044776119403,0.0627306273062731,0.00371747211895911,0.055045871559633,0.0466101694915254,0.165492957746479,0.0572519083969466,0.132420091324201,0.0600522193211488,0,0.147299509001637,0.0629370629370629,0.154589371980676,0.0126050420168067,0.00815217391304348,0,0.0479704797047971,0.0909090909090909,0,0.00884955752212389,0.0823863636363636,0.114285714285714,0.0876494023904383,0,0.014336917562724,0,0.046583850931677,0,0.144295302013423,0,0,0.0135746606334842,0.0178571428571429,0,0,0.0917431192660551,0.0048780487804878,0.0477453580901857,0.0199004975124378,0.04296875,0.0727969348659004,0.113207547169811,0,0.0565217391304348,0.0142450142450142,0,0.0711864406779661,0.0292397660818713,0.0188087774294671,0.0235294117647059,0.0256880733944954,0.0346534653465347,0.00421940928270042,0.00416666666666667,0.107594936708861,0,0,0.11614730878187,0.0503875968992248,0.0728291316526611,0.0803212851405622,0.0836236933797909,0,0.0643015521064302,0,0.0365448504983389,0.103260869565217,0.0269230769230769,0,0,0.0888888888888889,0.0966183574879227,0.0469314079422383,0.0921658986175115,0,0.0507246376811594,0.0721649484536082,0,0.00425531914893617,0.0050251256281407,0,0.0721649484536082,0,0.0441767068273092,0.101098901098901,0,0,0.0142857142857143,0.00228310502283105,0,0.0743243243243243,0.0765765765765766,0.00843881856540084,0.0303867403314917,0.0029673590504451,0,0,0,0,0.0858725761772853,0,0.027027027027027,0,0,0,0.0269607843137255,0.144654088050314,0.140065146579805,0.0590405904059041,0.035,0.0661764705882353,0.0635593220338983,0,0,0.139917695473251,0.0343839541547278,0.0125628140703518,0.0620915032679739,0.00559701492537313,0.0135746606334842,0.033112582781457,0.159574468085106,0.00332225913621262,0.0617647058823529,0.0101010101010101,0,0.0111111111111111,0.0526315789473684,0.0087719298245614,0.0567375886524823,0.10126582278481,0,0,0,0,0.126865671641791,0.00869565217391304,0.0155642023346304,0.009375,0,0.00434782608695652,0,0,0,0.033175355450237,0.0542986425339367,0.0497237569060773,0.0487804878048781,0.0609756097560976,0,0.0516129032258065,0.0398009950248756,0,0.0460829493087558,0.0510204081632653,0,0.0351758793969849,0.02734375,0.0232558139534884,0,0,0,0.102564102564103,0.0124610591900312,0.0352112676056338,0.0189393939393939,0.025,0.00711743772241993,0.020746887966805,0.120481927710843,0.00630252100840336,0.0945454545454545,0.0555555555555556,0,0.065843621399177,0.0948275862068965,0,0.0634920634920635,0,0.0986547085201794,0,0,0,0
"Legionellosis",0,0.00985221674876847,0.0287081339712919,0.00625,0,0.00613496932515337,0,0,0,0,0,0.0266666666666667,0,0,0,0,0.0246913580246914,0,0.00518134715025907,0,0.0666666666666667,0.0731707317073171,0,0,0,0,0,0.010752688172043,0,0.0290697674418605,0.0078125,0.03125,0.0145631067961165,0,0.0130718954248366,0,0,0,0.079295154185022,0,0.0372670807453416,0,0,0,0.0247148288973384,0.0359712230215827,0,0,0.0336538461538462,0.0198675496688742,0.00980392156862745,0,0.0196078431372549,0.0718232044198895,0,0,0.114285714285714,0,0.0117647058823529,0.096551724137931,0.0214285714285714,0,0.0492610837438424,0,0.0254777070063694,0.0458015267175573,0,0,0.0229885057471264,0.0263157894736842,0,0.0396825396825397,0.0327868852459016,0,0,0.0173410404624277,0.0193548387096774,0.0442477876106195,0.144067796610169,0.0682926829268293,0.03125,0.00740740740740741,0.00684931506849315,0,0.0243478260869565,0.0549450549450549,0.016,0,0.0882352941176471,0,0,0.128630705394191,0,0,0.0426356589147287,0.0990990990990991,0.0805369127516778,0,0,0,0.00896860986547085,0,0.0904761904761905,0,0.0135746606334842,0,0,0,0,0,0,0.0107142857142857,0,0,0.12,0.0333333333333333,0,0.0396825396825397,0,0,0.00492610837438424,0,0.0142857142857143,0,0.0252293577981651,0.0104166666666667,0.0413223140495868,0,0.106976744186047,0,0,0.040590405904059,0.119718309859155,0.00743494423791822,0.0466666666666667,0.0310880829015544,0,0.00546448087431694,0,0.0050251256281407,0.05,0.00649350649350649,0,0,0.0230769230769231,0.0087719298245614,0.0171428571428571,0.00806451612903226,0,0,0.0989010989010989,0,0,0,0,0,0,0,0.0130208333333333,0,0,0.0306122448979592,0.0123839009287926,0,0,0,0.0672268907563025,0.00772200772200772,0.036697247706422,0.00943396226415094,0,0,0,0.0256410256410256,0,0,0,0,0,0.0771929824561404,0.0543933054393305,0.0720720720720721,0.0736196319018405,0.0326086956521739,0.00564971751412429,0.0859375,0,0,0.1,0.0418410041841004,0,0.0191387559808612,0.0190930787589499,0,0.0379008746355685,0.0436893203883495,0,0.0289256198347107,0,0,0.0878378378378378,0.00699300699300699,0,0.0163934426229508,0.0347222222222222,0.00632911392405063,0,0.0194174757281553,0,0.0160427807486631,0,0,0,0,0,0,0,0,0.00952380952380952,0,0.0075187969924812,0.0138888888888889,0.0492957746478873,0,0.00469483568075117,0.0662020905923345,0,0,0.0207253886010363,0,0,0.0863309352517986,0,0,0,0,0.0428571428571429,0.00471698113207547,0,0.00235294117647059,0.0813953488372093,0.00588235294117647,0.155172413793103,0.0526315789473684,0.0138121546961326,0.0106951871657754,0.00869565217391304,0,0.0208333333333333,0,0,0.0469798657718121,0,0.0230769230769231,0,0,0,0
"Wnt signaling pathway",0,0.0189274447949527,0.0214723926380368,0.0108695652173913,0,0.0367647058823529,0,0,0.0233463035019455,0,0,0.0381679389312977,0.0954545454545455,0.0379746835443038,0.244343891402715,0,0.0364963503649635,0,0,0.0340909090909091,0.0165289256198347,0.0147783251231527,0.0725190839694656,0.0229508196721311,0.0231660231660232,0,0.033457249070632,0.0498687664041995,0,0,0.0206611570247934,0.0520446096654275,0.0151515151515152,0.0542635658914729,0,0.0752212389380531,0.0461538461538462,0.0380228136882129,0.028328611898017,0.0407523510971787,0.0414746543778802,0.00816326530612245,0.0544747081712062,0.0120481927710843,0.126929674099485,0,0,0.037344398340249,0.00301204819277108,0.00471698113207547,0.0137614678899083,0.0472222222222222,0.13855421686747,0.0469798657718121,0,0.0567901234567901,0.0468227424749164,0,0.0283687943262411,0.0297397769516729,0.0966386554621849,0.0234375,0.0184615384615385,0.033033033033033,0.0371747211895911,0,0.194444444444444,0.0894039735099338,0.0533807829181495,0.0262295081967213,0.0571428571428571,0.0204918032786885,0.012448132780083,0,0.021505376344086,0.0462633451957295,0,0.0172413793103448,0.012,0.0564263322884013,0.0179856115107914,0.016,0.0325814536340852,0.013953488372093,0.134831460674157,0.0163934426229508,0.0251046025104603,0.0164609053497942,0.021680216802168,0,0.0507246376811594,0.0743801652892562,0,0.0308370044052863,0.069060773480663,0.0126582278481013,0.0528301886792453,0,0.0509090909090909,0,0.0208333333333333,0,0.0146198830409357,0.0593220338983051,0.0178571428571429,0,0,0,0,0.0209205020920502,0.004739336492891,0.0126262626262626,0.0394088669950739,0.0186567164179104,0.0141843971631206,0.0297872340425532,0,0.00403225806451613,0.00835654596100279,0,0.192592592592593,0.0718562874251497,0.034375,0.068,0.132264529058116,0.0141509433962264,0.0166666666666667,0,0.0439882697947214,0,0.0545454545454545,0.078167115902965,0.0374531835205993,0.0291005291005291,0.0576923076923077,0.0462046204620462,0,0.0340425531914894,0.0114942528735632,0.0324675324675325,0.0198019801980198,0.06640625,0,0,0.04149377593361,0.0590909090909091,0.0571428571428571,0.0296610169491525,0,0.0102389078498294,0.0392156862745098,0,0,0,0,0.152173913043478,0,0.0390625,0.116740088105727,0.0569105691056911,0.0418410041841004,0,0.0253456221198157,0,0.195571955719557,0.00823045267489712,0.0208333333333333,0.0498614958448753,0.0177514792899408,0,0,0,0,0.0727762803234501,0,0.0264150943396226,0.0419354838709677,0,0,0.0365853658536585,0.072463768115942,0.00564971751412429,0.0173611111111111,0,0.0647482014388489,0,0.0574324324324324,0,0.0216606498194946,0.0280112044817927,0.00738916256157635,0.0575079872204473,0.0130111524163569,0.0599078341013825,0.0533333333333333,0.0152439024390244,0.0405405405405405,0.0396600566572238,0.0736842105263158,0.0386100386100386,0.021978021978022,0.0175438596491228,0.0630630630630631,0.0410958904109589,0.0470588235294118,0,0,0.0182648401826484,0,0.0440677966101695,0.00847457627118644,0.0809716599190283,0.196363636363636,0.051948051948052,0.221649484536082,0,0,0,0,0.0301724137931034,0.0320855614973262,0.0193050193050193,0.0113636363636364,0.0113268608414239,0.133105802047782,0.0469135802469136,0,0.0130434782608696,0.0361842105263158,0,0.0143540669856459,0.0267175572519084,0.0328947368421053,0,0.0460829493087558,0.0134529147982063,0.051792828685259,0.194945848375451,0.0309278350515464,0,0.0343137254901961,0.03584229390681,0.0202429149797571,0.0299727520435967,0.0210526315789474,0.0442176870748299,0.0540540540540541,0,0.0557768924302789,0.0526315789473684,0,0,0.0301724137931034,0.0286885245901639,0,0,0,0.0348258706467662
"Lysine degradation",0,0,0,0,0,0,0.02,0,0,0,0.0568181818181818,0,0,0,0,0.121212121212121,0,0,0,0,0,0,0,0,0,0,0,0,0,0,0,0,0,0,0,0,0,0,0,0,0,0,0,0,0,0,0.0297029702970297,0,0,0,0,0,0,0,0,0,0,0.179775280898876,0,0,0,0,0,0,0,0,0,0,0,0,0,0,0,0,0,0,0,0,0,0,0,0,0,0,0.00168067226890756,0,0,0,0,0.0714285714285714,0,0,0.127659574468085,0,0,0,0,0.0238095238095238,0,0.0344827586206897,0,0,0,0,0,0,0,0,0,0,0,0,0,0,0,0,0,0,0,0,0,0,0,0,0,0,0,0,0,0,0,0,0,0,0,0,0,0.00267379679144385,0,0,0,0,0,0,0,0,0,0,0,0,0.0247524752475248,0,0,0,0,0.00485436893203883,0,0,0,0,0,0,0,0,0,0,0,0,0,0,0,0,0,0,0.021978021978022,0,0,0,0.0930232558139535,0,0,0,0,0,0,0,0,0.0483870967741935,0,0,0.00336700336700337,0,0,0,0.00276243093922652,0,0,0,0,0,0,0,0,0,0,0,0,0,0.0462962962962963,0,0,0,0.00925925925925926,0,0,0.032967032967033,0,0.0625,0,0,0,0.0132450331125828,0,0,0,0,0,0,0,0,0,0,0,0,0,0,0,0,0,0,0,0,0,0,0,0.00512820512820513,0,0.0784313725490196,0,0,0.043956043956044,0,0,0.00719424460431655,0.040983606557377,0,0,0
"Phototransduction",0,0,0,0,0,0,0,0,0.0172413793103448,0,0,0,0.0786516853932584,0.0397727272727273,0.0569105691056911,0,0,0,0,0,0,0,0.0542635658914729,0.04375,0.0169491525423729,0,0,0.0365853658536585,0,0,0,0,0.0051413881748072,0.0583333333333333,0,0.0769230769230769,0.0483870967741935,0,0,0,0,0,0.0769230769230769,0,0.0138613861386139,0,0,0.0714285714285714,0,0.00716845878136201,0,0,0,0,0,0.0253623188405797,0,0,0,0,0,0.00813008130081301,0,0,0,0,0,0.0395480225988701,0,0.0434782608695652,0,0,0,0,0,0.0492957746478873,0,0,0,0,0,0,0.0348837209302326,0,0.0162748643761302,0,0,0,0,0,0.013986013986014,0.0294117647058824,0,0,0.0386266094420601,0,0.0551181102362205,0,0,0,0,0,0,0.0714285714285714,0,0,0,0,0,0,0,0,0,0,0,0,0,0,0.0432692307692308,0,0,0,0,0.0608695652173913,0.0169491525423729,0,0,0,0.0343137254901961,0,0.013986013986014,0.0365853658536585,0,0,0,0,0,0,0,0,0,0.0578512396694215,0,0,0,0,0,0,0,0,0,0,0,0,0,0,0,0,0,0,0,0,0.0238907849829352,0.0328947368421053,0,0,0,0,0,0,0,0,0,0,0,0.0583333333333333,0.0113636363636364,0,0,0,0.0416666666666667,0,0,0,0,0,0.0434782608695652,0,0,0,0,0.0391061452513966,0,0,0,0,0.0448717948717949,0.018348623853211,0.0592105263157895,0.0598290598290598,0,0,0,0.0127388535031847,0,0,0,0.012987012987013,0,0,0,0,0,0.0769230769230769,0,0,0,0,0,0,0.0299145299145299,0,0,0.0212765957446809,0,0,0,0,0.0429447852760736,0,0,0,0.05625,0,0,0,0,0,0,0,0,0.0140845070422535,0.07,0,0,0,0,0,0,0,0,0,0,0,0,0,0,0
"Renal cell carcinoma",0,0.123076923076923,0,0.0174418604651163,0,0.0470588235294118,0,0,0,0,0,0.20863309352518,0.113821138211382,0.0228310502283105,0.062111801242236,0,0.2,0,0,0.181818181818182,0,0,0.0350877192982456,0.149171270718232,0,0,0.0175438596491228,0.0882352941176471,0,0.00821917808219178,0.243478260869565,0.028735632183908,0.0719602977667494,0,0.0180722891566265,0.0072463768115942,0.039647577092511,0.173611111111111,0.01171875,0.0316742081447964,0.0326409495548961,0.211864406779661,0.0121212121212121,0.0962962962962963,0.022181146025878,0,0,0.216666666666667,0.0043859649122807,0.00625,0.0833333333333333,0.166666666666667,0.146443514644351,0.100529100529101,0,0.0156739811912226,0.0609137055837563,0,0.0689655172413793,0.101910828025478,0.246031746031746,0.024822695035461,0.0657276995305164,0.0169491525423729,0.0355029585798817,0,0.153846153846154,0.0465116279069767,0.192546583850932,0.123655913978495,0.149700598802395,0.00694444444444444,0.037037037037037,0,0.103658536585366,0.210191082802548,0,0.109243697478992,0.041958041958042,0.153465346534653,0.0718562874251497,0.25,0.153558052434457,0,0.10036496350365,0.10752688172043,0.175,0.0214285714285714,0.0340909090909091,0,0.0941176470588235,0.0792452830188679,0,0.0833333333333333,0.132,0.0303030303030303,0.121794871794872,0,0.0393258426966292,0,0.091324200913242,0,0.0752212389380531,0,0.0917431192660551,0,0.0209205020920502,0,0,0,0,0.120754716981132,0.0918367346938776,0.126666666666667,0.0520231213872832,0.210526315789474,0,0.106870229007634,0.0487804878048781,0,0.129533678756477,0.104347826086957,0.0558139534883721,0.0866666666666667,0.0477272727272727,0.121212121212121,0.00719424460431655,0,0.05,0,0.0108695652173913,0.0962962962962963,0.0613496932515337,0.0961538461538462,0.147651006711409,0.0923076923076923,0,0.0790960451977401,0.00628930817610063,0.0490196078431373,0.0335570469798658,0.0432098765432099,0,0,0.214876033057851,0.240384615384615,0.109826589595376,0.188034188034188,0,0.0549450549450549,0.014218009478673,0,0,0,0,0.0974358974358974,0,0.08,0.0718085106382979,0.00645161290322581,0,0,0,0,0.157894736842105,0.175,0.0444444444444444,0.0576923076923077,0.00418410041841004,0,0,0,0,0.0970149253731343,0.0101010101010101,0.0434782608695652,0.00921658986175115,0,0,0.0559210526315789,0.108333333333333,0.05,0.08,0,0.136094674556213,0,0.0195121951219512,0,0.098159509202454,0.0647773279352227,0.020066889632107,0.112745098039216,0.00455580865603645,0,0.0979228486646884,0.122549019607843,0.0355329949238579,0.123931623931624,0.0150753768844221,0,0,0.126865671641791,0.0153846153846154,0.136363636363636,0.01875,0,0,0.00847457627118644,0,0.12707182320442,0.0151515151515152,0.0584415584415584,0.0465116279069767,0,0.00757575757575758,0,0,0,0.00840336134453781,0.153846153846154,0.119047619047619,0.0884353741496599,0.0723684210526316,0,0.11219512195122,0.0596026490066225,0,0.0840336134453782,0.0710659898477157,0,0.102040816326531,0.0185185185185185,0.0552763819095477,0,0,0,0.151079136690647,0.0133928571428571,0.0769230769230769,0,0,0.0511363636363636,0.0206896551724138,0.0498084291187739,0.00527704485488127,0.166666666666667,0.203703703703704,0.00862068965517241,0.166666666666667,0.310924369747899,0,0,0,0.267241379310345,0,0,0,0.00970873786407767
"Nicotinate and nicotinamide metabolism",0.116279069767442,0,0,0,0,0,0,0,0,0,0,0,0,0,0,0.0117647058823529,0,0.027027027027027,0,0,0,0,0.00694444444444444,0,0,0,0.0142857142857143,0,0.0136986301369863,0,0,0,0,0,0,0.00943396226415094,0,0,0.00442477876106195,0,0,0,0,0,0,0,0,0,0,0,0,0,0,0,0,0.00343642611683849,0,0.0126582278481013,0,0,0,0,0,0,0,0,0,0.00520833333333333,0,0,0,0,0,0,0,0,0,0.0101010101010101,0,0,0,0,0,0,0,0,0,0,0,0,0,0,0,0,0,0,0,0,0,0,0,0,0,0,0.0048780487804878,0,0.004739336492891,0,0,0,0,0,0,0,0,0,0,0,0,0,0,0,0.00515463917525773,0,0,0,0,0.00909090909090909,0,0,0,0,0,0,0,0,0,0.00286532951289398,0,0,0,0,0,0,0,0,0,0,0,0.00628930817610063,0.00552486187845304,0,0.00952380952380952,0,0,0,0,0,0,0,0,0,0,0.0709677419354839,0,0.0186915887850467,0,0,0,0,0,0,0,0,0,0,0,0,0,0,0,0,0,0,0,0,0,0,0,0,0.00367647058823529,0.00515463917525773,0,0,0,0,0,0,0,0.0152671755725191,0,0,0,0,0,0,0,0,0,0,0,0,0,0,0,0,0,0,0,0,0,0.0078740157480315,0,0,0,0,0,0,0,0,0,0,0,0,0,0,0,0,0,0,0,0,0,0,0,0.00588235294117647,0,0,0,0,0,0,0,0,0,0,0,0
"Chemical carcinogenesis - reactive oxygen species",0,0.0742857142857143,0.0265957446808511,0,0,0.00600600600600601,0,0,0.00317460317460317,0,0.00390625,0.116838487972509,0.0352112676056338,0.0241935483870968,0.025,0,0.0698412698412698,0,0.361940298507463,0.124137931034483,0.0454545454545455,0.01171875,0.00906344410876133,0.0895522388059701,0,0.0711610486891386,0.00303030303030303,0.0658823529411765,0,0,0.111111111111111,0.0599369085173502,0.0670289855072464,0.0093167701863354,0,0.00680272108843537,0.0452127659574468,0.112627986348123,0.0531645569620253,0.00260416666666667,0.339522546419098,0.0948905109489051,0.00934579439252336,0.0374149659863946,0.228373702422145,0,0,0.0938628158844765,0.0104712041884817,0.0105485232067511,0.0538461538461538,0.0858585858585859,0.0939086294416244,0.102719033232628,0,0.0277777777777778,0.063953488372093,0.0150943396226415,0.0521472392638037,0.0927152317880795,0.113475177304965,0.0182648401826484,0.356890459363958,0.0205655526992288,0.0342679127725857,0,0.147398843930636,0.0324324324324324,0.129449838187702,0.0764705882352941,0.0974842767295598,0.00332225913621262,0.0457746478873239,0.0320284697508897,0.0764331210191083,0.141447368421053,0,0.0625,0.0479452054794521,0.123919308357349,0.0700636942675159,0.116363636363636,0.0966981132075472,0,0.103047895500726,0.1,0.124528301886792,0.0135135135135135,0.0513447432762836,0,0.0521472392638037,0.113065326633166,0,0.036101083032491,0.0918114143920596,0.0103448275862069,0.114093959731544,0,0.0301204819277108,0,0.0702702702702703,0.0119047619047619,0.0695187165775401,0,0.0477453580901857,0.0107142857142857,0.0126262626262626,0,0,0.120754716981132,0,0,0.03125,0.0618892508143322,0.0660377358490566,0.109022556390977,0.00611620795107034,0.126865671641791,0.0297766749379653,0,0.0806916426512968,0.051150895140665,0.0378378378378378,0.0884353741496599,0.2875,0.0551181102362205,0.0102040816326531,0.0752688172043011,0.0433673469387755,0,0.0117994100294985,0.0863309352517986,0.03125,0.151041666666667,0.100671140939597,0.107784431137725,0,0.052734375,0.00316455696202532,0.0630372492836676,0.0568181818181818,0.0516129032258065,0,0.00367647058823529,0.117647058823529,0.11284046692607,0.104430379746835,0.121212121212121,0,0.0356083086053412,0.0660919540229885,0,0.0068259385665529,0,0.00727272727272727,0.0660919540229885,0.00784313725490196,0.0459016393442623,0.0606060606060606,0,0,0,0.290155440414508,0,0.0771428571428571,0.0797101449275362,0.075812274368231,0.43046357615894,0.0153452685421995,0,0,0,0.0967741935483871,0.0920096852300242,0.0158102766798419,0.0252365930599369,0.178683385579937,0,0,0.0669642857142857,0.1015625,0.0487179487179487,0.101910828025478,0,0.0672782874617737,0.0197368421052632,0.0194986072423398,0.00341296928327645,0.105263157894737,0.0880829015544041,0.305084745762712,0.094017094017094,0.217922606924644,0,0.082135523613963,0.0903954802259887,0.0226628895184136,0.0880829015544041,0.0316091954022989,0.00311526479750779,0.0215384615384615,0.0625,0,0.119122257053292,0.0561056105610561,0,0.00381679389312977,0.010989010989011,0,0.0648967551622419,0,0.0289389067524116,0.0213903743315508,0,0,0.00389105058365759,0.0694444444444444,0,0.0036231884057971,0.0656934306569343,0.0812807881773399,0.0602006688963211,0.0596026490066225,0,0.0724233983286908,0.0743243243243243,0.0175438596491228,0.036231884057971,0.187096774193548,0,0.0433070866141732,0.0557377049180328,0.0308988764044944,0.0109090909090909,0,0.0145454545454545,0.124113475177305,0,0.0505952380952381,0,0,0.027027027027027,0.0445205479452055,0.0694789081885856,0.262910798122066,0.121495327102804,0.103846153846154,0.00366300366300366,0.104166666666667,0.129963898916967,0,0,0,0.117647058823529,0.00344827586206897,0,0.0955882352941176,0
"Thyroid cancer",0,0.0391061452513966,0.00512820512820513,0.00709219858156028,0,0.0211267605633803,0,0,0,0,0,0.134453781512605,0.0833333333333333,0.0159574468085106,0.0952380952380952,0,0.0352112676056338,0,0,0.0967741935483871,0,0.0298507462686567,0,0.0479041916167665,0,0,0,0.0193798449612403,0,0,0.25,0.0354609929078014,0.0363636363636364,0,0.00740740740740741,0,0.0201005025125628,0.0542635658914729,0.00892857142857143,0.0372340425531915,0.00961538461538462,0.208791208791209,0.0151515151515152,0.0176991150442478,0.0216110019646365,0,0,0.189473684210526,0,0.00347222222222222,0.024390243902439,0.0300429184549356,0.0570175438596491,0.0233918128654971,0,0.0069204152249135,0.0232558139534884,0,0.00657894736842105,0.0144927536231884,0.24,0,0.0157068062827225,0.00485436893203883,0.0289855072463768,0,0.131147540983607,0.0491803278688525,0.0460526315789474,0.0414201183431953,0.0460526315789474,0.0769230769230769,0.0288461538461538,0,0.034965034965035,0.0753424657534247,0,0.03125,0.0175438596491228,0.0695187165775401,0,0.0833333333333333,0.0299625468164794,0,0.0694183864915572,0.0880503144654088,0.08,0,0.0169491525423729,0,0.0408163265306122,0.0454545454545455,0,0.0898876404494382,0.037344398340249,0,0.0364963503649635,0,0.0555555555555556,0,0.0351758793969849,0,0.0294117647058824,0,0.0199004975124378,0,0.0394088669950739,0,0,0.0918367346938776,0,0.03125,0,0.0225563909774436,0.0136054421768707,0.153846153846154,0,0.0566037735849057,0.0321100917431193,0,0.149068322981366,0.0231481481481481,0.0319148936170213,0.0569105691056911,0.0214797136038186,0.2,0.00943396226415094,0,0.0138888888888889,0,0.0132450331125828,0.0562248995983936,0,0.05,0.0534351145038168,0.0227272727272727,0,0.0356083086053412,0.00793650793650794,0,0.00732600732600733,0.00740740740740741,0,0,0.151515151515152,0.352112676056338,0.06,0.0707070707070707,0,0.0127388535031847,0.0342857142857143,0,0,0,0,0.0584795321637427,0,0.0573770491803279,0.0451977401129944,0,0.00900900900900901,0,0.0065359477124183,0,0.176100628930818,0.11340206185567,0,0,0.00975609756097561,0.00515463917525773,0,0,0,0.0481927710843374,0,0,0.0108695652173913,0,0,0.0472727272727273,0.0837209302325581,0.0138888888888889,0.0196078431372549,0,0.096551724137931,0,0.0173410404624277,0,0.028169014084507,0.0176991150442478,0.0149253731343284,0.0777777777777778,0.00740740740740741,0.0108695652173913,0.046583850931677,0.0888888888888889,0.0301204819277108,0.031390134529148,0,0,0.0215827338129496,0.0306513409961686,0,0.04375,0.015625,0,0,0,0,0.049079754601227,0,0.0655737704918033,0.0666666666666667,0,0.162790697674419,0,0,0,0,0.0736842105263158,0.0418410041841004,0.0495867768595041,0.120689655172414,0,0.0427807486631016,0.0141342756183746,0,0,0.0113636363636364,0,0.0416666666666667,0.0153846153846154,0.0535714285714286,0,0,0,0.0583333333333333,0.043010752688172,0.0124223602484472,0,0,0.0482758620689655,0.0176991150442478,0.0478260869565217,0.00869565217391304,0.0828025477707006,0.0777777777777778,0,0.0578512396694215,0.0884955752212389,0,0,0,0.2,0,0,0,0
"Fc gamma R-mediated phagocytosis",0,0.186602870813397,0.0278884462151394,0.00492610837438424,0,0.0197044334975369,0,0,0.0162162162162162,0,0,0.0765027322404372,0.0440251572327044,0.0242914979757085,0.0362694300518135,0,0.105820105820106,0,0,0.0879120879120879,0,0,0.0147783251231527,0.0871559633027523,0.0160427807486631,0,0.0201005025125628,0.0726072607260726,0,0,0.124183006535948,0.0196078431372549,0.0453514739229025,0.0207253886010363,0,0.0181818181818182,0.03515625,0.261146496815287,0.0105263157894737,0,0.0357142857142857,0.0886075949367089,0.0261780104712042,0.172185430463576,0.0157068062827225,0,0,0.121794871794872,0.036144578313253,0.073394495412844,0.0814814814814815,0.114391143911439,0.0978260869565217,0.227979274611399,0,0.0231884057971014,0.0484581497797357,0,0.102564102564103,0.0631578947368421,0.107142857142857,0.022508038585209,0.0491803278688525,0.0632411067193676,0,0,0.0846774193548387,0.0583333333333333,0.110552763819095,0.0672645739910314,0.105,0,0.0180722891566265,0,0.0714285714285714,0.106060606060606,0.0360824742268041,0.0805369127516778,0.0658682634730539,0.0693877551020408,0.077720207253886,0.132911392405063,0.119601328903654,0,0.0463576158940397,0.0633484162895928,0.0897435897435897,0.0617283950617284,0.0824372759856631,0,0.0804020100502513,0.0714285714285714,0,0.104166666666667,0.106382978723404,0,0.0909090909090909,0,0.0439024390243902,0,0.0677290836653386,0,0.0625,0.0174418604651163,0.04296875,0,0.0186567164179104,0,0,0.126666666666667,0,0.0618892508143322,0.0225563909774436,0,0.0242718446601942,0.113333333333333,0.0691489361702128,0.0740740740740741,0.0141342756183746,0,0.0692640692640693,0.0801526717557252,0.040650406504065,0.0971428571428571,0.0294117647058824,0.0294117647058824,0.0180722891566265,0,0.060377358490566,0,0.0696517412935323,0.076158940397351,0.0575916230366492,0.0644067796610169,0.111111111111111,0.110091743119266,0,0.051150895140665,0,0.0565217391304348,0.053125,0.125,0.0337837837837838,0,0.135483870967742,0.0972222222222222,0.127551020408163,0.263157894736842,0,0.0574162679425837,0.0125,0,0,0,0.0955882352941176,0.0611353711790393,0.0661157024793388,0.0380434782608696,0.0409638554216867,0.0164835164835165,0.0175438596491228,0,0.002710027100271,0,0.0686695278969957,0.0897435897435897,0.0365853658536585,0.0592334494773519,0,0.00390625,0,0,0,0.0419354838709677,0,0.0944444444444444,0.0205761316872428,0.0683760683760684,0,0.0869565217391304,0.0727272727272727,0.0407407407407407,0.0634146341463415,0.0072992700729927,0.0940594059405941,0,0.0127659574468085,0,0.0721649484536082,0.110266159695817,0.00602409638554217,0.0578512396694215,0.00213219616204691,0,0.0611702127659574,0.0573770491803279,0.0787037037037037,0.118773946360153,0.0266666666666667,0.0157068062827225,0.0355329949238579,0.16140350877193,0,0.0700934579439252,0.0212765957446809,0,0,0,0,0.136585365853659,0,0.0491803278688525,0.0119521912350598,0,0,0,0,0,0.00675675675675676,0.115646258503401,0.0989399293286219,0.0677966101694915,0.0549450549450549,0,0.0798319327731092,0.118589743589744,0.051948051948052,0.0675675675675676,0.0572687224669604,0,0.096,0.0104166666666667,0.052863436123348,0,0.027027027027027,0.0486111111111111,0.105263157894737,0,0.119402985074627,0,0.0303030303030303,0.07,0.023121387283237,0.0520833333333333,0,0.0642201834862385,0.2421875,0,0.165644171779141,0.149068322981366,0,0,0,0.106918238993711,0.01875,0,0,0
"Toxoplasmosis",0,0.0316205533596838,0.0753968253968254,0.0382775119617225,0,0.0328638497652582,0,0,0.0203045685279188,0,0,0.0769230769230769,0.0112994350282486,0.064,0.0289855072463768,0,0.0673076923076923,0,0.00401606425702811,0.0710659898477157,0.121951219512195,0.107692307692308,0.0138888888888889,0.0504201680672269,0.0201005025125628,0,0,0.0464396284829721,0,0.0406091370558376,0.0511363636363636,0.220994475138122,0.0821917808219178,0.00478468899521531,0.0394088669950739,0,0.0490566037735849,0.0445544554455446,0.127340823970037,0.0112359550561798,0.0569105691056911,0.0335195530726257,0.0295566502463054,0.00529100529100529,0.042031523642732,0,0,0.0273224043715847,0.0711462450592885,0.0224719101123595,0.0529801324503311,0.0975609756097561,0.063973063973064,0.141552511415525,0,0.00549450549450549,0.183962264150943,0,0.0363636363636364,0.235632183908046,0.087431693989071,0.0184615384615385,0.076,0.0143884892086331,0.0235849056603774,0.135294117647059,0.0367647058823529,0.0348837209302326,0.119617224880383,0.0635593220338983,0.0985915492957746,0.0331491712707182,0.103030303030303,0,0.0721153846153846,0.110047846889952,0.0808080808080808,0.0481927710843374,0.345070422535211,0.19047619047619,0.0676328502415459,0.0607734806629834,0.0447761194029851,0,0.0950764006791171,0.122171945701357,0.109090909090909,0.00543478260869565,0.109154929577465,0,0.0654205607476635,0.188405797101449,0,0.036144578313253,0.152482269503546,0.210884353741497,0.124352331606218,0,0.0271493212669683,0,0.052434456928839,0,0.192468619246862,0.0162162162162162,0.0727969348659004,0.12,0.0141843971631206,0,0,0.0520231213872832,0,0.0660377358490566,0.0136054421768707,0.0242718446601942,0,0.0714285714285714,0,0.0935672514619883,0.0204081632653061,0,0.0196078431372549,0.0242214532871972,0.0426356589147287,0.0567010309278351,0.0457380457380457,0.0132450331125828,0.144654088050314,0,0.251063829787234,0,0.027027027027027,0.100977198697068,0.137566137566138,0.0480769230769231,0.121052631578947,0.153846153846154,0,0.0216867469879518,0.00497512437810945,0.032258064516129,0.10062893081761,0.0445544554455446,0,0,0.131736526946108,0.049079754601227,0.0985915492957746,0.103658536585366,0.0748663101604278,0.0218340611353712,0.147982062780269,0,0,0,0,0.0491803278688525,0,0.0251256281407035,0.0774818401937046,0,0,0.121428571428571,0.0295698924731183,0,0.0355731225296443,0.0280898876404494,0.0828402366863905,0.053156146179402,0.032967032967033,0.0756972111553785,0.00746268656716418,0,0,0.12751677852349,0,0,0.0524193548387097,0,0,0.12037037037037,0.124087591240876,0.214876033057851,0.149253731343284,0.170542635658915,0.04,0.0483870967741935,0.0244897959183673,0,0.207650273224044,0.0517241379310345,0.0146198830409357,0.0632411067193676,0.032051282051282,0.00598802395209581,0.0986666666666667,0.101626016260163,0.00819672131147541,0.0815602836879433,0.0608695652173913,0,0.124352331606218,0.0207715133531157,0,0.0950226244343891,0.242424242424242,0,0,0.032051282051282,0.0062111801242236,0.0292887029288703,0.00571428571428571,0.0148514851485149,0.0229885057471264,0.0168539325842697,0,0,0,0,0.132867132867133,0.0290697674418605,0.051948051948052,0.0253807106598985,0.198830409356725,0,0.0384615384615385,0.0936555891238671,0.00574712643678161,0.0363636363636364,0.0905172413793103,0,0.0204081632653061,0.118918918918919,0.05,0.00617283950617284,0,0.0123456790123457,0.167630057803468,0.0189393939393939,0.0720720720720721,0,0.0492957746478873,0.0365296803652968,0.165644171779141,0.201520912547529,0.0192771084337349,0.0888888888888889,0.0683229813664596,0,0.06282722513089,0.0476190476190476,0,0.029126213592233,0.00568181818181818,0.092485549132948,0,0,0,0
"Acute myeloid leukemia",0,0.118556701030928,0.0133928571428571,0,0,0.0292397660818713,0,0,0,0,0,0.267175572519084,0.08,0.0230414746543779,0.0833333333333333,0,0.133757961783439,0,0,0.201438848920863,0.037037037037037,0,0.0174418604651163,0.163841807909605,0,0,0,0.0690909090909091,0,0.00826446280991736,0.247787610619469,0.0792682926829268,0.094147582697201,0,0,0,0.04,0.176056338028169,0.028,0.018018018018018,0.0297619047619048,0.184873949579832,0.0185185185185185,0.0503597122302158,0.0260707635009311,0.00645161290322581,0,0.210084033613445,0.0179372197309417,0.00628930817610063,0.105769230769231,0.084,0.119341563786008,0.101604278074866,0,0,0.106951871657754,0,0.0454545454545455,0.11038961038961,0.270491803278689,0.036101083032491,0.0663507109004739,0.00847457627118644,0.0236686390532544,0,0.160975609756098,0.0420560747663551,0.165644171779141,0.118918918918919,0.151515151515152,0.00704225352112676,0.078125,0,0.11875,0.160493827160494,0.0119047619047619,0.140350877192982,0.0425531914893617,0.178571428571429,0.10625,0.243697478991597,0.108695652173913,0,0.106813996316759,0.146067415730337,0.241071428571429,0.0217391304347826,0.0265151515151515,0,0.0952380952380952,0.0881226053639847,0,0.0847457627118644,0.106299212598425,0.0229007633587786,0.138157894736842,0,0.0338983050847458,0,0.102325581395349,0,0.0954545454545455,0,0.113207547169811,0.0333333333333333,0.0297872340425532,0,0,0.210526315789474,0,0.109022556390977,0.153846153846154,0.113333333333333,0.0714285714285714,0,0,0.1,0.0491803278688525,0,0.180327868852459,0.0543933054393305,0.0227272727272727,0.0733333333333333,0.0625,0.123711340206186,0.0072992700729927,0,0.0504201680672269,0,0.010989010989011,0.126436781609195,0.0754716981132075,0.132,0.149659863945578,0.116402116402116,0,0.0704225352112676,0,0.054726368159204,0.0551724137931034,0.04375,0,0,0.239316239316239,0.309278350515464,0.117647058823529,0.201754385964912,0,0.0982658959537572,0.0707070707070707,0,0,0.0101010101010101,0,0.115789473684211,0,0.0738255033557047,0.101648351648352,0,0,0,0,0,0.178378378378378,0.188034188034188,0.0373134328358209,0.05,0,0.00444444444444444,0,0,0,0.114503816793893,0,0.0440251572327044,0.00930232558139535,0,0,0.0777027027027027,0.137931034482759,0.0822510822510823,0.113095238095238,0,0.130952380952381,0.0342465753424658,0.0147058823529412,0,0.127388535031847,0.0875,0.0306122448979592,0.130653266331658,0.0045766590389016,0.00813008130081301,0.0791788856304985,0.164102564102564,0.0358974358974359,0.125,0.0152284263959391,0,0.0421686746987952,0.0830324909747292,0,0.131428571428571,0.0592105263157895,0,0,0.0173913043478261,0,0.116022099447514,0,0.0387096774193548,0.0469483568075117,0,0.031496062992126,0,0.00675675675675676,0,0,0.156521739130435,0.0852713178294574,0.136690647482014,0.118055555555556,0,0.141414141414141,0.0743243243243243,0,0.0854700854700855,0.077319587628866,0,0.104166666666667,0.0516129032258065,0.077720207253886,0,0,0,0.206106870229008,0.0273972602739726,0.0659340659340659,0,0,0.0517241379310345,0.0428571428571429,0.0793650793650794,0.00264550264550265,0.155172413793103,0.174311926605505,0,0.195488721804511,0.252032520325203,0,0.00598802395209581,0,0.306306306306306,0,0,0,0.0099009900990099
"Glycerophospholipid metabolism",0,0.120535714285714,0.0275590551181102,0,0,0,0,0,0,0,0,0,0,0,0,0,0,0,0,0,0,0,0,0,0,0,0.0564102564102564,0.00613496932515337,0,0,0,0,0,0,0,0,0,0.168604651162791,0,0,0,0,0,0,0,0,0,0,0,0.00568181818181818,0,0,0,0,0,0,0,0,0,0,0,0,0,0,0,0,0,0.028,0,0,0,0,0,0,0,0,0,0,0,0,0,0,0.0759493670886076,0,0.00315955766192733,0,0,0.00574712643678161,0,0,0.00925925925925926,0,0,0.0451612903225806,0,0,0,0,0.00930232558139535,0,0,0,0,0,0,0,0,0,0,0,0,0.00611620795107034,0,0.0691489361702128,0,0,0,0,0,0,0,0,0.00778210116731518,0.0483870967741935,0,0,0,0,0,0,0.0430622009569378,0,0,0,0,0,0,0,0,0,0,0.0414507772020725,0.033112582781457,0,0.0112994350282486,0,0.0181818181818182,0.0426829268292683,0,0,0.0123456790123457,0,0,0,0.299145299145299,0,0.2,0,0,0,0,0,0,0.00436681222707424,0,0,0,0,0,0,0,0,0,0,0,0.0695187165775401,0,0.207547169811321,0,0,0,0,0,0,0,0,0,0,0,0,0,0,0,0,0.0177215189873418,0,0.0875576036866359,0,0,0,0,0,0,0,0,0,0,0,0,0,0,0,0,0,0,0,0,0,0,0,0,0,0,0,0.0116731517509728,0,0.153846153846154,0.0125786163522013,0,0,0,0,0,0.00657894736842105,0,0.0476190476190476,0,0,0.0316742081447964,0,0,0.0333333333333333,0,0,0,0,0.0451612903225806,0,0,0,0,0,0,0,0.220588235294118,0,0,0
"Platinum drug resistance",0,0.0566037735849057,0.0446428571428571,0,0,0.0110497237569061,0,0,0,0,0,0.138157894736842,0.0142857142857143,0.0269058295964126,0.0114942528735632,0,0.0882352941176471,0,0.00471698113207547,0.12987012987013,0.0137931034482759,0.188888888888889,0.0167597765363128,0.0703517587939698,0,0.175438596491228,0,0.0451388888888889,0,0.00539083557951483,0.165354330708661,0.010989010989011,0.0555555555555556,0,0,0,0.025531914893617,0.0807453416149068,0.0352941176470588,0.0219298245614035,0.0443786982248521,0.147286821705426,0.0117647058823529,0.0479452054794521,0.0314232902033272,0,0,0.135338345864662,0,0.00306748466257669,0.079646017699115,0.0733590733590734,0.0772200772200772,0.0597014925373134,0,0.00304878048780488,0.138297872340426,0,0.0380434782608696,0.0987654320987654,0.208955223880597,0.024390243902439,0.0841121495327103,0.00823045267489712,0.0112359550561798,0,0.189320388349515,0.013215859030837,0.0706521739130435,0.0646766169154229,0.0648648648648649,0.12781954887218,0.0211267605633803,0,0.0689655172413793,0.107954545454545,0,0.078740157480315,0.0131578947368421,0.127962085308057,0.0635838150289017,0.123188405797101,0.0503355704697987,0,0.111517367458867,0.205714285714286,0.0895522388059701,0.0206896551724138,0.0411985018726592,0,0.0730337078651685,0.102272727272727,0,0.0150375939849624,0.099236641221374,0,0.0843373493975904,0,0.021505376344086,0,0.0701754385964912,0,0.102222222222222,0,0.0565217391304348,0.0396825396825397,0.00403225806451613,0,0,0.106870229007634,0,0.126865671641791,0.0566037735849057,0.0740740740740741,0.0935672514619883,0.1,0,0,0.00766283524904215,0,0.0878048780487805,0.0401606425702811,0.0131004366812227,0.0120481927710843,0.0495495495495495,0.0642201834862385,0.0357142857142857,0.15625,0.0619834710743802,0,0.0105820105820106,0.0945454545454545,0.0470588235294118,0.137254901960784,0.093167701863354,0.058252427184466,0,0.0516304347826087,0.00609756097560976,0.0579710144927536,0.0296052631578947,0.0419161676646707,0,0,0.16030534351145,0.185840707964602,0.100558659217877,0.099236641221374,0,0.0591397849462366,0.0428571428571429,0,0,0,0,0.0579710144927536,0,0.0121212121212121,0.0625,0,0,0.0169491525423729,0.0236686390532544,0,0.0922330097087379,0.106060606060606,0.00689655172413793,0.037037037037037,0.016597510373444,0,0,0,0.149253731343284,0.0678571428571429,0,0.0421686746987952,0.00900900900900901,0,0,0.0550161812297735,0.092741935483871,0.117391304347826,0.114942528735632,0.0178571428571429,0.0944444444444444,0.0193548387096774,0.00943396226415094,0,0.0823529411764706,0.046875,0.00323624595469256,0.0790697674418605,0.0252873563218391,0.00769230769230769,0.0302197802197802,0.125,0.00966183574879227,0.0509803921568627,0.0147058823529412,0,0.0344827586206897,0.0406779661016949,0,0.0621761658031088,0.0120481927710843,0,0,0,0,0.0663265306122449,0,0.0181818181818182,0.0176991150442478,0,0.0298507462686567,0,0.147058823529412,0,0,0.09375,0.0436363636363636,0.0784313725490196,0.158620689655172,0,0.0590909090909091,0.0620915032679739,0,0.0806451612903226,0.180327868852459,0,0.0970873786407767,0.0303030303030303,0.0238095238095238,0,0,0,0.0784313725490196,0.0175438596491228,0.0634920634920635,0,0.0181818181818182,0.0160427807486631,0.02,0.0941176470588235,0.0238726790450928,0.0890052356020942,0.115702479338843,0,0.0779220779220779,0.102739726027397,0,0,0,0.151515151515152,0,0,0.158730158730159,0
"Alcoholism",0,0.0498442367601246,0.084375,0.0173611111111111,0,0.0136986301369863,0,0,0.0992063492063492,0,0,0.075187969924812,0.128318584070796,0.0961538461538462,0.111538461538462,0,0.0101694915254237,0,0,0.0789473684210526,0,0,0.0727272727272727,0.0976430976430976,0.107142857142857,0,0.00689655172413793,0.121951219512195,0.0181818181818182,0,0.0481927710843374,0.00677966101694915,0.076320939334638,0.0874524714828897,0,0.218009478672986,0.0858895705521472,0.036101083032491,0.00533333333333333,0.0087463556851312,0.0495495495495495,0.0357142857142857,0.168032786885246,0.0152671755725191,0.0386996904024768,0,0.00881057268722467,0.1,0,0.00227790432801822,0.00858369098712446,0.0426666666666667,0.0481283422459893,0.00928792569659443,0,0.0548926014319809,0,0.013215859030837,0.00996677740863787,0.0246478873239437,0.0456273764258555,0.0795755968169761,0.00290697674418605,0.00845070422535211,0.013840830449827,0.00373134328358209,0.0467836257309941,0.0888888888888889,0.0333333333333333,0.139372822299652,0.115107913669065,0,0.0078125,0,0.0491228070175439,0.0921985815602837,0,0.037344398340249,0.00754716981132075,0.0668693009118541,0.0348432055749129,0.0634920634920635,0.121052631578947,0.0497737556561086,0.0681481481481482,0.0253164556962025,0.0614754098360656,0,0.0051413881748072,0,0.151515151515152,0.0332480818414322,0,0.0643776824034335,0.0956284153005464,0,0.0464285714285714,0,0.0860215053763441,0,0.0317919075144509,0.00465116279069767,0.0112044817927171,0.0602409638554217,0.0142450142450142,0,0.00835654596100279,0,0.0432692307692308,0.0487804878048781,0,0.0297766749379653,0.0321100917431193,0.0141342756183746,0.0204081632653061,0.0491803278688525,0,0.00766283524904215,0,0,0.05,0.0247933884297521,0.0117302052785924,0.0891472868217054,0.0394973070017953,0.0409090909090909,0,0.00772200772200772,0.0306406685236769,0,0.130111524163569,0.146814404432133,0.0139372822299652,0.0746666666666667,0.0176056338028169,0.0216049382716049,0,0.0330578512396694,0.0183150183150183,0.0246913580246914,0.00471698113207547,0.0551470588235294,0,0,0.0271317829457364,0.051063829787234,0.0333333333333333,0.0404858299595142,0,0.0264900662251656,0.00302114803625378,0,0,0,0,0.0246913580246914,0,0.0769230769230769,0.0461847389558233,0.0579150579150579,0.0604838709677419,0,0.0576036866359447,0.00317460317460317,0.0496894409937888,0.0277777777777778,0,0.00769230769230769,0.00561797752808989,0,0,0,0,0.0510204081632653,0,0.025089605734767,0.0870967741935484,0,0,0.0115207373271889,0.0909090909090909,0.00817438692098093,0.0442176870748299,0,0.0437710437710438,0,0.0548387096774194,0,0.0102040816326531,0.346289752650177,0.047029702970297,0.0518292682926829,0.0126811594202899,0.012448132780083,0.0427350427350427,0.0358208955223881,0.0769230769230769,0.114035087719298,0.221374045801527,0.044280442804428,0,0.037037037037037,0.00806451612903226,0.186567164179104,0.00716845878136201,0.0104166666666667,0,0.190954773869347,0.00847457627118644,0.0522875816993464,0,0.00716845878136201,0.071875,0.0663900414937759,0,0,0,0.00961538461538462,0,0.0284552845528455,0.0723860589812333,0.0733590733590734,0,0.0207667731629393,0.0328358208955224,0.045346062052506,0,0.0378151260504202,0.0217391304347826,0,0.0134529147982063,0.0107142857142857,0.142857142857143,0,0.0168776371308017,0.0212765957446809,0.025830258302583,0.0087719298245614,0.0431893687707641,0.0257352941176471,0,0.152091254752852,0.047244094488189,0.00512820512820513,0.0246406570841889,0.0388349514563107,0.0333333333333333,0,0.0371747211895911,0.062015503875969,0,0,0.0630252100840336,0.0728744939271255,0,0,0,0.00452488687782805
"Galactose metabolism",0,0,0,0,0.0862068965517241,0,0,0.178571428571429,0,0.0175438596491228,0,0,0,0,0,0,0.0518518518518519,0.296296296296296,0,0,0,0,0.053030303030303,0.0493827160493827,0,0,0,0,0,0,0,0,0.00767263427109974,0,0,0,0,0,0,0,0,0,0,0,0,0,0,0,0,0,0.0675675675675676,0,0,0,0,0,0,0,0,0,0,0,0,0,0,0,0,0,0,0,0,0,0.0303030303030303,0,0,0,0,0,0,0,0.0217391304347826,0,0,0,0,0,0.0198019801980198,0,0,0,0,0,0,0,0,0,0,0,0,0,0,0.0526315789473684,0,0,0,0,0,0,0,0,0,0,0,0,0,0,0,0,0,0,0,0,0,0,0,0,0,0,0,0.0377358490566038,0,0,0,0,0,0,0,0,0,0,0,0,0.0238095238095238,0,0,0,0,0,0,0.0405405405405405,0,0,0,0,0,0,0,0,0,0.00854700854700855,0,0,0,0.0126582278481013,0,0.0842105263157895,0,0,0,0,0,0.0238095238095238,0,0,0,0,0,0,0,0,0,0,0,0,0.0198675496688742,0,0,0.164705882352941,0,0,0,0,0,0,0,0,0,0,0,0,0,0,0,0,0,0,0.0625,0,0,0,0,0,0,0,0,0,0,0,0,0,0,0,0,0,0,0.0143884892086331,0,0,0,0.186440677966102,0,0,0,0,0,0,0,0,0,0,0,0,0,0,0,0.0185185185185185,0,0,0,0,0,0,0,0,0.0434782608695652,0.0344827586206897,0,0
"Breast cancer",0,0.108208955223881,0.00326797385620915,0.00396825396825397,0,0.024,0,0,0,0.00578034682080925,0,0.217821782178218,0.0487804878048781,0.0168350168350168,0.232673267326733,0,0.0978723404255319,0,0,0.306878306878307,0,0.0112359550561798,0.0119047619047619,0.12156862745098,0,0,0,0.050561797752809,0,0.00224719101123596,0.23463687150838,0.0198412698412698,0.130820399113082,0,0.0040650406504065,0.00930232558139535,0.0261437908496732,0.13302752293578,0.00898203592814371,0.0479452054794521,0.0289855072463768,0.372670807453416,0.012396694214876,0.0560747663551402,0.0993031358885017,0,0,0.28,0,0.00755667506297229,0.0540540540540541,0.107255520504732,0.235087719298246,0.0631970260223048,0,0.0606860158311346,0.0708955223880597,0,0.03125,0.0590717299578059,0.277173913043478,0.0308988764044944,0.0481099656357388,0.0127388535031847,0.0284552845528455,0,0.445454545454545,0.0448275862068966,0.102040816326531,0.134387351778656,0.120331950207469,0.0568720379146919,0.0186915887850467,0,0.0836820083682008,0.126050420168067,0,0.09375,0.0179372197309417,0.122743682310469,0.0619834710743802,0.206349206349206,0.148809523809524,0,0.256457564575646,0.10077519379845,0.164893617021277,0.0184331797235023,0.0173913043478261,0,0.0688259109311741,0.0581395348837209,0,0.0612244897959184,0.0744047619047619,0.00469483568075117,0.0765957446808511,0,0.0604838709677419,0,0.0782312925170068,0,0.0629139072847682,0,0.0711864406779661,0.00492610837438424,0.192592592592593,0,0,0.129533678756477,0,0.0806916426512968,0.149068322981366,0.0692640692640693,0.0196078431372549,0.180327868852459,0,0.0878048780487805,0.05,0,0,0.0573248407643312,0.0132890365448505,0.0570175438596491,0.137130801687764,0.131736526946108,0.00460829493087558,0,0.021671826625387,0,0.00763358778625954,0.119760479041916,0.0286885245901639,0.182410423452769,0.0826086956521739,0.0659340659340659,0,0.103117505995204,0,0.0428571428571429,0.0320855614973262,0.0334728033472803,0,0,0.216216216216216,0.30188679245283,0.0843373493975904,0.107142857142857,0,0.062992125984252,0.0354609929078014,0,0,0.00558659217877095,0,0.275109170305677,0,0.0572687224669604,0.227040816326531,0,0,0,0.00479616306954436,0,0.619565217391304,0.134715025906736,0.00921658986175115,0.0412979351032448,0.00632911392405063,0,0,0,0,0.0909090909090909,0,0.0336134453781513,0.00677966101694915,0,0,0.0583554376657825,0.131578947368421,0.0443037974683544,0.0637450199203187,0,0.134453781512605,0,0.0213523131672598,0,0.0663900414937759,0.0492307692307692,0.0295698924731183,0.121323529411765,0.00581395348837209,0.02,0.125628140703518,0.145522388059701,0.0254545454545455,0.0825396825396825,0.0181818181818182,0,0.0201612903225806,0.134328358208955,0.0880829015544041,0.112,0.0524017467248908,0,0,0.00510204081632653,0,0.0930232558139535,0,0.0478260869565217,0.231707317073171,0,0.31875,0,0,0,0,0.0979381443298969,0.142857142857143,0.0917431192660551,0.131455399061033,0,0.259259259259259,0.0529100529100529,0,0.050761421319797,0.0509090909090909,0,0.0628571428571429,0.0210084033613445,0.0627306273062731,0,0.005,0.0101010101010101,0.122641509433962,0.173076923076923,0.0458015267175573,0,0,0.0354330708661417,0.018018018018018,0.093167701863354,0.00879120879120879,0.133064516129032,0.100529100529101,0,0.111627906976744,0.187817258883249,0,0,0.00471698113207547,0.243093922651934,0,0,0,0
"Axon guidance",0,0.0638977635782748,0.0117994100294985,0.00347222222222222,0,0.0354609929078014,0,0,0.0186567164179104,0,0,0.0561797752808989,0.0680851063829787,0.0304878048780488,0.0714285714285714,0,0.0575539568345324,0,0,0.0559701492537313,0,0,0.0319148936170213,0.0522875816993464,0.014760147601476,0,0.0140845070422535,0.0704960835509138,0,0.0126050420168067,0.0753138075313808,0.0353356890459364,0.0520231213872832,0.0180505415162455,0.00354609929078014,0.0411522633744856,0.0574018126888218,0.071969696969697,0.00810810810810811,0.00588235294117647,0.0405405405405405,0.0576131687242798,0.03690036900369,0.0607287449392713,0.0389408099688473,0,0,0.0833333333333333,0.00586510263929619,0.0234741784037559,0.0452488687782805,0.108882521489971,0.118155619596542,0.0841750841750842,0,0.0403800475059382,0.0253968253968254,0,0.102941176470588,0.0436363636363636,0.0753968253968254,0.0333333333333333,0.0302114803625378,0.0442477876106195,0.0176056338028169,0,0.0662650602409639,0.0865384615384615,0.133333333333333,0.0555555555555556,0.0736842105263158,0,0.00395256916996047,0,0.0498220640569395,0.0935251798561151,0,0.0423728813559322,0.0115384615384615,0.0547112462006079,0.0390070921985816,0.0775510204081633,0.104712041884817,0,0.0685543964232489,0.0457516339869281,0.0625,0.0198412698412698,0.0487804878048781,0,0.0752688172043011,0.0899182561307902,0,0.0427350427350427,0.121468926553672,0,0.10727969348659,0,0.0274914089347079,0,0.0443786982248521,0,0.0317919075144509,0.0317460317460317,0.0292397660818713,0,0.0718562874251497,0,0,0.104347826086957,0,0.051150895140665,0.0231481481481481,0.0801526717557252,0.0242214532871972,0.0543933054393305,0,0.0401606425702811,0.0247933884297521,0,0.0573248407643312,0,0.0364741641337386,0.0492424242424242,0.043557168784029,0.0321100917431193,0.0200803212851406,0,0.0427350427350427,0,0.0416666666666667,0.0991957104557641,0.0323741007194245,0.047244094488189,0.0674157303370786,0.058252427184466,0,0.0620985010706638,0,0.0282131661442006,0.0317848410757946,0.0559701492537313,0,0,0.0609756097560976,0.0704845814977974,0.0928571428571429,0.0905172413793103,0.00367647058823529,0.0268456375838926,0.00305810397553517,0,0,0,0,0.0649350649350649,0,0.0415094339622641,0.0529531568228106,0.0188679245283019,0.00387596899224806,0,0.0178970917225951,0,0.0636942675159236,0.0580912863070539,0.0323886639676113,0.0428954423592493,0,0.0208955223880597,0,0,0,0.0542635658914729,0,0.0367647058823529,0.018348623853211,0,0,0.0431654676258993,0.0734463276836158,0.0252100840336134,0.0306122448979592,0,0.0699300699300699,0,0.0352564102564103,0,0.0353356890459364,0.0443213296398892,0.00721153846153846,0.0689655172413793,0.0109289617486339,0.0212765957446809,0.0637362637362637,0.0425531914893617,0.029126213592233,0.0959302325581395,0.0394736842105263,0.00359712230215827,0.0104895104895105,0.124324324324324,0,0.0644067796610169,0.0374531835205993,0,0,0.0174672489082969,0,0.096551724137931,0.00404858299595142,0.0653846153846154,0.0430769230769231,0.0326530612244898,0.0334728033472803,0,0,0,0.00862068965517241,0.0732758620689655,0.112359550561798,0.0378787878787879,0.0335820895522388,0.0063391442155309,0.0654205607476635,0.0611246943765281,0,0.0429184549356223,0.0517799352750809,0,0.0571428571428571,0.0108695652173913,0.0318471337579618,0,0.00423728813559322,0,0.0873015873015873,0.0428134556574924,0.0801393728222996,0,0.00454545454545455,0.0381944444444444,0.0355731225296443,0.0237467018469657,0,0.0462046204620462,0.12962962962963,0,0.1,0.139240506329114,0,0.00709219858156028,0,0.0609756097560976,0,0,0,0
"Efferocytosis",0,0.0234113712374582,0.0226537216828479,0.0274509803921569,0,0.0153256704980843,0,0,0,0,0,0.02,0.037037037037037,0.0471380471380471,0.036144578313253,0,0.0470588235294118,0,0.00340136054421769,0.0364372469635627,0.0177777777777778,0.0106951871657754,0.0393700787401575,0.0207612456747405,0,0.00465116279069767,0.0155642023346304,0.0407608695652174,0,0.0133630289532294,0.0222222222222222,0.0513833992094862,0.0318091451292246,0.02,0.0281124497991968,0.0272727272727273,0.0385852090032154,0.024,0.0236686390532544,0.00318471337579618,0.0308056872037915,0.0176991150442478,0.0283400809716599,0.0307017543859649,0.0355987055016181,0.016597510373444,0,0.0355555555555556,0.0394736842105263,0.00987654320987654,0.0099009900990099,0.037463976945245,0.0680473372781065,0.0727272727272727,0,0.0326633165829146,0.00338983050847458,0,0.0340909090909091,0.0483870967741935,0.029535864978903,0.0134770889487871,0.0397350993377483,0.00306748466257669,0.0234375,0.00847457627118644,0.015527950310559,0.0434782608695652,0.0528301886792453,0.0171821305841924,0.0528301886792453,0.0131004366812227,0.0365296803652968,0,0.0268199233716475,0.0653846153846154,0.0156862745098039,0.00458715596330275,0.0488888888888889,0.0526315789473684,0.0310077519379845,0.0304347826086957,0.025974025974026,0.0203045685279188,0.0422960725075529,0.0209059233449477,0.0410958904109589,0,0.0344827586206897,0,0.0340909090909091,0.0687679083094556,0.0152284263959391,0.0187793427230047,0.0511363636363636,0.0136363636363636,0.0607287449392713,0,0.0225563909774436,0,0.0415335463258786,0,0.021671826625387,0.0174672489082969,0.0188087774294671,0.0142857142857143,0.034375,0,0,0.0558139534883721,0.00515463917525773,0.0378378378378378,0.0319148936170213,0.040650406504065,0.0426356589147287,0.0227272727272727,0.00778210116731518,0.0131004366812227,0.0117302052785924,0,0.0132890365448505,0.0364741641337386,0,0.0504201680672269,0.0281425891181989,0.0259067357512953,0.00888888888888889,0,0.0694006309148265,0,0.00738007380073801,0.0728291316526611,0.0441767068273092,0.021978021978022,0.0487804878048781,0.0714285714285714,0.00480769230769231,0.0262582056892779,0.00816326530612245,0.0100671140939597,0.0286458333333333,0.0491803278688525,0.00956937799043062,0,0.0218340611353712,0.0188679245283019,0.0449438202247191,0.0462962962962963,0.025,0.029520295202952,0.041522491349481,0,0,0,0.00485436893203883,0.0308219178082192,0.0108108108108108,0.0163265306122449,0.0272536687631027,0.0253164556962025,0.00432900432900433,0,0.014218009478673,0,0.0199335548172757,0.027027027027027,0.0410958904109589,0.0523255813953488,0.00306748466257669,0.00638977635782748,0.0112359550561798,0,0,0.032520325203252,0,0,0.0234113712374582,0.00549450549450549,0,0.0625,0.0568862275449102,0.0149700598802395,0.0534351145038168,0.00512820512820513,0.0449438202247191,0.0126582278481013,0.0385964912280702,0,0.0350194552529183,0.0355029585798817,0.0261780104712042,0.0501672240802676,0.0173410404624277,0,0.0505747126436782,0.0226537216828479,0.0174825174825175,0.0355029585798817,0.0321428571428571,0,0.00383141762452107,0.0345744680851064,0.00458715596330275,0.036101083032491,0.0416666666666667,0,0,0.0048780487804878,0.0147058823529412,0.0355871886120996,0,0.016260162601626,0.0365448504983389,0.0134529147982063,0,0,0,0,0.00975609756097561,0.018348623853211,0.0394366197183099,0.0122950819672131,0.0204081632653061,0.00662251655629139,0.0161290322580645,0.0356234096692112,0.0185185185185185,0.00465116279069767,0.0311418685121107,0,0.015625,0.037037037037037,0.0206185567010309,0.0196078431372549,0,0.00966183574879227,0.0646551724137931,0.00319488817891374,0.0290909090909091,0.00957854406130268,0.00518134715025907,0.0264150943396226,0.0585585585585586,0.019774011299435,0.00862068965517241,0.0469314079422383,0.0742574257425743,0,0.0376569037656904,0.0474137931034483,0,0.0118110236220472,0.00909090909090909,0.0353982300884956,0,0,0.00440528634361234,0.00526315789473684
"GnRH signaling pathway",0,0.180487804878049,0.0588235294117647,0.0939226519337017,0,0.0100502512562814,0,0,0.116564417177914,0,0,0.0730337078651685,0.290322580645161,0.199029126213592,0.251612903225806,0,0.0572916666666667,0,0,0.230769230769231,0.0509554140127389,0.0245901639344262,0.142857142857143,0.121359223300971,0.0887573964497041,0,0.112994350282486,0.151624548736462,0,0,0.0921052631578947,0.0520833333333333,0.0317460317460317,0.264900662251656,0.0212765957446809,0.157142857142857,0.15625,0.163636363636364,0.0681818181818182,0,0.0630372492836676,0.0573248407643312,0.241830065359477,0.0118343195266272,0.0827067669172932,0,0,0.173611111111111,0,0.0176991150442478,0.0606060606060606,0.0647482014388489,0.125,0.0947867298578199,0,0.126623376623377,0.0175438596491228,0,0.045,0.107344632768362,0.0975609756097561,0.0909090909090909,0.0416666666666667,0.047808764940239,0.0476190476190476,0,0.0604838709677419,0.305263157894737,0.108247422680412,0.247311827956989,0.310975609756098,0,0.01875,0,0.133333333333333,0.210227272727273,0,0.107142857142857,0.0552147239263804,0.132743362831858,0.0253807106598985,0.0949367088607595,0.129692832764505,0.0538461538461538,0.0924956369982548,0.0751173708920188,0.146853146853147,0.0246913580246914,0.0422535211267606,0,0.222222222222222,0.136029411764706,0,0.214285714285714,0.125,0.00632911392405063,0.151162790697674,0,0.202312138728324,0,0.0650406504065041,0,0.027027027027027,0.251851851851852,0.0235294117647059,0,0.068,0,0.0608695652173913,0.0866666666666667,0,0.0884353741496599,0.0569105691056911,0.0971428571428571,0.0567010309278351,0.0733333333333333,0.0483870967741935,0.0120481927710843,0.0891472868217054,0,0.0570175438596491,0.0492424242424242,0.0504201680672269,0,0.0707964601769911,0.0983606557377049,0,0,0.0869565217391304,0,0.208092485549133,0.194756554307116,0.0710382513661202,0.124087591240876,0.134502923976608,0.0776255707762557,0,0.0384615384615385,0.0764705882352941,0.0580357142857143,0.0441640378548896,0.371428571428571,0,0,0.0759493670886076,0.0935251798561151,0.12565445026178,0.227272727272727,0,0,0.0486725663716814,0,0,0,0.0671641791044776,0.0580357142857143,0.0603448275862069,0.267123287671233,0.0415647921760391,0.209459459459459,0.174825174825175,0,0.0674486803519062,0.0424528301886792,0.051948051948052,0.0580645161290323,0.0860927152317881,0.0681003584229391,0.0193798449612403,0,0,0,0,0.100694444444444,0,0.0914285714285714,0.169082125603865,0.0625,0,0.0584615384615385,0.115830115830116,0.00364963503649635,0.0871794871794872,0,0.0913705583756345,0,0.165829145728643,0,0.0860215053763441,0.0592592592592593,0.0789473684210526,0.111111111111111,0.0175438596491228,0.0205479452054795,0.139130434782609,0.05,0.268156424581006,0.125984251968504,0.19047619047619,0.189873417721519,0.0050761421319797,0.0416666666666667,0,0.238888888888889,0.0568181818181818,0,0,0.0518518518518519,0,0.0657276995305164,0,0.0276243093922652,0.169811320754717,0.182481751824818,0,0,0,0,0,0.206106870229008,0.15530303030303,0.0958083832335329,0,0.0283553875236295,0.0546218487394958,0.0652173913043478,0.0469798657718121,0.101449275362319,0.0985915492957746,0,0.0396825396825397,0.0621468926553672,0.182741116751269,0,0.0977443609022556,0.188524590163934,0.102409638554217,0,0.190217391304348,0.0131291028446389,0.0569105691056911,0.188571428571429,0.11038961038961,0.0421052631578947,0.0253807106598985,0.0917874396135266,0.176923076923077,0,0.0760233918128655,0.177631578947368,0,0,0.206106870229008,0.0691823899371069,0,0,0,0
"Alzheimer disease",0,0.0505836575875486,0.0456273764258555,0.0184804928131417,0,0.00604838709677419,0,0,0.00840336134453781,0.00240384615384615,0,0.0700218818380744,0.0904761904761905,0.0480769230769231,0.123287671232877,0.00228310502283105,0.0481171548117155,0,0.22737819025522,0.0537634408602151,0.0266075388026608,0.0342298288508557,0.0506329113924051,0.0795918367346939,0,0,0.0248447204968944,0.0730434782608696,0,0.0102639296187683,0.0569476082004556,0.037344398340249,0.0472878998609179,0.0426439232409382,0.0208333333333333,0.0454545454545455,0.0986193293885602,0.047008547008547,0.0526315789473684,0.00182481751824818,0.489977728285078,0.0474040632054176,0.0539956803455724,0.017353579175705,0.633644859813084,0,0,0.0637813211845103,0.0476190476190476,0.00625978090766823,0.0528846153846154,0.0402802101576182,0.105947955390335,0.058,0,0.0840336134453782,0.0772357723577236,0,0.0180722891566265,0.0715835140997831,0.0765765765765766,0.0304054054054054,0.268518518518519,0.0274725274725275,0.039832285115304,0.00212314225053079,0.133333333333333,0.06640625,0.0709812108559499,0.0685483870967742,0.0822784810126582,0.0152505446623094,0.0406320541760722,0,0.0436590436590437,0.0849256900212314,0,0.043778801843318,0.0217391304347826,0.0841487279843444,0.0526315789473684,0.0536912751677852,0.067911714770798,0,0.117291414752116,0.12847965738758,0.05720823798627,0.0175438596491228,0.0819672131147541,0,0.0718816067653277,0.124074074074074,0,0.0439814814814815,0.100182149362477,0.0133037694013304,0.0973451327433628,0,0.0347648261758691,0,0.0916179337231969,0,0.0763358778625954,0.0354767184035477,0.0256880733944954,0.0252293577981651,0.132264529058116,0,0.0169491525423729,0.0477272727272727,0,0.2875,0.0214797136038186,0.0294117647058824,0.0457380457380457,0.0625,0,0.0495495495495495,0.0394973070017953,0,0.137130801687764,0.043557168784029,0.0281425891181989,0.0707964601769911,0,0.023696682464455,0.0131868131868132,0,0.0710280373831776,0,0.0475206611570248,0.107719928186715,0.04,0.0520833333333333,0.0718954248366013,0.0809716599190283,0,0.0399408284023669,0,0.215909090909091,0.0396694214876033,0.0560344827586207,0,0,0.0636363636363636,0.0663507109004739,0.06875,0.0526315789473684,0,0.0342741935483871,0.0469667318982387,0,0,0.0291970802919708,0,0.116910229645094,0,0.0878378378378378,0.115562403697997,0.0280172413793103,0.0196936542669584,0.0116009280742459,0.474387527839644,0,0.136554621848739,0.0428893905191874,0.024390243902439,0.292841648590022,0.0293577981651376,0,0.00485436893203883,0,0,0.0714285714285714,0.00959232613908873,0.0471092077087794,0.141649048625793,0,0,0.10880829015544,0.115969581749049,0.0611111111111111,0.0782241014799154,0.00467289719626168,0.0643153526970954,0.0237580993520518,0.0371819960861057,0.00218818380743982,0.0593220338983051,0.0579710144927536,0.194656488549618,0.100401606425703,0.382940108892922,0.0113122171945701,0.0696594427244582,0.0826771653543307,0.0521042084168337,0.0541516245487365,0.0673469387755102,0.0384615384615385,0.029045643153527,0.0435510887772194,0.0225733634311512,0.063265306122449,0.0319829424307036,0,0,0.0232558139534884,0.00455580865603645,0.0521042084168337,0,0.0168067226890756,0.114285714285714,0.055045871559633,0.0913461538461538,0,0,0,0.00227272727272727,0.0704225352112676,0.0672566371681416,0.0571428571428571,0.0476190476190476,0.00838323353293413,0.131958762886598,0.075503355704698,0.0022075055187638,0.0368663594470046,0.0661322645290581,0,0.03125,0.0406852248394004,0.06841046277666,0.0137614678899083,0.0113895216400911,0.00681818181818182,0.0736607142857143,0.078740157480315,0.0402414486921529,0.0146666666666667,0.0214797136038186,0.0497925311203319,0.046875,0.0917431192660551,0.418181818181818,0.0672097759674134,0.0611764705882353,0,0.0640176600441501,0.06,0,0.0082135523613963,0.0293453724604966,0.0588235294117647,0.00220264317180617,0,0.00216919739696312,0.00472813238770686
"Bladder cancer",0.0102040816326531,0.0614525139664804,0,0,0,0.0275862068965517,0,0,0.00775193798449612,0,0,0.188034188034188,0.102040816326531,0.015625,0.0597014925373134,0,0.0633802816901408,0,0,0.228070175438596,0.00892857142857143,0,0,0.0591715976331361,0,0,0,0.0229885057471264,0,0.0029585798816568,0.252747252747253,0.0135135135135135,0.0522193211488251,0,0,0,0.0247524752475248,0.0769230769230769,0.013215859030837,0.0585106382978723,0.00630914826498423,0.252747252747253,0.0222222222222222,0.0170940170940171,0.0194552529182879,0,0,0.231578947368421,0.0050251256281407,0.0173611111111111,0.0232558139534884,0.0562770562770563,0.103603603603604,0.0346820809248555,0,0.0172413793103448,0.0169491525423729,0,0.0129032258064516,0.0212765957446809,0.142857142857143,0.00386100386100386,0.0050761421319797,0.0193236714975845,0.0428571428571429,0,0.110526315789474,0.0652173913043478,0.0584415584415584,0.0778443113772455,0.0516129032258065,0.0642201834862385,0,0,0.0482758620689655,0.0733333333333333,0,0.03,0.0169491525423729,0.108695652173913,0,0.152380952380952,0.0488721804511278,0,0.0669144981412639,0.0535714285714286,0.0980392156862745,0,0.0166666666666667,0,0.0397350993377483,0.0404858299595142,0,0.10989010989011,0.032520325203252,0,0.0579710144927536,0,0.0612244897959184,0,0.0552763819095477,0,0.0338164251207729,0,0.0346534653465347,0.0104166666666667,0.0141509433962264,0,0,0.121212121212121,0,0.0551181102362205,0.2,0.0294117647058824,0.0132450331125828,0.123711340206186,0,0.0642201834862385,0.0409090909090909,0,0.131736526946108,0.0321100917431193,0.0259067357512953,0.0983606557377049,0.023696682464455,0,0.00909090909090909,0,0.0182648401826484,0,0.0129032258064516,0.0942622950819672,0.00699300699300699,0.0666666666666667,0.0757575757575758,0.0165745856353591,0,0.0762195121951219,0,0,0.021978021978022,0.00719424460431655,0,0,0.204081632653061,0.219512195121951,0.0584415584415584,0.0784313725490196,0.00775193798449612,0.00617283950617284,0.0109289617486339,0,0,0,0,0.0571428571428571,0,0.0901639344262295,0.0535211267605634,0,0,0,0.00321543408360129,0,0.130177514792899,0.131313131313131,0.037037037037037,0.00819672131147541,0,0.00505050505050505,0,0,0,0.0685483870967742,0,0,0.0106382978723404,0,0,0.028169014084507,0.0921658986175115,0.00904977375565611,0.032258064516129,0,0.0866666666666667,0,0.0169491525423729,0,0.0344827586206897,0.0263157894736842,0.010989010989011,0.112359550561798,0.0024330900243309,0.0104166666666667,0.0557275541795666,0.11731843575419,0.0416666666666667,0.0446428571428571,0,0,0.00689655172413793,0.0540540540540541,0,0.089171974522293,0.0151515151515152,0,0,0,0,0.0606060606060606,0,0.046875,0.0769230769230769,0,0.0196078431372549,0,0.00826446280991736,0,0,0.0816326530612245,0.0675105485232067,0.031496062992126,0.072,0,0.0473684210526316,0.0282685512367491,0,0,0.0282485875706215,0,0.0394736842105263,0.0381679389312977,0.0584795321637427,0,0,0,0.0826446280991736,0.0206185567010309,0.0182926829268293,0,0,0.0612244897959184,0.0258620689655172,0.0425531914893617,0.00284900284900285,0.0943396226415094,0.10989010989011,0,0.0645161290322581,0.154545454545455,0,0.00714285714285714,0,0.216494845360825,0,0,0,0
"Viral myocarditis",0,0.00921658986175115,0.00881057268722467,0.143790849673203,0,0,0,0,0,0,0,0.0120481927710843,0,0.00900900900900901,0,0,0,0,0.00483091787439614,0.00595238095238095,0.00709219858156028,0.0515463917525773,0,0,0,0,0.00578034682080925,0.0102389078498294,0,0.00546448087431694,0.0141843971631206,0.0914634146341463,0.0140845070422535,0,0.141891891891892,0,0.00854700854700855,0.0180722891566265,0.00387596899224806,0.00884955752212389,0.0235294117647059,0.00704225352112676,0.00602409638554217,0.034965034965035,0.0128205128205128,0.0128205128205128,0,0.00689655172413793,0.133663366336634,0.0254777070063694,0,0.0419847328244275,0.0262172284644195,0.0297029702970297,0,0.0062111801242236,0.0346534653465347,0,0.0391061452513966,0.00581395348837209,0.0466666666666667,0.00347222222222222,0.0225225225225225,0.0169491525423729,0,0.161538461538462,0.0126582278481013,0.0135135135135135,0.0158730158730159,0,0,0.0431654676258993,0,0,0,0.0106382978723404,0.124183006535948,0,0.128787878787879,0.0219298245614035,0,0,0.0165016501650165,0,0.0203045685279188,0.0404040404040404,0.00714285714285714,0,0.0380228136882129,0,0.00540540540540541,0.0324909747292419,0,0.00775193798449612,0.0520446096654275,0.12396694214876,0.00574712643678161,0,0,0,0,0,0.104545454545455,0.0138888888888889,0.00421940928270042,0.0413223140495868,0.0166666666666667,0,0,0.00719424460431655,0,0.0102040816326531,0.00943396226415094,0.0180722891566265,0.144654088050314,0.0072992700729927,0,0.0357142857142857,0,0,0.00460829493087558,0.0200803212851406,0.00888888888888889,0,0.0131868131868132,0.00909090909090909,0,0,0.0956521739130435,0,0,0.0533807829181495,0.0297619047619048,0.00352112676056338,0.0239520958083832,0.00947867298578199,0,0.0079155672823219,0,0.00469483568075117,0.00325732899022801,0,0,0,0.0352112676056338,0.015748031496063,0.0267379679144385,0.0373134328358209,0.0192307692307692,0.00523560209424084,0.014218009478673,0,0,0,0,0,0,0,0.0280612244897959,0,0,0.277777777777778,0.00887573964497041,0,0.0045662100456621,0,0.0143884892086331,0.00732600732600733,0,0.14572864321608,0.0108695652173913,0,0,0.0970149253731343,0,0,0,0,0,0.019047619047619,0.0597609561752988,0.115044247787611,0.0161290322580645,0.345679012345679,0.032258064516129,0.0132450331125828,0,0,0.028735632183908,0.02734375,0.0066006600660066,0.0318181818181818,0.0184757505773672,0.008,0.0109289617486339,0.0269058295964126,0,0.0115384615384615,0,0.00609756097560976,0.0233918128654971,0.023728813559322,0,0.0050251256281407,0.101351351351351,0,0,0,0.00840336134453781,0.0851063829787234,0,0.0382165605095541,0.00446428571428571,0,0,0,0,0,0.212121212121212,0,0.0254545454545455,0,0.0382165605095541,0,0,0.0126582278481013,0,0,0.0394088669950739,0,0,0.0122699386503067,0.00961538461538462,0,0,0,0.00628930817610063,0.0179372197309417,0.0155440414507772,0,0.019047619047619,0.00543478260869565,0.0136986301369863,0.132231404958678,0.0106100795755968,0.00495049504950495,0.0317460317460317,0,0.0254777070063694,0.012987012987013,0,0,0,0.0137931034482759,0,0,0,0
"Drug metabolism - cytochrome P450",0,0,0,0,0,0,0,0,0,0,0.226190476190476,0.00588235294117647,0,0,0,0.00833333333333333,0,0,0,0.0238095238095238,0,0,0,0,0,0.2,0,0,0.135416666666667,0,0,0,0,0,0,0.0142857142857143,0,0,0,0,0,0,0,0,0,0,0.0178571428571429,0,0,0,0,0,0,0,0,0,0,0.036036036036036,0,0,0,0,0.00436681222707424,0,0,0,0.0896860986547085,0,0,0,0,0,0,0.20353982300885,0,0,0,0,0,0,0,0,0,0,0.0341296928327645,0,0,0,0,0,0,0.0176056338028169,0.0642201834862385,0,0,0,0,0,0,0,0,0,0,0,0.00416666666666667,0,0,0,0,0,0.00909090909090909,0.0752688172043011,0,0,0,0,0,0.15625,0.00772200772200772,0,0,0,0,0,0,0,0,0,0,0,0,0,0,0.165991902834008,0,0,0,0,0.13986013986014,0,0,0,0,0.19,0,0,0,0,0,0,0.0382775119617225,0,0.330188679245283,0,0,0,0.0618556701030928,0,0,0,0,0,0.00584795321637427,0,0,0,0,0,0,0,0,0,0.707865168539326,0,0,0,0,0,0.0297029702970297,0,0,0,0,0,0,0,0,0.0769230769230769,0,0,0,0,0,0,0,0,0,0,0.00985221674876847,0,0,0,0,0,0,0,0.211111111111111,0.0166666666666667,0.0165289256198347,0,0,0,0,0,0,0,0.387387387387387,0.0555555555555556,0,0,0,0,0,0,0,0,0.0461538461538462,0,0.103092783505155,0,0,0,0,0,0,0,0,0,0,0,0,0.0502793296089385,0,0,0,0,0,0.0619469026548673,0,0,0,0,0,0,0,0,0.531914893617021,0
"Tuberculosis",0,0.0376175548589342,0.125412541254125,0.0177304964539007,0,0.0357142857142857,0,0,0.0037037037037037,0,0,0.0526315789473684,0.0921052631578947,0.0700636942675159,0.0639097744360902,0,0.0735294117647059,0,0.0355987055016181,0.0643939393939394,0.139013452914798,0.0646766169154229,0.0823970037453183,0.0561056105610561,0,0,0.00350877192982456,0.0708661417322835,0,0.0714285714285714,0.0365853658536585,0.164,0.0645792563600783,0.0447761194029851,0.0181159420289855,0.0726495726495727,0.0642201834862385,0.0330882352941176,0.13109756097561,0.0149253731343284,0.0574712643678161,0.0323886639676113,0.0528301886792453,0.00775193798449612,0.074313408723748,0.0227272727272727,0,0.075,0.196491228070175,0.0187793427230047,0.0269058295964126,0.0349462365591398,0.0662983425414365,0.103448275862069,0,0.0480769230769231,0.18450184501845,0,0.0240549828178694,0.163265306122449,0.076,0.00753768844221105,0.0727848101265823,0.0144092219020173,0.0323741007194245,0.114406779661017,0.032258064516129,0.0664556962025316,0.0935251798561151,0.0559210526315789,0.0629370629370629,0.0321285140562249,0.05,0,0.0464285714285714,0.131086142322097,0.109375,0.012448132780083,0.279411764705882,0.210526315789474,0.043010752688172,0.0522088353413655,0.0606060606060606,0.018018018018018,0.098310291858679,0.0927835051546392,0.0765957446808511,0.00393700787401575,0.0968660968660969,0,0.041958041958042,0.228395061728395,0,0.0125523012552301,0.175595238095238,0.169811320754717,0.216101694915254,0,0.027681660899654,0,0.0508982035928144,0,0.228373702422145,0.0445344129554656,0.107594936708861,0.106976744186047,0.0439882697947214,0,0.0343137254901961,0.05,0,0.0433673469387755,0.0138888888888889,0.060377358490566,0.251063829787234,0.0504201680672269,0,0.0619834710743802,0.0306406685236769,0,0.021671826625387,0.0427350427350427,0.0694006309148265,0.0869565217391304,0.0710280373831776,0.0182648401826484,0.0956521739130435,0,0,0,0.0240549828178694,0.162393162393162,0.0919540229885057,0.0365535248041775,0.101167315175097,0.144366197183099,0,0.0206611570247934,0,0.028391167192429,0.114058355437666,0.0766283524904215,0.00854700854700855,0,0.0791666666666667,0.0387931034482759,0.0935251798561151,0.0726495726495727,0,0.0133333333333333,0.160142348754448,0,0,0.00469483568075117,0,0.0382165605095541,0,0.0148148148148148,0.0957446808510638,0.0190114068441065,0.00390625,0.0966183574879227,0.043778801843318,0,0.0342679127725857,0.0242914979757085,0.0905172413793103,0.0544959128065395,0.0144092219020173,0.0526315789473684,0.00490196078431373,0,0,0.118457300275482,0,0.0294117647058824,0.0279503105590062,0,0,0.113110539845758,0.19620253164557,0.22972972972973,0.0985401459854015,0.105,0.0410958904109589,0.0905349794238683,0.0735785953177258,0,0.202479338842975,0.0838150289017341,0.0121359223300971,0.0935483870967742,0.0414312617702448,0.00421940928270042,0.0758928571428571,0.125412541254125,0.0394736842105263,0.0359116022099447,0.0865051903114187,0.0297397769516729,0.0708955223880597,0.0298507462686567,0.00826446280991736,0.0648464163822526,0.165254237288136,0,0,0.0131578947368421,0.00432900432900433,0.124555160142349,0.00819672131147541,0.0223048327137546,0.0212121212121212,0.0546218487394958,0.00409836065573771,0,0,0,0.0892018779342723,0.024896265560166,0.0563002680965147,0.0264150943396226,0.049618320610687,0.0176848874598071,0.0303030303030303,0.085427135678392,0,0.0126050420168067,0.0912162162162162,0,0.00917431192660551,0.08203125,0.0557377049180328,0,0.00427350427350427,0,0.119341563786008,0.0119402985074627,0.0511945392491468,0.00181488203266788,0.0528846153846154,0.0136518771331058,0.176470588235294,0.191358024691358,0.0270833333333333,0.0714285714285714,0.0900900900900901,0,0.0705882352941176,0.0592885375494071,0,0.0254545454545455,0.0040650406504065,0.0528455284552846,0,0,0,0.00465116279069767
"Mannose type O-glycan biosynthesis",0,0,0,0,0,0,0,0,0,0,0,0,0,0,0,0,0,0,0,0,0,0,0,0,0,0,0,0,0,0,0,0,0,0,0,0,0,0,0,0,0,0,0,0,0,0,0,0,0,0,0,0,0,0,0,0,0,0,0,0,0,0,0,0,0,0,0,0,0,0,0,0,0,0,0,0,0,0,0,0,0,0,0,0,0,0,0,0,0,0,0,0,0,0,0,0,0,0,0,0,0,0,0,0,0,0,0,0,0,0,0,0,0,0,0,0,0,0,0,0.0377358490566038,0,0,0,0,0,0,0,0,0,0,0,0,0,0,0,0,0,0,0,0,0,0,0,0,0,0,0,0,0,0,0,0,0,0,0,0,0,0,0,0,0,0,0,0,0,0,0,0,0,0,0,0.0547945205479452,0,0,0,0,0,0,0,0,0,0,0,0,0,0,0,0,0,0,0,0,0,0,0,0,0,0,0,0,0,0,0,0,0,0,0.0172413793103448,0,0,0,0,0,0,0,0,0,0,0,0,0,0,0,0,0,0,0,0,0,0,0,0,0,0,0,0,0,0,0,0,0,0,0,0,0,0,0,0,0,0,0,0,0,0,0,0,0.133333333333333,0,0
"Glutamatergic synapse",0,0.147186147186147,0.0299625468164794,0.0728155339805825,0,0.00900900900900901,0,0,0.28125,0,0,0.00943396226415094,0.22,0.10655737704918,0.142105263157895,0,0.0226244343891403,0,0,0.075,0,0,0.0878048780487805,0.0200803212851406,0.246987951807229,0,0.111111111111111,0.106796116504854,0,0,0.0271739130434783,0.0321100917431193,0.0436681222707424,0.138297872340426,0.00938967136150235,0.163522012578616,0.114624505928854,0.0696517412935323,0.0304054054054054,0,0.0591397849462366,0.0106951871657754,0.374193548387097,0,0.0564373897707231,0,0,0.0267379679144385,0,0.010989010989011,0.0316455696202532,0.0159235668789809,0.0355987055016181,0.0119521912350598,0,0.117824773413897,0,0,0.0265486725663717,0.0631067961165049,0.00995024875621891,0.131756756756757,0,0.0141843971631206,0,0,0.0177935943060498,0.199115044247788,0.0303030303030303,0.128318584070796,0.14975845410628,0,0,0,0.080952380952381,0.00854700854700855,0,0.072289156626506,0.015625,0.0182481751824818,0.00446428571428571,0.0261780104712042,0.116719242902208,0.0457516339869281,0.0745033112582782,0.0202429149797571,0.0108108108108108,0.0216216216216216,0.00630914826498423,0,0.274725274725275,0.0407523510971787,0,0.205479452054795,0.119047619047619,0,0.0473933649289099,0,0.155,0,0.021505376344086,0,0.0140350877192982,0.163636363636364,0,0,0.0545454545454545,0,0.013986013986014,0.0108695652173913,0,0.0117994100294985,0.0132450331125828,0.0696517412935323,0.027027027027027,0.010989010989011,0.0430622009569378,0.0105820105820106,0.130111524163569,0,0.00763358778625954,0.0416666666666667,0.00738007380073801,0.208092485549133,0.0475206611570248,0.0129032258064516,0,0,0.0240549828178694,0,0,0.179310344827586,0.0631067961165049,0.0781758957654723,0.0382775119617225,0.0401606425702811,0,0.0166270783847981,0.0673575129533679,0.101694915254237,0.0143266475644699,0.168478260869565,0,0,0.0211640211640212,0.0115606936416185,0.0672645739910314,0.0571428571428571,0,0,0,0.02,0,0,0.0573248407643312,0.00775193798449612,0.0503597122302158,0.175141242937853,0.0135440180586907,0.134831460674157,0.143712574850299,0,0.0292553191489362,0.0382978723404255,0.00757575757575758,0.0218579234972678,0,0.0222929936305732,0,0,0.0220588235294118,0,0,0.059190031152648,0,0.0490196078431373,0.286407766990291,0.0518518518518519,0,0.00547945205479452,0.0947368421052632,0,0.00858369098712446,0,0.0530973451327434,0,0.0944206008583691,0,0.00896860986547085,0.03,0.0384615384615385,0.0419847328244275,0.0295983086680761,0.029940119760479,0.0612244897959184,0.00732600732600733,0.162790697674419,0.157303370786517,0.252525252525253,0.128342245989305,0.00454545454545455,0.00869565217391304,0,0.2,0.0346534653465347,0,0,0.13013698630137,0,0.0416666666666667,0,0.00966183574879227,0.11522633744856,0.149068322981366,0,0.00684931506849315,0,0,0,0.103658536585366,0.0897009966777409,0.0618556701030928,0,0.0161290322580645,0.0185873605947955,0.0252100840336134,0.0406976744186047,0.10062893081761,0,0,0.0335570469798658,0.00956937799043062,0.196261682242991,0,0.0903225806451613,0.135135135135135,0.0351758793969849,0.00367647058823529,0.157894736842105,0.051948051948052,0.0551724137931034,0.283333333333333,0.0264550264550265,0,0.0389294403892944,0.0246913580246914,0.106918238993711,0,0.0402010050251256,0.0253807106598985,0,0,0.145569620253165,0.0104712041884817,0,0,0,0
"Human cytomegalovirus infection",0,0.146788990825688,0.0814606741573034,0.0507936507936508,0,0.0276923076923077,0,0,0.133093525179856,0,0,0.178181818181818,0.14453125,0.144578313253012,0.172043010752688,0,0.0944625407166124,0,0.00275482093663912,0.20817843866171,0.128787878787879,0.036144578313253,0.125,0.133956386292835,0.132142857142857,0,0.0749185667752443,0.144303797468354,0,0.0826446280991736,0.15,0.0876623376623377,0.192697768762677,0.148936170212766,0.0124610591900312,0.113207547169811,0.180722891566265,0.128472222222222,0.133879781420765,0.0350404312668464,0.0980392156862745,0.12406015037594,0.200743494423792,0.0555555555555556,0.0924499229583975,0,0,0.184313725490196,0.032171581769437,0.0323974082073434,0.0459770114942529,0.108527131782946,0.168478260869565,0.174193548387097,0,0.105990783410138,0.166134185303514,0,0.0926517571884984,0.17921146953405,0.146520146520147,0.138107416879795,0.0974212034383954,0.0259067357512953,0.034375,0.0477815699658703,0.125,0.190625,0.140983606557377,0.220735785953177,0.256317689530686,0.0524475524475524,0.0533807829181495,0,0.112211221122112,0.149501661129568,0,0.107692307692308,0.0517241379310345,0.296666666666667,0.0983606557377049,0.141791044776119,0.165829145728643,0.0546875,0.246305418719212,0.138364779874214,0.116541353383459,0.023972602739726,0.102827763496144,0,0.252747252747253,0.262857142857143,0,0.104247104247104,0.434640522875817,0.0245614035087719,0.194945848375451,0,0.175862068965517,0,0.0792349726775956,0,0.176991150442478,0.126865671641791,0.11614730878187,0.040590405904059,0.078167115902965,0,0.0365853658536585,0.0962962962962963,0,0.0863309352517986,0.0562248995983936,0.076158940397351,0.100977198697068,0.126436781609195,0,0.0945454545454545,0.146814404432133,0,0.119760479041916,0.0991957104557641,0.0728291316526611,0.194756554307116,0.107719928186715,0.0942622950819672,0.0533807829181495,0,0.162393162393162,0,0.179310344827586,0,0.100334448160535,0.169761273209549,0.139372822299652,0.138888888888889,0,0.0934959349593496,0.0429042904290429,0.072463768115942,0.120772946859903,0.173285198555957,0,0,0.165384615384615,0.126482213438735,0.167785234899329,0.117424242424242,0.00638977635782748,0.0773993808049536,0.138461538461538,0,0,0.00389105058365759,0,0.0818713450292398,0,0.152173913043478,0.204741379310345,0.118279569892473,0.127340823970037,0.0423076923076923,0.0507399577167019,0.0260869565217391,0.109144542772861,0.0839416058394161,0.0607142857142857,0.0694789081885856,0.0179948586118252,0.0185676392572944,0,0,0,0.212938005390836,0,0.08,0.157407407407407,0,0,0.096551724137931,0.416107382550336,0.221556886227545,0.173469387755102,0.03515625,0.133550488599349,0.123636363636364,0.102719033232628,0,0.205035971223022,0.0854922279792746,0.0872641509433962,0.219745222929936,0.0418848167539267,0.0180505415162455,0.131182795698925,0.233974358974359,0.142857142857143,0.29320987654321,0.221843003412969,0.106896551724138,0.067741935483871,0.103614457831325,0,0.289855072463768,0.0704697986577181,0,0,0.0784313725490196,0,0.184210526315789,0.00694444444444444,0.0357142857142857,0.158054711246201,0.121673003802281,0.0212014134275618,0,0,0,0.010989010989011,0.114942528735632,0.17426273458445,0.17037037037037,0.127208480565371,0.0211161387631976,0.106628242074928,0.152542372881356,0.00347222222222222,0.108949416342412,0.132716049382716,0,0.051792828685259,0.088135593220339,0.207920792079208,0,0.0528301886792453,0.053030303030303,0.157509157509158,0.0105540897097625,0.157894736842105,0.00675675675675676,0.052,0.155932203389831,0.0896057347670251,0.221590909090909,0.0427184466019417,0.104615384615385,0.16260162601626,0,0.144404332129964,0.134545454545455,0,0.0723684210526316,0.127906976744186,0.165384615384615,0,0,0.00337837837837838,0.00386100386100386
"Amoebiasis",0,0.0677966101694915,0.0155038759689922,0.0612244897959184,0,0.0242718446601942,0,0,0.0378378378378378,0,0,0.0523560209424084,0.0759493670886076,0.0447154471544715,0.0680628272251309,0,0.0812182741116751,0,0,0.0687830687830688,0.0355029585798817,0.00746268656716418,0.0447761194029851,0.0432900432900433,0.043010752688172,0,0.050761421319797,0.0444444444444444,0,0.0442708333333333,0.0602409638554217,0.0341463414634146,0.0839160839160839,0.0748663101604278,0.0358974358974359,0.0424242424242424,0.0267175572519084,0.0520833333333333,0.0503597122302158,0.0116279069767442,0.0524861878453039,0.0414201183431953,0.0695187165775401,0.0584795321637427,0.0280701754385965,0.0324324324324324,0,0.0591715976331361,0.0438247011952191,0.0113960113960114,0.0563380281690141,0.129151291512915,0.0848056537102474,0.0855855855855856,0,0.0562130177514793,0.0707964601769911,0,0.0788177339901478,0.197674418604651,0.0614525139664804,0.0662251655629139,0.0612244897959184,0.0380228136882129,0.0297029702970297,0.010989010989011,0.05,0.0530612244897959,0.0613207547169811,0.0755555555555556,0.108374384236453,0.00564971751412429,0.0176470588235294,0,0.0541871921182266,0.0420560747663551,0.0199004975124378,0.0714285714285714,0.109756097560976,0.0857142857142857,0.06,0.063953488372093,0.0557275541795666,0.05,0.0909090909090909,0.0482456140350877,0.0545454545454545,0.0414201183431953,0.0337837837837838,0,0.100502512562814,0.0962199312714777,0,0.065359477124183,0.063973063973064,0.0903225806451613,0.077720207253886,0,0.0686274509803922,0,0.0461538461538462,0,0.078125,0.0783132530120482,0.0503875968992248,0.119718309859155,0.0374531835205993,0,0,0.0613496932515337,0,0.03125,0,0.0575916230366492,0.137566137566138,0.0754716981132075,0,0.0470588235294118,0.0139372822299652,0,0.0286885245901639,0.0323741007194245,0.0441767068273092,0.0710382513661202,0.04,0.00699300699300699,0.0297619047619048,0,0.0919540229885057,0,0.0631067961165049,0.100334448160535,0,0.0564784053156146,0.192982456140351,0.0649350649350649,0,0.0323383084577114,0.0265957446808511,0.0646551724137931,0.0825396825396825,0.122222222222222,0,0,0.0714285714285714,0.0451612903225806,0.0869565217391304,0.0683229813664596,0.12280701754386,0.0321100917431193,0.0600858369098712,0,0,0,0,0.0291666666666667,0,0.0773480662983425,0.0927318295739348,0.08,0.0787878787878788,0.0277777777777778,0.016304347826087,0.00434782608695652,0.0454545454545455,0.0419161676646707,0.0419161676646707,0.0769230769230769,0,0.00772200772200772,0.024390243902439,0,0,0.0721311475409836,0,0.0748663101604278,0.05,0,0,0.0535714285714286,0.0565371024734982,0.0634328358208955,0.0829268292682927,0.0441176470588235,0.0817307692307692,0.0276243093922652,0.0168067226890756,0,0.0927835051546392,0.0802919708029197,0.015015015015015,0.0569105691056911,0.00851063829787234,0.0192307692307692,0.0440414507772021,0.048,0.062780269058296,0.0882352941176471,0.0585585585585586,0.0702702702702703,0.0666666666666667,0.056782334384858,0,0.153465346534653,0.0261780104712042,0,0,0.0410958904109589,0.02,0.0723981900452489,0,0.0155440414507772,0.0445344129554656,0.0552147239263804,0,0,0,0,0.0268456375838926,0.105263157894737,0.0641891891891892,0.0722222222222222,0.187878787878788,0.00727272727272727,0.044,0.0729483282674772,0,0.08,0.0655021834061135,0,0.0763358778625954,0.0645161290322581,0.0429184549356223,0,0.0833333333333333,0.0333333333333333,0.0662983425414365,0.015625,0.0956937799043062,0.00211864406779661,0.138211382113821,0.0634146341463415,0.0903614457831325,0.0477815699658703,0.0147058823529412,0.0535714285714286,0.0794701986754967,0,0.0601092896174863,0.0617977528089888,0,0.0357142857142857,0.0700636942675159,0.0714285714285714,0,0,0,0
"Chemical carcinogenesis - receptor activation",0,0.106382978723404,0.0218579234972678,0.0596026490066225,0,0.0157232704402516,0,0,0.0896057347670251,0,0.084070796460177,0.159259259259259,0.0846153846153846,0.118181818181818,0.120567375886525,0,0.097972972972973,0,0,0.203065134099617,0.0105633802816901,0.0122950819672131,0.0592105263157895,0.0895061728395062,0.0812720848056537,0.0745098039215686,0.042483660130719,0.127877237851662,0,0.001953125,0.142857142857143,0.0553745928338762,0.126953125,0.106007067137809,0.0129032258064516,0.083969465648855,0.110787172011662,0.113475177304965,0.0253807106598985,0.0191256830601093,0.0602150537634409,0.152,0.0871080139372822,0.0280701754385965,0.037147102526003,0,0,0.114942528735632,0,0.0108225108225108,0.0564516129032258,0.0801033591731266,0.102631578947368,0.0696969696969697,0,0.0983606557377049,0.0662650602409639,0.0118110236220472,0.0408805031446541,0.0707070707070707,0.122676579925651,0.0822942643391521,0.047887323943662,0.0185185185185185,0.0256410256410256,0.0102389078498294,0.159638554216867,0.107784431137725,0.0801282051282051,0.195945945945946,0.216606498194946,0.0104529616724739,0.043956043956044,0.0901960784313725,0.131944444444444,0.101973684210526,0,0.112449799196787,0.027972027972028,0.152439024390244,0.0983050847457627,0.143410852713178,0.11576354679803,0.0571428571428571,0.176100628930818,0.0833333333333333,0.130434782608696,0.0105263157894737,0.0170316301703163,0,0.208029197080292,0.0883838383838384,0,0.0617760617760618,0.0835443037974684,0.0144404332129964,0.0702341137123746,0,0.149825783972125,0,0.0726256983240224,0,0.074792243767313,0.0698529411764706,0.0728291316526611,0.00743494423791822,0.0291005291005291,0,0,0.0961538461538462,0,0.151041666666667,0.05,0.0644067796610169,0.0480769230769231,0.132,0,0.137254901960784,0.0746666666666667,0,0.182410423452769,0.047244094488189,0.021978021978022,0.124087591240876,0.0520833333333333,0.0666666666666667,0.00352112676056338,0.165991902834008,0.0365535248041775,0,0.0781758957654723,0.169761273209549,0.0564784053156146,0,0.0934256055363322,0.0591715976331361,0,0.100208768267223,0.12962962962963,0.0436046511627907,0.043778801843318,0.0827586206896552,0,0.0785123966942149,0.106060606060606,0.104838709677419,0.0870967741935484,0.083969465648855,0,0.0698412698412698,0.0227920227920228,0,0.0884615384615385,0.0040650406504065,0,0.0748502994011976,0.00823045267489712,0.124542124542125,0.100401606425703,0.11070110701107,0.102661596958175,0,0.0188679245283019,0.0269461077844311,0.15506329113924,0.0792452830188679,0.0177935943060498,0.0421836228287841,0.0158311345646438,0,0,0,0.176,0.131443298969072,0,0.033003300330033,0.0769230769230769,0,0,0.0542986425339367,0.0901856763925729,0.0502645502645503,0.0950819672131148,0,0.112211221122112,0.0101694915254237,0.0630630630630631,0,0.0622950819672131,0.0569948186528497,0.0843373493975904,0.0845481049562682,0.00687285223367698,0.0265151515151515,0.122004357298475,0.1,0.0771604938271605,0.12396694214876,0.0981012658227848,0.0652920962199313,0.0191082802547771,0.0902439024390244,0.0183823529411765,0.197916666666667,0.0476190476190476,0,0.0818965517241379,0.0864197530864197,0,0.0640243902439024,0,0.0131578947368421,0.131498470948012,0.0636704119850187,0.0036101083032491,0,0.151750972762646,0,0,0.111111111111111,0.138666666666667,0.15530303030303,0.0731707317073171,0.00909090909090909,0.0970588235294118,0.0472972972972973,0.0109090909090909,0.118367346938776,0.123028391167192,0,0.0541666666666667,0.0333333333333333,0.095679012345679,0,0.0428015564202335,0.0595238095238095,0.105072463768116,0.0136239782016349,0.092948717948718,0.0173913043478261,0.0120481927710843,0.0784313725490196,0.0316901408450704,0.0527638190954774,0.0174081237911025,0.0807453416149068,0.0956175298804781,0,0.0928571428571429,0.135849056603774,0,0,0.106719367588933,0.114503816793893,0,0,0.176954732510288,0.00403225806451613
"AGE-RAGE signaling pathway in diabetic complications",0,0.111111111111111,0.0569105691056911,0.0248756218905473,0,0.0555555555555556,0,0,0.0106382978723404,0,0,0.117977528089888,0.0700636942675159,0.0714285714285714,0.0631578947368421,0,0.146739130434783,0,0,0.169590643274854,0.0679012345679012,0.047244094488189,0.04,0.091324200913242,0.0105263157894737,0,0.0353535353535354,0.0721311475409836,0,0.0283505154639175,0.167785234899329,0.147540983606557,0.0919811320754717,0.0473684210526316,0.0362694300518135,0.0179640718562874,0.0511811023622047,0.129943502824859,0.0943396226415094,0.036,0.0736543909348442,0.115384615384615,0.0421052631578947,0.0591715976331361,0.0598911070780399,0.0161290322580645,0,0.141935483870968,0.00775193798449612,0.0202312138728324,0.121212121212121,0.138576779026217,0.142322097378277,0.154589371980676,0,0.056547619047619,0.137440758293839,0,0.107142857142857,0.228915662650602,0.205128205128205,0.0596026490066225,0.131578947368421,0.0383141762452107,0.0404040404040404,0.00552486187845304,0.12448132780083,0.0622406639004149,0.155440414507772,0.111111111111111,0.186170212765957,0.0352941176470588,0.06875,0,0.104166666666667,0.169312169312169,0.00495049504950495,0.0939597315436242,0.118012422360248,0.211009174311927,0.135135135135135,0.16025641025641,0.100649350649351,0,0.12212389380531,0.117924528301887,0.211267605633803,0.0807453416149068,0.0704225352112676,0,0.118556701030928,0.191729323308271,0,0.0733333333333333,0.125448028673835,0.0986842105263158,0.183908045977011,0,0.0485436893203883,0,0.08,0,0.113821138211382,0.0350877192982456,0.0803212851405622,0.0466666666666667,0.0576923076923077,0,0,0.147651006711409,0,0.100671140939597,0.0534351145038168,0.111111111111111,0.121052631578947,0.149659863945578,0,0.093167701863354,0.0176056338028169,0,0.0826086956521739,0.0674157303370786,0.0487804878048781,0.134502923976608,0.0718954248366013,0.0757575757575758,0.0239520958083832,0,0.101167315175097,0,0.0382775119617225,0.139372822299652,0.192982456140351,0.0934256055363322,0,0.161904761904762,0,0.0671834625322997,0,0.084070796460177,0.104234527687296,0.142857142857143,0,0,0.236111111111111,0.118881118881119,0.198924731182796,0.188811188811189,0.0497237569060773,0.0568720379146919,0.0888888888888889,0,0,0,0,0.108597285067873,0,0.0604395604395604,0.0931989924433249,0.0331491712707182,0.0352941176470588,0.028169014084507,0.0163934426229508,0,0.120535714285714,0.0955414012738854,0.102564102564103,0.16793893129771,0.018796992481203,0.01171875,0.00813008130081301,0,0,0.136363636363636,0,0.105555555555556,0.0638297872340425,0,0,0.0864197530864197,0.155642023346304,0.0801526717557252,0.176470588235294,0.00719424460431655,0.155440414507772,0.0279329608938547,0.0256410256410256,0,0.153846153846154,0.109433962264151,0.0212765957446809,0.162162162162162,0.019438444924406,0.0129032258064516,0.0986301369863014,0.101694915254237,0.0585585585585586,0.130769230769231,0.0737327188940092,0.0315789473684211,0.0564102564102564,0.0605095541401274,0,0.283333333333333,0.102272727272727,0,0,0.0204081632653061,0.00666666666666667,0.0981308411214953,0,0.043010752688172,0.0448979591836735,0.0429447852760736,0.00613496932515337,0,0,0,0.0134228187919463,0.144827586206897,0.121863799283154,0.0977011494252874,0.14792899408284,0,0.0746887966804979,0.13961038961039,0,0.0666666666666667,0.174757281553398,0,0.094488188976378,0.101123595505618,0.100456621004566,0,0.0405405405405405,0,0.164634146341463,0.0445344129554656,0.129353233830846,0.00641025641025641,0.0952380952380952,0.0588235294117647,0.111801242236025,0.121323529411765,0.0223325062034739,0.17,0.201492537313433,0,0.129411764705882,0.161490683229814,0,0.0203045685279188,0.0375,0.202702702702703,0,0,0,0
"Osteoclast differentiation",0,0.0656934306569343,0.0747330960854092,0.029045643153527,0,0.0329218106995885,0,0,0,0,0,0.0954545454545455,0.0606060606060606,0.0457746478873239,0.0209205020920502,0,0.0811965811965812,0,0,0.105022831050228,0.0969387755102041,0.0233918128654971,0.0504201680672269,0.0766283524904215,0,0,0.0291666666666667,0.0821114369501466,0,0.0475059382422803,0.0746268656716418,0.166666666666667,0.0609243697478992,0.0211864406779661,0.0297872340425532,0.0495049504950495,0.069204152249135,0.0900900900900901,0.117845117845118,0.00668896321070234,0.0878552971576227,0.0693069306930693,0.0256410256410256,0.0375586854460094,0.0574324324324324,0,0,0.0788177339901478,0.0449826989619377,0.0076530612244898,0.0919540229885057,0.0646153846153846,0.084375,0.185654008438819,0,0.0392670157068063,0.1417004048583,0,0.0702479338842975,0.188405797101449,0.116504854368932,0.0254957507082153,0.115241635687732,0.0195439739413681,0.0333333333333333,0.0135746606334842,0.0646258503401361,0.0567375886524823,0.204545454545455,0.0763358778625954,0.137339055793991,0,0.0812182741116751,0,0.0854700854700855,0.133620689655172,0.0294117647058824,0.0512820512820513,0.18716577540107,0.190661478599222,0.0909090909090909,0.0772946859903382,0.076271186440678,0.00537634408602151,0.073015873015873,0.129554655870445,0.156756756756757,0.0188679245283019,0.0914826498422713,0,0.0836820083682008,0.173202614379085,0,0.0304568527918782,0.163398692810458,0.0663265306122449,0.233830845771144,0,0.0403225806451613,0,0.0684931506849315,0,0.124555160142349,0.0138888888888889,0.0836236933797909,0.0310880829015544,0.0462046204620462,0,0,0.0923076923076923,0,0.107784431137725,0.0227272727272727,0.110091743119266,0.153846153846154,0.116402116402116,0,0.058252427184466,0.0216049382716049,0,0.0659340659340659,0.058252427184466,0.0714285714285714,0.0776255707762557,0.0809716599190283,0.0165745856353591,0.00947867298578199,0,0.144366197183099,0,0.0401606425702811,0.138888888888889,0.0649350649350649,0.0591715976331361,0.161904761904762,0,0,0.0388127853881279,0,0.0749063670411985,0.120588235294118,0.0950226244343891,0,0,0.145833333333333,0.074468085106383,0.118143459915612,0.171270718232044,0.00432900432900433,0.0515873015873016,0.103846153846154,0,0,0,0,0.0708955223880597,0,0.0307017543859649,0.0696629213483146,0.00881057268722467,0.0186915887850467,0.0217391304347826,0.0147058823529412,0,0.0654545454545455,0.0646766169154229,0.0862944162436548,0.0977917981072555,0.0162337662337662,0,0,0,0,0.143302180685358,0,0.0478260869565217,0.0428571428571429,0,0,0.0974930362116992,0.193661971830986,0.132404181184669,0.201834862385321,0.0111111111111111,0.0772357723577236,0.036697247706422,0.0561797752808989,0,0.223300970873786,0.108910891089109,0.0188679245283019,0.136363636363636,0.0321285140562249,0,0.127226463104326,0.126865671641791,0.022140221402214,0.0803858520900322,0.0700389105058366,0.0127659574468085,0.117117117117117,0.0416666666666667,0,0.128099173553719,0.151219512195122,0,0,0.0267379679144385,0,0.144628099173554,0,0.0305676855895196,0.0240549828178694,0.0443349753694581,0,0,0,0,0.0104712041884817,0.0833333333333333,0.0692771084337349,0.0688073394495413,0.0825688073394495,0,0.0636042402826855,0.11965811965812,0,0.0520833333333333,0.163934426229508,0,0.0523255813953488,0.127962085308057,0.0404411764705882,0,0,0,0.207253886010363,0.0135135135135135,0.106995884773663,0.001953125,0.0169491525423729,0.0238095238095238,0.0833333333333333,0.160535117056856,0.0179372197309417,0.108433734939759,0.140449438202247,0,0.292817679558011,0.0956937799043062,0,0.0167364016736402,0.0196078431372549,0.128205128205128,0,0,0,0.00568181818181818
"Cysteine and methionine metabolism",0,0,0,0,0,0,0.166666666666667,0,0,0,0,0,0,0,0,0.0416666666666667,0.0318471337579618,0,0,0,0,0,0.0324675324675325,0,0,0.0471698113207547,0,0,0.0602409638554217,0,0,0,0,0,0,0,0,0,0,0,0,0,0,0,0,0,0.120481927710843,0,0,0,0,0,0,0,0,0,0,0.032967032967033,0,0,0,0,0,0,0,0,0,0,0,0,0,0,0,0,0,0,0,0,0,0,0,0,0,0,0,0,0,0,0,0,0,0,0,0,0,0,0,0,0,0,0,0,0,0,0,0,0,0,0,0,0,0,0,0,0,0,0,0,0,0,0,0,0.00480769230769231,0,0,0,0,0,0,0,0,0,0,0,0,0,0,0.00831024930747922,0,0,0,0,0,0,0,0,0,0,0,0,0,0.0595238095238095,0,0,0,0,0,0,0,0,0,0,0,0.00558659217877095,0,0.0423728813559322,0,0,0,0,0.0416666666666667,0,0,0,0.025,0,0,0,0,0,0,0,0,0,0,0,0,0.043859649122807,0,0,0,0,0,0,0,0,0,0,0,0,0,0,0,0,0,0,0,0,0.0625,0,0,0,0,0,0,0.0246913580246914,0,0,0,0,0,0,0,0,0,0,0,0,0,0,0,0,0,0,0,0,0,0,0,0,0,0,0,0,0,0,0,0.0760869565217391,0,0,0.0632911392405063,0,0,0,0,0,0,0
"MicroRNAs in cancer",0,0.0696055684454756,0.00426439232409382,0.00968523002421308,0,0.0294117647058824,0,0,0.0126262626262626,0,0,0.120218579234973,0.0355191256830601,0.0130434782608696,0.0403022670025189,0,0.0710659898477157,0,0,0.101876675603217,0.00523560209424084,0.0117647058823529,0.00721153846153846,0.0663507109004739,0.0075,0,0.00970873786407767,0.0326295585412668,0,0.00328947368421053,0.10632183908046,0.0169082125603865,0.103109656301146,0.00985221674876847,0.00982800982800983,0.016,0.0213675213675214,0.0731070496083551,0.0121212121212121,0.0561797752808989,0.0189982728842832,0.0906515580736544,0.0148883374689826,0.0372340425531915,0.0297927461139896,0.0025062656641604,0,0.121387283236994,0.00641025641025641,0.010752688172043,0.0436046511627907,0.0934182590233546,0.121739130434783,0.0440835266821346,0,0.0272232304900181,0.0464037122969838,0.0028328611898017,0.0388349514563107,0.0297766749379653,0.0871934604904632,0.023121387283237,0.0285087719298246,0.0147368421052632,0.0121359223300971,0,0.105504587155963,0.0400890868596882,0.0559610705596107,0.0537383177570093,0.085,0.0459459459459459,0.0159574468085106,0.00267379679144385,0.0367647058823529,0.0827067669172932,0,0.0476190476190476,0.0155844155844156,0.0869565217391304,0.0395061728395062,0.113636363636364,0.0891089108910891,0,0.104575163398693,0.0566037735849057,0.0698324022346369,0.0158311345646438,0.0198019801980198,0,0.0413625304136253,0.0434782608695652,0,0.0304709141274238,0.062753036437247,0.008,0.0477386934673367,0,0.0314009661835749,0,0.0479302832244009,0,0.0452586206896552,0.0104166666666667,0.0643015521064302,0.00546448087431694,0.0340425531914894,0.00267379679144385,0,0.0790960451977401,0.00286532951289398,0.052734375,0.0356083086053412,0.051150895140665,0.0216867469879518,0.0704225352112676,0,0.0516304347826087,0.0330578512396694,0,0.103117505995204,0.0620985010706638,0.0262582056892779,0.0384615384615385,0.0399408284023669,0.0762195121951219,0.0079155672823219,0,0.0206611570247934,0,0.0166270783847981,0.0934959349593496,0.0323383084577114,0.100208768267223,0.0671834625322997,0.0388127853881279,0.00831024930747922,0,0.00249376558603491,0.0247191011235955,0.0338345864661654,0.0326633165829146,0,0.00280112044817927,0.0805555555555556,0.0816326530612245,0.0637254901960784,0.0583333333333333,0.0203562340966921,0.0308788598574822,0.0110864745011086,0.00576368876080692,0,0.00584795321637427,0,0.0629370629370629,0,0.0520833333333333,0.100682593856655,0.00759493670886076,0.0078125,0,0.00517241379310345,0,0.102625298329356,0.0758426966292135,0.0186170212765957,0.031936127744511,0.00416666666666667,0,0.00600600600600601,0,0.00256410256410256,0.0634920634920635,0,0.0327455919395466,0.0131868131868132,0,0,0.0292504570383912,0.076271186440678,0.0334728033472803,0.0385542168674699,0,0.085,0.0076530612244898,0.0134831460674157,0,0.0318627450980392,0.0498960498960499,0.0148423005565863,0.0806451612903226,0.00589101620029455,0.00821917808219178,0.0736842105263158,0.0728929384965831,0.0252873563218391,0.0609243697478992,0.00680272108843537,0.00742574257425743,0.0245700245700246,0.0666666666666667,0.0218579234972678,0.0599520383693046,0.0201511335012594,0,0,0.00277777777777778,0,0.0619047619047619,0.0053475935828877,0.0227272727272727,0.0447427293064877,0,0.0217983651226158,0,0,0,0,0.0501392757660167,0.0781893004115226,0.0441558441558442,0.0657894736842105,0,0.0706150341685649,0.052434456928839,0.00267379679144385,0.0277008310249307,0.0486111111111111,0,0.0416666666666667,0.0200501253132832,0.0319634703196347,0,0.00828729281767956,0.00552486187845304,0.0578947368421053,0.0240174672489083,0.0305882352941176,0,0.00867052023121387,0.0289156626506024,0.015625,0.0661157024793388,0.0113636363636364,0.0853658536585366,0.0628571428571429,0,0.057742782152231,0.0994475138121547,0,0,0,0.114613180515759,0,0,0.005249343832021,0
"Bile secretion",0,0.0436681222707424,0,0.0714285714285714,0,0,0,0,0.0718562874251497,0,0.188118811881188,0,0.0328947368421053,0.104072398190045,0.0730337078651685,0,0.0050251256281407,0,0,0.08,0,0,0.031413612565445,0.0133333333333333,0.0773809523809524,0,0.154761904761905,0.0859106529209622,0,0,0.00617283950617284,0.00505050505050505,0.00221729490022173,0.139393939393939,0,0.0324675324675325,0.0756302521008403,0.00531914893617021,0,0,0.00821917808219178,0,0.0747126436781609,0,0,0,0,0,0.00403225806451613,0.00293255131964809,0,0,0.0137931034482759,0,0,0.033033033033033,0,0,0,0.0104712041884817,0,0.0439189189189189,0.0040650406504065,0.015625,0,0,0,0.0560344827586207,0,0.0601851851851852,0.0653266331658292,0,0.0126582278481013,0.159090909090909,0.0634920634920635,0,0,0.0857142857142857,0,0.00396825396825397,0.0101522842639594,0,0.00923076923076923,0.0634920634920635,0.0246710526315789,0,0,0,0,0,0.0618556701030928,0.00657894736842105,0,0.00671140939597315,0,0,0,0.00892857142857143,0.0732984293193717,0,0.01171875,0,0,0.177304964539007,0,0,0.0114942528735632,0,0,0.00628930817610063,0,0.00316455696202532,0.00793650793650794,0,0.00497512437810945,0,0,0.00609756097560976,0.0183150183150183,0,0,0,0.00816326530612245,0.0764705882352941,0,0,0,0.13986013986014,0,0,0.0673575129533679,0.0429042904290429,0.0265957446808511,0.12962962962963,0,0,0,0.00249376558603491,0,0,0,0.0738636363636364,0,0.162393162393162,0,0,0,0,0,0.00952380952380952,0,0,0.144927536231884,0,0,0,0.00840336134453781,0.0769230769230769,0.00954653937947494,0.157894736842105,0.153846153846154,0,0.0140449438202247,0.0430622009569378,0.00840336134453781,0.00625,0,0.00340136054421769,0,0,0,0,0.149659863945578,0.0431893687707641,0,0,0.052863436123348,0,0,0,0,0,0,0,0.0761421319796954,0,0.0552995391705069,0,0,0.00354609929078014,0.0416666666666667,0,0,0.020979020979021,0.00775193798449612,0.0121951219512195,0.0616113744075829,0.044280442804428,0.0230414746543779,0.149068322981366,0,0.00311526479750779,0,0.0628019323671498,0,0,0.177570093457944,0.0373134328358209,0,0,0,0,0.0698689956331878,0.0460526315789474,0,0,0.132450331125828,0,0,0.00649350649350649,0.0342465753424658,0.0714285714285714,0.00549450549450549,0.0074487895716946,0,0,0,0.0955882352941176,0,0,0.0756302521008403,0,0.0599078341013825,0.0522388059701493,0.1171875,0.118110236220472,0,0,0.0640394088669951,0.00436681222707424,0,0.0301507537688442,0,0,0,0,0,0,0,0,0,0,0.115107913669065,0,0,0,0.158273381294964,0
"Spinocerebellar ataxia",0,0.0615942028985507,0.0376712328767123,0.0121951219512195,0,0.00398406374501992,0,0,0.0174672489082969,0,0,0.0476190476190476,0.0989583333333333,0.041958041958042,0.0337552742616034,0,0.0583333333333333,0,0.00355871886120996,0.0657894736842105,0.0188679245283019,0.0352941176470588,0.0458333333333333,0.0522388059701493,0.0173160173160173,0,0.0598290598290598,0.0755813953488372,0,0,0.0637254901960784,0.0201612903225806,0.026369168356998,0.0476190476190476,0.0125,0.0703517587939698,0.0763888888888889,0.08,0.0471698113207547,0,0.185393258426966,0.0483091787439614,0.0855855855855856,0.0325581395348837,0.194285714285714,0,0,0.0679611650485437,0.0033112582781457,0,0.0670391061452514,0.0515151515151515,0.0513595166163142,0.0561797752808989,0,0.0904109589041096,0.0520446096654275,0,0.04,0.0786026200873362,0.0694444444444444,0.0371428571428571,0.0636042402826855,0.0129032258064516,0.0418410041841004,0.00446428571428571,0.0466666666666667,0.0418118466898955,0.0513833992094862,0.0760456273764259,0.103734439834025,0.00458715596330275,0.0388349514563107,0,0.0537190082644628,0.056,0,0.0564102564102564,0.0045045045045045,0.0622837370242214,0.0630252100840336,0.0666666666666667,0.0523415977961433,0,0.0383435582822086,0.0769230769230769,0.0643564356435644,0.0382775119617225,0.0146198830409357,0,0.092436974789916,0.0746268656716418,0,0.0909090909090909,0.0688622754491018,0.00478468899521531,0.0686695278969957,0,0.048582995951417,0,0.113879003558719,0,0.0602006688963211,0.0526315789473684,0.0365448504983389,0.0050251256281407,0.0324675324675325,0,0,0.0490196078431373,0,0.0630372492836676,0,0.0565217391304348,0.032258064516129,0.054726368159204,0,0.0579710144927536,0.0246913580246914,0,0.0428571428571429,0.0282131661442006,0.0100671140939597,0.0580357142857143,0.215909090909091,0,0.00469483568075117,0,0.028391167192429,0,0.101694915254237,0.072463768115942,0.0646551724137931,0.0436046511627907,0.084070796460177,0.0749063670411985,0,0.0247191011235955,0,0,0.035230352303523,0.0945945945945946,0,0,0.0676328502415459,0.0518134715025907,0.0946502057613169,0.0703517587939698,0.00431034482758621,0.047244094488189,0.0249110320284698,0,0,0.0731707317073171,0,0.0359712230215827,0,0.0535714285714286,0.0392156862745098,0.0407239819004525,0.0528846153846154,0,0.149584487534626,0,0.03886925795053,0.053921568627451,0.0141509433962264,0.104430379746835,0.0295081967213115,0,0,0,0,0.0697674418604651,0,0.0803571428571429,0.0693430656934307,0,0,0.031331592689295,0.0725552050473186,0.0415335463258786,0.0604838709677419,0,0.0857142857142857,0,0.0107142857142857,0,0.0541666666666667,0.0836012861736334,0.00530503978779841,0.0788530465949821,0.154708520179372,0,0.0277777777777778,0.0412371134020619,0.0411985018726592,0.0498442367601246,0.0909090909090909,0.0482456140350877,0.00809716599190283,0.0273224043715847,0.0198019801980198,0.0703125,0.021551724137931,0,0,0.0489130434782609,0,0.0373134328358209,0,0,0.0310344827586207,0.0390243902439024,0,0,0,0,0,0.111702127659574,0.0626865671641791,0.0684931506849315,0.0533333333333333,0,0.0559440559440559,0.0853994490358127,0,0.0518134715025907,0.0516605166051661,0,0.0581395348837209,0.0170212765957447,0.0636704119850187,0.015625,0.0423280423280423,0,0.0493273542600897,0,0.0714285714285714,0.0239043824701195,0.046242774566474,0.048582995951417,0.0136986301369863,0.115384615384615,0.219839142091153,0.0532319391634981,0.0680628272251309,0,0.0491071428571429,0.07981220657277,0,0,0.045,0.0473933649289099,0,0,0,0.00564971751412429
"Coronavirus disease - COVID-19",0,0.0487804878048781,0.09366391184573,0.00586510263929619,0,0.0087463556851312,0,0,0.00925925925925926,0,0,0.0566037735849057,0.0166666666666667,0.0208333333333333,0.0149700598802395,0,0.0707692307692308,0,0,0.0630914826498423,0.169811320754717,0.0150375939849624,0,0.0386740331491713,0.00920245398773006,0,0.00884955752212389,0.0380313199105145,0,0.0592885375494071,0.0542372881355932,0.0877742946708464,0.0771992818671454,0.0120481927710843,0.00898203592814371,0.0165562913907285,0.00748129675810474,0.059748427672956,0.166666666666667,0,0.0617283950617284,0.0332225913621262,0.0182370820668693,0.0226537216828479,0.0329512893982808,0.108843537414966,0,0.0501672240802676,0.0205655526992288,0.00409836065573771,0.0516605166051661,0.0425531914893617,0.0625,0.13595166163142,0,0.0165289256198347,0.224025974025974,0,0.0504451038575668,0.152027027027027,0.0483870967741935,0.0200892857142857,0.0675675675675676,0.0099009900990099,0.0238805970149254,0.00314465408805031,0.0381679389312977,0.0207792207792208,0.0909090909090909,0.0357142857142857,0.0714285714285714,0,0.0440677966101695,0,0.048048048048048,0.081570996978852,0.0725552050473186,0.0238907849829352,0.108391608391608,0.197014925373134,0.0579268292682927,0.0671140939597315,0.0530973451327434,0,0.0798319327731092,0.0625,0.0729166666666667,0.0163398692810458,0.0888888888888889,0,0.0381231671554252,0.17312661498708,0,0.0170648464163823,0.144670050761421,0.0446735395189003,0.120915032679739,0,0.0231884057971014,0,0.0435897435897436,0,0.205278592375367,0.00964630225080386,0.103260869565217,0.05,0.0198019801980198,0,0,0.0335570469798658,0,0.0568181818181818,0.00732600732600733,0.053125,0.10062893081761,0.0551724137931034,0,0.0296052631578947,0.00471698113207547,0,0.0320855614973262,0.0317848410757946,0.0286458333333333,0.0441640378548896,0.0396694214876033,0.021978021978022,0.00325732899022801,0,0.114058355437666,0,0.0143266475644699,0.120772946859903,0.0825396825396825,0.043778801843318,0.104234527687296,0.120588235294118,0,0.0338345864661654,0,0.035230352303523,0,0.0630914826498423,0,0,0.0714285714285714,0.0348432055749129,0.0682492581602374,0.0809859154929577,0.00306748466257669,0.0227272727272727,0.175384615384615,0,0,0,0,0.0437158469945355,0,0.0185185185185185,0.0917782026768642,0.00934579439252336,0.00967741935483871,0.014336917562724,0.0119284294234592,0,0.0264550264550265,0.0334448160535117,0.069204152249135,0.0522565320665083,0.00740740740740741,0.00253164556962025,0,0,0,0.0620689655172414,0,0.037037037037037,0.032,0,0,0.0794701986754967,0.169811320754717,0.183098591549296,0.115625,0.0183823529411765,0.0434782608695652,0.118466898954704,0.0161725067385445,0,0.239285714285714,0.0966921119592875,0.0106837606837607,0.044973544973545,0.0133111480865225,0,0.0569744597249509,0.160818713450292,0.0163934426229508,0.061576354679803,0.0306406685236769,0.00909090909090909,0.0752351097178683,0.0398230088495575,0.00334448160535117,0.0697674418604651,0.0816993464052288,0,0,0.0105633802816901,0,0.100591715976331,0.00666666666666667,0.0122324159021407,0.0102827763496144,0.00655737704918033,0,0,0,0,0.0105263157894737,0.0412371134020619,0.0416666666666667,0.0282131661442006,0.0474683544303797,0,0.0448548812664908,0.106575963718821,0,0.0241379310344828,0.0736543909348442,0,0.0454545454545455,0.11,0.0106951871657754,0,0.0104166666666667,0,0.104377104377104,0,0.0612244897959184,0.0116472545757072,0.0377358490566038,0.014367816091954,0.140794223826715,0.181818181818182,0.00549450549450549,0.06,0.0642857142857143,0,0.0716612377850163,0.0657894736842105,0,0.027355623100304,0.0033112582781457,0.05,0,0,0,0
"Inflammatory mediator regulation of TRP channels",0,0.142857142857143,0.0617283950617284,0.0736842105263158,0,0,0,0,0.0930232558139535,0,0,0.0423280423280423,0.220588235294118,0.171296296296296,0.19047619047619,0,0.0885416666666667,0,0,0.171597633136095,0.0426829268292683,0.0234375,0.131868131868132,0.107476635514019,0.0919540229885057,0,0.115384615384615,0.132404181184669,0,0.0101781170483461,0.075,0.0612244897959184,0.0244444444444444,0.22360248447205,0.0050761421319797,0.150684931506849,0.127659574468085,0.11864406779661,0.0627306273062731,0,0.0619718309859155,0.0487804878048781,0.209876543209877,0.0473372781065089,0.0601092896174863,0.016304347826087,0,0.158940397350993,0,0.00285714285714286,0.0895522388059701,0.0633802816901408,0.113970588235294,0.0921658986175115,0,0.138709677419355,0.0484581497797357,0,0.0804020100502513,0.134831460674157,0.0568181818181818,0.0927835051546392,0.0622406639004149,0.0306513409961686,0.02,0,0.0466926070038911,0.221153846153846,0.0780487804878049,0.18407960199005,0.241573033707865,0.00578034682080925,0.0242424242424242,0,0.147540983606557,0.158730158730159,0,0.141843971631206,0.0348837209302326,0.0826446280991736,0.0890052356020942,0.0848484848484849,0.119601328903654,0.0514705882352941,0.0877796901893287,0.0681818181818182,0.0967741935483871,0.0552147239263804,0.0342465753424658,0,0.187845303867403,0.133093525179856,0,0.143884892086331,0.114285714285714,0.00609756097560976,0.159090909090909,0,0.126315789473684,0,0.0634920634920635,0,0.0381679389312977,0.25,0.0269230769230769,0.00649350649350649,0.06640625,0,0.0578512396694215,0.0432098765432099,0,0.0516129032258065,0.00740740740740741,0.125,0.0445544554455446,0.04375,0.0414507772020725,0.0419161676646707,0.0551470588235294,0,0.0334728033472803,0.0559701492537313,0.0491803278688525,0.371428571428571,0.0560344827586207,0.00719424460431655,0,0,0.0766283524904215,0,0.168478260869565,0.173285198555957,0.122222222222222,0.0827586206896552,0.142857142857143,0.0950226244343891,0,0.0326633165829146,0.0738636363636364,0.0945945945945946,0.0630914826498423,0,0,0,0.0602409638554217,0.0463576158940397,0.127551020408163,0.183098591549296,0,0.0375586854460094,0.0429184549356223,0,0,0,0.0567375886524823,0.051948051948052,0.075,0.171779141104294,0.0285714285714286,0.163522012578616,0.16,0.00699300699300699,0.0662824207492795,0.0412844036697248,0.0289256198347107,0.0493827160493827,0.0625,0.105454545454545,0.0112781954887218,0,0,0,0,0.0766666666666667,0,0.152046783625731,0.137614678899083,0.0683760683760684,0,0.0385756676557863,0.104868913857678,0.0446096654275093,0.0845771144278607,0,0.0995024875621891,0.00552486187845304,0.166666666666667,0,0.0890052356020942,0.0774907749077491,0.0569620253164557,0.117903930131004,0.0151187904967603,0.0197368421052632,0.0754716981132075,0.0278884462151394,0.245989304812834,0.110266159695817,0.190721649484536,0.190184049079755,0.0303030303030303,0.0441640378548896,0,0.168367346938776,0.0491803278688525,0.0150753768844221,0,0.034965034965035,0,0.0542986425339367,0,0.00523560209424084,0.109170305676856,0.158620689655172,0,0,0,0,0,0.123287671232877,0.156133828996283,0.118343195266272,0.0378378378378378,0.0280373831775701,0.0447154471544715,0.090625,0.0657894736842105,0.144927536231884,0.121495327102804,0,0.0873015873015873,0.043010752688172,0.132701421800948,0,0.109489051094891,0.170542635658915,0.0862068965517241,0.0118577075098814,0.243093922651934,0.0262582056892779,0.088,0.150537634408602,0.0925925925925926,0.0594405594405594,0.0224438902743142,0.0691244239631336,0.177777777777778,0,0.0497237569060773,0.121212121212121,0,0,0.146853146853147,0.0414201183431953,0,0,0,0
"Sphingolipid metabolism",0,0.0252525252525253,0.00471698113207547,0,0,0,0,0,0,0,0,0,0,0,0,0,0,0,0,0,0,0,0,0,0,0,0,0,0,0,0,0,0,0,0,0,0,0.02,0,0,0,0,0,0,0,0,0,0,0,0,0,0,0,0,0.0112359550561798,0.0065359477124183,0,0,0,0,0,0,0,0,0,0,0,0,0,0,0,0,0,0,0,0,0,0,0,0,0,0,0,0,0,0,0,0,0,0,0,0,0,0,0,0,0,0,0,0,0,0,0,0,0,0,0,0,0,0,0,0,0,0.0337837837837838,0,0,0.033112582781457,0,0,0.0238095238095238,0,0,0.00956937799043062,0,0,0,0,0,0.00854700854700855,0,0,0,0,0,0,0,0,0,0,0,0,0,0,0,0,0,0.157894736842105,0,0,0,0,0,0,0,0.0505050505050505,0,0,0,0,0,0,0,0,0,0,0,0,0,0,0,0,0,0,0,0,0,0,0,0,0,0,0,0,0,0,0,0,0,0,0,0,0,0,0,0,0,0,0,0,0,0,0,0,0,0,0,0,0,0,0,0,0,0,0,0,0,0,0,0,0,0,0,0,0,0,0,0,0,0,0.0222222222222222,0,0,0.0104166666666667,0,0,0,0,0,0,0,0,0,0,0,0,0,0.0178571428571429,0,0,0,0,0,0,0,0.0350877192982456,0,0,0
"Porphyrin metabolism",0,0,0.00985221674876847,0,0,0,0,0,0,0,0.357142857142857,0,0,0,0,0,0.00645161290322581,0,0.010989010989011,0,0,0,0,0,0,0,0,0,0,0,0,0,0,0,0,0,0,0,0,0,0,0,0,0,0,0,0.0235294117647059,0,0,0,0,0,0,0,0,0,0,0,0,0,0,0.00760456273764259,0,0,0,0,0.00465116279069767,0,0,0,0,0,0,0.211111111111111,0,0,0,0,0,0,0,0,0,0,0.00173010380622837,0,0,0,0,0,0,0,0,0,0,0,0,0,0,0,0,0,0,0,0,0,0,0,0,0,0,0.00367647058823529,0,0,0,0,0,0,0,0,0,0,0,0,0,0,0,0.19,0,0,0,0,0,0.0785123966942149,0,0,0,0.00280112044817927,0.162393162393162,0,0,0,0,0,0,0,0,0,0,0,0,0,0.2,0,0,0,0,0,0,0,0,0,0,0,0,0,0,0,0,0,0,0,0.179245283018868,0,0,0,0,0,0,0,0,0,0,0,0,0,0,0,0,0,0.00716845878136201,0,0,0,0,0,0,0,0,0,0,0,0,0,0,0,0.32258064516129,0,0,0,0,0,0,0,0,0,0.186915887850467,0,0,0,0,0,0,0,0,0,0,0,0.00537634408602151,0,0,0,0,0,0,0,0,0,0,0,0,0,0,0,0,0,0,0,0,0,0,0,0,0,0,0,0.193877551020408,0
"Pancreatic cancer",0,0.113300492610837,0.0305676855895196,0.0167597765363128,0,0.069364161849711,0,0,0,0,0,0.258992805755396,0.0510948905109489,0.0221238938053097,0.0289017341040462,0,0.147239263803681,0,0,0.257142857142857,0.0567375886524823,0.0686274509803922,0.0165745856353591,0.131578947368421,0,0,0.00555555555555556,0.0938628158844765,0,0.0135135135135135,0.376146788990826,0.120481927710843,0.0947630922693267,0,0.0173410404624277,0,0.0340425531914894,0.197278911564626,0.0513833992094862,0.087962962962963,0.0502958579881657,0.327433628318584,0.0116279069767442,0.0616438356164384,0.0351201478743068,0,0,0.330434782608696,0.00425531914893617,0.0249221183800623,0.127272727272727,0.111111111111111,0.1285140562249,0.131578947368421,0,0.0153374233128834,0.161290322580645,0,0.0546448087431694,0.168831168831169,0.464285714285714,0.0313588850174216,0.0934579439252336,0.0334728033472803,0.0459770114942529,0,0.247474747474747,0.0357142857142857,0.14367816091954,0.085427135678392,0.117977528089888,0.0935251798561151,0.0970149253731343,0,0.119047619047619,0.158823529411765,0,0.112,0.0612244897959184,0.230769230769231,0.120481927710843,0.236220472440945,0.141304347826087,0,0.142322097378277,0.176795580110497,0.184,0.0204081632653061,0.0566037735849057,0,0.0782122905027933,0.109848484848485,0,0.0538461538461538,0.1328125,0.0671641791044776,0.144654088050314,0,0.0549450549450549,0,0.103139013452915,0,0.116071428571429,0,0.0888888888888889,0.0230769230769231,0.04149377593361,0,0,0.214876033057851,0,0.117647058823529,0.151515151515152,0.135483870967742,0.131736526946108,0.239316239316239,0.0112994350282486,0.16030534351145,0.0271317829457364,0,0.216216216216216,0.0609756097560976,0.0218340611353712,0.0759493670886076,0.0636363636363636,0.204081632653061,0.0352112676056338,0,0.0791666666666667,0,0.0211640211640212,0.165384615384615,0.0714285714285714,0.106060606060606,0.236111111111111,0.145833333333333,0,0.0805555555555556,0,0.0676328502415459,0.0714285714285714,0.0602409638554217,0,0,0,0.307692307692308,0.156976744186047,0.168,0,0.0756756756756757,0.0574162679425837,0,0,0.00925925925925926,0.016,0.0995024875621891,0,0.0432098765432099,0.105121293800539,0,0,0,0.0205278592375367,0,0.247252747252747,0.147286821705426,0.0802919708029197,0.0972762645914397,0.0206611570247934,0,0,0,0,0.162162162162162,0,0.0416666666666667,0.0226244343891403,0,0,0.0754098360655738,0.176724137931034,0.102127659574468,0.12,0,0.117977528089888,0.032258064516129,0.0140845070422535,0,0.148148148148148,0.0756972111553785,0.012987012987013,0.193877551020408,0.0158730158730159,0.00757575757575758,0.105571847507331,0.204081632653061,0.0292682926829268,0.115702479338843,0.0295566502463054,0,0.0520231213872832,0.0842105263157895,0,0.143646408839779,0.0759493670886076,0,0,0.0161290322580645,0,0.0876288659793814,0,0.0759493670886076,0.0642201834862385,0,0.0687022900763359,0,0,0,0.00793650793650794,0.118110236220472,0.0988593155893536,0.120805369127517,0.240875912408759,0,0.0981308411214953,0.0973154362416107,0,0.0793650793650794,0.117948717948718,0,0.0952380952380952,0.0617283950617284,0.0796019900497512,0,0,0,0.201438848920863,0.04,0.06282722513089,0,0,0.0378378378378378,0.0472972972972973,0.161157024793388,0.0183727034120735,0.213872832369942,0.191304347826087,0,0.158620689655172,0.216417910447761,0,0,0,0.452830188679245,0,0,0,0
"Endometrial cancer",0,0.124324324324324,0.00460829493087558,0,0,0.0182926829268293,0,0,0,0,0,0.330508474576271,0.0862068965517241,0.0240384615384615,0.0958904109589041,0,0.119205298013245,0,0,0.234375,0,0.0340909090909091,0.0184049079754601,0.158823529411765,0,0,0,0.0634328358208955,0,0,0.434782608695652,0.0120481927710843,0.0878552971576227,0,0,0,0.0416666666666667,0.17910447761194,0.00813008130081301,0.0382775119617225,0.0401234567901235,0.360824742268041,0.012987012987013,0.104838709677419,0.0383141762452107,0,0,0.363636363636364,0,0.00647249190938511,0.0927835051546392,0.129310344827586,0.138528138528139,0.0824175824175824,0,0.00967741935483871,0.0939226519337017,0,0.0670731707317073,0.08,0.505154639175258,0.025830258302583,0.0588235294117647,0.00881057268722467,0.0314465408805031,0,0.265193370165746,0.0594059405940594,0.145569620253165,0.125,0.138364779874214,0.0806451612903226,0.0238095238095238,0,0.111111111111111,0.185430463576159,0,0.130841121495327,0.0222222222222222,0.162303664921466,0.0838709677419355,0.287037037037037,0.0919117647058824,0,0.104477611940299,0.160714285714286,0.226415094339623,0.03125,0.0194552529182879,0,0.10062893081761,0.0826771653543307,0,0.0917431192660551,0.088,0,0.108108108108108,0,0.0481927710843374,0,0.101449275362319,0,0.0841121495327103,0,0.0966183574879227,0.0087719298245614,0.0590909090909091,0,0,0.240384615384615,0,0.11284046692607,0.352112676056338,0.0972222222222222,0.049079754601227,0.309278350515464,0,0.185840707964602,0.051063829787234,0,0.30188679245283,0.0704845814977974,0.0188679245283019,0.0935251798561151,0.0663507109004739,0.219512195121951,0.015748031496063,0,0.0387931034482759,0,0.0115606936416185,0.126482213438735,0.0451612903225806,0.104838709677419,0.118881118881119,0.074468085106383,0,0.0816326530612245,0,0.0518134715025907,0.0348432055749129,0.0463576158940397,0,0,0.307692307692308,0,0.138364779874214,0.207547169811321,0,0.0773809523809524,0.0572916666666667,0,0,0,0,0.153409090909091,0,0.0942028985507246,0.110481586402266,0,0,0,0.00917431192660551,0,0.331210191082803,0.214953271028037,0.00775193798449612,0.0476190476190476,0.00881057268722467,0.00462962962962963,0,0,0,0.0926640926640927,0,0.0536912751677852,0.00970873786407767,0,0,0.0689655172413793,0.138392857142857,0.0663716814159292,0.0787878787878788,0,0.167741935483871,0,0.0153846153846154,0,0.0909090909090909,0.0632911392405063,0.0208333333333333,0.142857142857143,0.00938967136150235,0.0176991150442478,0.0748502994011976,0.191256830601093,0.0376344086021505,0.105263157894737,0.0213903743315508,0,0.0186335403726708,0.0981132075471698,0,0.131736526946108,0.0133333333333333,0,0,0,0,0.115606936416185,0,0.0935251798561151,0.0918367346938776,0,0.184466019417476,0,0,0,0,0.169811320754717,0.092741935483871,0.120300751879699,0.178294573643411,0,0.130208333333333,0.0618556701030928,0,0.0925925925925926,0.0638297872340425,0,0.127906976744186,0.0198675496688742,0.0698924731182796,0,0,0,0.1640625,0.08,0.069364161849711,0,0,0.0545454545454545,0.0148148148148148,0.0912863070539419,0.00817438692098093,0.207547169811321,0.202020202020202,0,0.171875,0.271929824561404,0,0,0,0.346534653465347,0,0,0,0
"Sphingolipid signaling pathway",0,0.148305084745763,0.0407407407407407,0.00442477876106195,0,0.0407239819004525,0,0,0.0292682926829268,0,0,0.122448979591837,0.092485549132948,0.145228215767635,0.0931372549019608,0,0.0995260663507109,0,0,0.145077720207254,0.0659340659340659,0.0476190476190476,0.0361990950226244,0.0970464135021097,0.0339805825242718,0,0.0462962962962963,0.10126582278481,0,0.00478468899521531,0.140350877192982,0.05,0.0975056689342404,0.042654028436019,0.00454545454545455,0.0159574468085106,0.107692307692308,0.157068062827225,0.0650684931506849,0.037037037037037,0.0554089709762533,0.120689655172414,0.0631067961165049,0.0471204188481675,0.0576923076923077,0.00961538461538462,0,0.137931034482759,0.00357142857142857,0.013550135501355,0.0974025974025974,0.105442176870748,0.108843537414966,0.140350877192982,0,0.032967032967033,0.0829875518672199,0,0.101851851851852,0.222826086956522,0.154696132596685,0.0590062111801242,0.102766798418972,0.0656934306569343,0.0412844036697248,0.00495049504950495,0.0895522388059701,0.0905511811023622,0.238578680203046,0.125,0.173076923076923,0.0260416666666667,0.0666666666666667,0,0.120192307692308,0.163461538461538,0,0.0760233918128655,0.0523560209424084,0.14,0.110576923076923,0.134831460674157,0.100917431192661,0,0.0862354892205638,0.151785714285714,0.162650602409639,0.0427807486631016,0.076158940397351,0,0.138755980861244,0.141891891891892,0,0.159235668789809,0.151202749140893,0.0162162162162162,0.14070351758794,0,0.0972222222222222,0,0.102272727272727,0,0.0885608856088561,0.0588235294117647,0.0469314079422383,0.0171428571428571,0.0571428571428571,0,0,0.109826589595376,0,0.104430379746835,0.06,0.127551020408163,0.0985915492957746,0.117647058823529,0.0181818181818182,0.100558659217877,0.0333333333333333,0,0.0843373493975904,0.0928571428571429,0.0449438202247191,0.12565445026178,0.06875,0.0584415584415584,0.0267379679144385,0,0.0935251798561151,0,0.0672645739910314,0.167785234899329,0.0869565217391304,0.0870967741935484,0.198924731182796,0.118143459915612,0,0.0637254901960784,0,0.0946502057613169,0.0682492581602374,0.127551020408163,0.157894736842105,0,0.156976744186047,0.138364779874214,0,0.232258064516129,0,0.124423963133641,0.064,0,0,0.0131578947368421,0.0117647058823529,0.0901639344262295,0,0.0974358974358974,0.104368932038835,0.04,0.0423280423280423,0.00602409638554217,0.0234375,0,0.0836653386454183,0.115606936416185,0.0546448087431694,0.108474576271186,0.0245614035087719,0,0.00694444444444444,0,0,0.0846394984326019,0,0.0731707317073171,0.0796812749003984,0,0,0.0874635568513119,0.119718309859155,0.0704225352112676,0.126168224299065,0.00625,0.124423963133641,0.00985221674876847,0.0653061224489796,0,0.121359223300971,0.105263157894737,0.0229226361031519,0.102766798418972,0.0270833333333333,0.00564971751412429,0.0848329048843188,0.142276422764228,0.080168776371308,0.125,0.170506912442396,0.0382775119617225,0.0365296803652968,0.0858895705521472,0,0.172093023255814,0.053921568627451,0.076555023923445,0,0.0301204819277108,0.00584795321637427,0.108225108225108,0,0.0436893203883495,0.0452830188679245,0.0494505494505494,0.0109289617486339,0,0,0,0,0.161490683229814,0.128378378378378,0.0871794871794872,0.0858585858585859,0,0.102362204724409,0.11044776119403,0,0.0838323353293413,0.128755364806867,0,0.0958904109589041,0.0689655172413793,0.100840336134454,0,0.0542168674698795,0,0.133689839572193,0.0333333333333333,0.148148148148148,0.020746887966805,0.0671140939597315,0.0821917808219178,0.0869565217391304,0.0903010033444816,0.0285035629453682,0.128318584070796,0.205298013245033,0,0.126984126984127,0.130434782608696,0,0.00909090909090909,0.0274725274725275,0.130681818181818,0,0,0,0
"Fc epsilon RI signaling pathway",0,0.211111111111111,0.0506912442396313,0.0116279069767442,0,0.0172413793103448,0,0,0.00636942675159236,0,0,0.151724137931034,0.0708661417322835,0.0469483568075117,0.0559006211180124,0,0.104938271604938,0,0,0.2,0.0601503759398496,0.0306122448979592,0.0173410404624277,0.137362637362637,0.00628930817610063,0,0.0116959064327485,0.0885608856088561,0,0.0166204986149584,0.213675213675214,0.072289156626506,0.0694789081885856,0.00602409638554217,0.00598802395209581,0.0072992700729927,0.0352422907488987,0.282442748091603,0.0403225806451613,0,0.0611620795107034,0.145161290322581,0.0184049079754601,0.0575539568345324,0.0415094339622641,0,0,0.198347107438017,0.00884955752212389,0.003125,0.12621359223301,0.12396694214876,0.142259414225941,0.210526315789474,0,0.0125391849529781,0.0666666666666667,0,0.114457831325301,0.139072847682119,0.209302325581395,0.0249110320284698,0.0917874396135266,0.0213675213675214,0.0357142857142857,0.00671140939597315,0.111627906976744,0.0769230769230769,0.273333333333333,0.112299465240642,0.21656050955414,0,0.053030303030303,0,0.139240506329114,0.211538461538462,0.00588235294117647,0.110169491525424,0.0647482014388489,0.171717171717172,0.0920245398773006,0.192,0.145522388059701,0,0.0598591549295775,0.132596685082873,0.25,0.0441176470588235,0.0501930501930502,0,0.107784431137725,0.14,0,0.151785714285714,0.1417004048583,0.0305343511450382,0.183673469387755,0,0.0279329608938547,0,0.101851851851852,0,0.0755555555555556,0.00694444444444444,0.0921658986175115,0.00806451612903226,0.0296610169491525,0,0,0.188034188034188,0,0.121212121212121,0.0707070707070707,0.263157894736842,0.103658536585366,0.201754385964912,0.0426829268292683,0.099236641221374,0.0404858299595142,0,0.107142857142857,0.0905172413793103,0.0462962962962963,0.227272727272727,0.0526315789473684,0.0784313725490196,0.0373134328358209,0,0.0726495726495727,0,0.0571428571428571,0.117424242424242,0.0683229813664596,0.083969465648855,0.188811188811189,0.171270718232044,0,0.0583333333333333,0,0.0703517587939698,0.0809859154929577,0.183098591549296,0,0,0.168,0.207547169811321,0.232258064516129,0,0,0.0611111111111111,0.0757575757575758,0,0,0,0.0625,0.121052631578947,0.0760869565217391,0.0805369127516778,0.0578947368421053,0.00649350649350649,0.00699300699300699,0.00884955752212389,0.0119047619047619,0,0.106060606060606,0.147540983606557,0.09375,0.078740157480315,0.0170212765957447,0,0,0,0,0.0851851851851852,0,0.0705128205128205,0.0480769230769231,0.0795454545454545,0,0.0847457627118644,0.147186147186147,0.0502092050209205,0.160493827160494,0.0384615384615385,0.130177514792899,0,0.0348258706467662,0,0.178807947019868,0.110169491525424,0.037542662116041,0.118811881188119,0.0185185185185185,0,0.11144578313253,0.106796116504854,0.068421052631579,0.124463519313305,0.0578947368421053,0.00613496932515337,0.0481927710843374,0.0945454545454545,0,0.18452380952381,0.0945945945945946,0,0,0,0,0.208333333333333,0,0.0384615384615385,0.0181818181818182,0,0,0,0,0,0.0258620689655172,0.165217391304348,0.137651821862348,0.089041095890411,0.0657894736842105,0,0.118226600985222,0.0813559322033898,0.0645161290322581,0.0847457627118644,0.129032258064516,0,0.126315789473684,0.0933333333333333,0.0555555555555556,0,0.00826446280991736,0.0707964601769911,0.195488721804511,0,0.181818181818182,0,0.029126213592233,0.0952380952380952,0.072992700729927,0.114285714285714,0.0106382978723404,0.167630057803468,0.372340425531915,0,0.259842519685039,0.23015873015873,0,0.00595238095238095,0,0.17741935483871,0,0,0,0
"ECM-receptor interaction",0,0,0,0.134502923976608,0,0.00510204081632653,0,0,0,0,0,0,0,0,0,0,0,0,0,0,0,0,0,0,0,0,0,0,0,0,0,0,0.16839378238342,0,0.139393939393939,0,0,0,0,0,0.00273224043715847,0,0,0.0182926829268293,0,0.0114285714285714,0,0,0.0508474576271186,0,0,0.286343612334802,0.0539568345323741,0.0179372197309417,0,0,0,0,0.00985221674876847,0,0,0.0065359477124183,0,0.00387596899224806,0,0,0,0,0,0,0,0.00613496932515337,0.00632911392405063,0,0,0,0,0,0.0120481927710843,0.00398406374501992,0.0050761421319797,0,0,0,0.0418760469011725,0,0,0,0.00343642611683849,0,0,0.00328947368421053,0,0,0,0,0,0,0,0,0,0,0,0,0,0,0,0,0,0,0,0,0,0,0.0748663101604278,0,0,0,0,0,0,0.00367647058823529,0.025,0,0,0.00775193798449612,0.0192307692307692,0,0,0,0,0.00638977635782748,0.12280701754386,0,0.0497237569060773,0.00432900432900433,0,0.0203562340966921,0,0.00431034482758621,0.00306748466257669,0,0,0,0,0,0,0,0,0.00476190476190476,0,0,0,0,0,0,0,0,0.182072829131653,0,0,0,0,0,0,0,0,0.0103092783505155,0,0.0421940928270042,0,0,0,0,0,0,0,0,0,0,0,0.00743494423791822,0,0,0.00956937799043062,0,0,0,0.0050761421319797,0.0143884892086331,0,0,0,0,0,0,0,0,0,0,0,0.07,0,0.037914691943128,0,0,0,0,0,0,0,0,0,0,0,0,0,0,0.0145985401459854,0.0065359477124183,0.0134680134680135,0,0.159235668789809,0,0,0.00892857142857143,0,0,0.0222222222222222,0,0,0,0.0043859649122807,0.00719424460431655,0,0,0,0,0.0591133004926108,0,0.008,0,0.0121212121212121,0.00342465753424658,0,0,0,0,0,0,0,0,0,0,0,0,0,0
"AMPK signaling pathway",0,0.0627450980392157,0,0.00442477876106195,0.0337837837837838,0.0267857142857143,0,0.0612244897959184,0,0.0136986301369863,0,0.122448979591837,0,0.108433734939759,0.0276497695852535,0,0.104761904761905,0.032258064516129,0,0.0780487804878049,0.00518134715025907,0,0.205263157894737,0.226415094339623,0,0,0.00892857142857143,0.0577507598784195,0,0.00478468899521531,0.0714285714285714,0.00434782608695652,0.141509433962264,0.0377358490566038,0.0375586854460094,0.0437158469945355,0.0588235294117647,0.0886699507389163,0.0032258064516129,0.0447761194029851,0.0362694300518135,0.0714285714285714,0.00458715596330275,0.0362694300518135,0.00498338870431894,0,0,0.0760869565217391,0.00357142857142857,0.0108108108108108,0.0974025974025974,0.045016077170418,0.0550161812297735,0.0441767068273092,0,0.00266666666666667,0.0481927710843374,0,0.0303030303030303,0.0869565217391304,0.0717948717948718,0.065625,0.111553784860558,0.0695970695970696,0.00888888888888889,0.00495049504950495,0.0541516245487365,0.0413533834586466,0.12962962962963,0.069672131147541,0.0990990990990991,0.0154639175257732,0.207547169811321,0,0.0688073394495413,0.0567685589519651,0,0.210526315789474,0.005,0.0754716981132075,0.262295081967213,0.0918918918918919,0.0404624277456647,0.0506329113924051,0.031496062992126,0.0445344129554656,0.0722222222222222,0.015625,0.00308641975308642,0,0.0769230769230769,0.0432098765432099,0.0185185185185185,0.0340909090909091,0.043613707165109,0,0.0460829493087558,0.00694444444444444,0.0304347826086957,0,0.127906976744186,0,0.0387323943661972,0.0050761421319797,0.0507246376811594,0,0.0102389078498294,0,0,0.0549450549450549,0.00628930817610063,0.0356083086053412,0.0127388535031847,0.0574162679425837,0.0218340611353712,0.0982658959537572,0,0.0591397849462366,0.0264900662251656,0.0405405405405405,0.062992125984252,0.0268456375838926,0.029520295202952,0,0.0342741935483871,0.00617283950617284,0.00523560209424084,0,0.0133333333333333,0,0,0.0773993808049536,0.0321100917431193,0.0698412698412698,0.0568720379146919,0.0515873015873016,0,0.0308788598574822,0.00952380952380952,0.047244094488189,0.0227272727272727,0.0375586854460094,0,0,0.0756756756756757,0.0773809523809524,0.124423963133641,0.0611111111111111,0.00476190476190476,0,0.127118644067797,0,0,0.0266666666666667,0,0.047244094488189,0,0,0.10705596107056,0.04,0.0368421052631579,0,0,0,0.0542635658914729,0.0782122905027933,0,0.0616883116883117,0,0,0,0,0,0.0646153846153846,0.0133333333333333,0.0328638497652582,0,0,0.00657894736842105,0.0191256830601093,0.0426229508196721,0.0555555555555556,0.0807174887892377,0,0.0892857142857143,0,0.0481927710843374,0.0558659217877095,0.05,0.0396039603960396,0.0851063829787234,0.0813953488372093,0.00612244897959184,0.00564971751412429,0.0193236714975845,0.0725190839694656,0.00392156862745098,0.0361842105263158,0.114035087719298,0.00462962962962963,0.00442477876106195,0.032069970845481,0,0.0723404255319149,0,0.076555023923445,0,0.0426829268292683,0,0.0281124497991968,0,0.0141509433962264,0.0297397769516729,0.00526315789473684,0,0,0,0,0,0.0564971751412429,0.04375,0.316770186335404,0.053921568627451,0,0.133603238866397,0.0508474576271186,0,0.096969696969697,0.052,0,0.0810810810810811,0.00930232558139535,0.0650406504065041,0.00581395348837209,0,0.0235294117647059,0.0653266331658292,0.0333333333333333,0.0420168067226891,0.00613496932515337,0,0,0,0.0448717948717949,0.0260663507109005,0.164383561643836,0.0581395348837209,0.0242424242424242,0.0492610837438424,0.0721649484536082,0.0198675496688742,0,0.0388888888888889,0.0585106382978723,0,0,0,0.0540540540540541
"Alcoholic liver disease",0,0.013840830449827,0.101818181818182,0.00403225806451613,0,0.00398406374501992,0.00549450549450549,0,0,0,0.029585798816568,0.0755555555555556,0,0.0240549828178694,0.0251046025104603,0.032258064516129,0.0283400809716599,0,0,0.0474137931034483,0.234285714285714,0.0414201183431953,0.0818965517241379,0.0804597701149425,0,0,0,0.0335195530726257,0.0404624277456647,0.0702179176755448,0.0235849056603774,0.0675105485232067,0.0630252100840336,0,0.0384615384615385,0.00471698113207547,0.00977198697068404,0.0253164556962025,0.176678445229682,0.00666666666666667,0.0394088669950739,0.0187793427230047,0,0.00452488687782805,0.043261231281198,0.0545454545454545,0.00543478260869565,0.0185185185185185,0.01,0.00253164556962025,0.0324324324324324,0.0266272189349112,0.045045045045045,0.151020408163265,0,0,0.209401709401709,0.0276243093922652,0.0196078431372549,0.1875,0.0645161290322581,0.00833333333333333,0.140151515151515,0.0431893687707641,0.0246913580246914,0.00446428571428571,0.0328947368421053,0.0310344827586207,0.0857142857142857,0.0107142857142857,0.0555555555555556,0.0186046511627907,0.175824175824176,0.00485436893203883,0.0408163265306122,0.0909090909090909,0.0512820512820513,0.0673575129533679,0.0985221674876847,0.223107569721116,0.124444444444444,0.0275229357798165,0.035230352303523,0,0.0695102685624013,0.0894941634241245,0.075,0,0.112179487179487,0,0.0116731517509728,0.228668941979522,0.113095238095238,0,0.170491803278689,0.0447761194029851,0.106666666666667,0,0,0,0.0398671096345515,0,0.161172161172161,0,0.0721649484536082,0.0989010989010989,0.0392156862745098,0.0247524752475248,0,0.014218009478673,0.00552486187845304,0.0660919540229885,0.0342857142857143,0.0125,0.147982062780269,0.0707070707070707,0.0123456790123457,0.0428571428571429,0.00302114803625378,0,0.0354609929078014,0.00305810397553517,0.041522491349481,0.0486725663716814,0.0469667318982387,0.0109289617486339,0.014218009478673,0.0382775119617225,0.160142348754448,0,0,0.138461538461538,0.0600858369098712,0.0227920227920228,0.0888888888888889,0.103846153846154,0,0.0110864745011086,0,0.0249110320284698,0.175384615384615,0.0429184549356223,0,0,0.0574162679425837,0.0572916666666667,0.064,0.0757575757575758,0,0.127118644067797,0,0,0.0341463414634146,0,0,0.0359712230215827,0.00578034682080925,0,0.096551724137931,0,0,0.0271739130434783,0.0121951219512195,0,0.0352112676056338,0.0141509433962264,0.102564102564103,0.0449101796407186,0.0161812297734628,0,0,0,0.0372093023255814,0.0514285714285714,0,0,0.0244755244755245,0.0119047619047619,0.0479041916167665,0.135057471264368,0.201413427561837,0.176895306859206,0.184684684684685,0.0280898876404494,0.027027027027027,0.146464646464646,0.014336917562724,0.0603015075376884,0.310880829015544,0.043343653250774,0.0469613259668508,0.0598591549295775,0.0218253968253968,0.0101010101010101,0.0882352941176471,0.160919540229885,0,0.046583850931677,0.0415094339622641,0,0.142201834862385,0.010752688172043,0,0.0579150579150579,0.0675675675675676,0,0,0.0104712041884817,0.0264550264550265,0.0692307692307692,0,0.025974025974026,0.023972602739726,0,0.0298507462686567,0,0.00446428571428571,0.031055900621118,0.0104166666666667,0.0145631067961165,0.0289017341040462,0.0934579439252336,0.0580357142857143,0,0.0449826989619377,0.103641456582633,0.00485436893203883,0.015,0.1003861003861,0,0,0.17156862745098,0.0441176470588235,0,0,0,0.0934579439252336,0.0238095238095238,0.026615969581749,0.00784313725490196,0.046242774566474,0.00387596899224806,0.193548387096774,0.187713310580205,0.0178970917225951,0.0992063492063492,0.0355329949238579,0.0790960451977401,0.0444444444444444,0.0407239819004525,0.0292397660818713,0.029535864978903,0,0.0473933649289099,0.04,0,0.00467289719626168,0.0409356725146199
"Alanine, aspartate and glutamate metabolism",0.0106382978723404,0,0.0155440414507772,0,0,0,0,0,0.05,0,0,0,0,0,0,0.0365853658536585,0,0,0,0,0,0,0,0,0,0,0,0,0.0579710144927536,0,0,0,0,0,0,0,0,0,0,0,0,0,0,0,0,0,0.0263157894736842,0,0,0,0,0,0,0,0,0,0,0.0128205128205128,0,0,0,0,0,0,0,0,0,0,0,0,0,0,0,0,0,0,0,0,0,0,0.0138888888888889,0,0,0,0,0,0,0,0,0.0666666666666667,0,0,0,0,0,0,0,0,0,0,0,0,0,0,0,0,0,0,0,0,0,0,0,0,0,0,0,0,0,0,0,0,0,0,0,0,0,0,0,0,0.02,0,0,0,0,0,0.0595238095238095,0.00576368876080692,0,0,0,0,0,0,0,0,0,0,0,0,0,0,0,0,0,0,0,0,0,0,0,0,0,0.0248447204968944,0,0.0188679245283019,0,0.00833333333333333,0,0,0.304347826086957,0,0,0,0,0,0,0,0.0461538461538462,0,0,0,0,0,0,0,0,0,0,0,0,0,0,0,0,0,0,0,0,0,0,0,0,0,0,0,0,0,0.0481927710843374,0,0,0,0,0,0,0.0303030303030303,0,0.0172413793103448,0,0,0,0,0,0,0,0,0,0,0.00564971751412429,0.0273972602739726,0,0,0,0,0,0,0,0,0,0,0,0,0,0,0,0,0,0,0,0,0.0147058823529412,0,0,0,0,0,0,0
"Retinol metabolism",0,0,0,0,0,0,0,0,0,0,0.240506329113924,0,0,0,0,0.00869565217391304,0,0,0,0,0,0,0,0,0,0,0,0,0.0833333333333333,0,0,0,0,0,0,0,0,0,0,0,0,0,0,0,0,0,0,0,0,0,0,0,0,0,0,0,0,0.0280373831775701,0,0,0,0,0,0,0,0,0,0,0,0,0,0,0,0.247619047619048,0,0,0,0,0,0,0,0,0,0,0,0,0,0,0,0,0,0.0215827338129496,0.0673076923076923,0,0,0,0,0,0,0,0,0,0,0,0.00425531914893617,0,0,0,0,0,0.00952380952380952,0.0068259385665529,0,0,0,0,0,0,0,0,0,0,0,0,0,0,0,0.330188679245283,0,0,0,0,0,0.0884615384615385,0,0,0,0,0.144927536231884,0,0,0,0,0.2,0,0,0,0,0,0,0.0341463414634146,0,0,0,0,0,0.0425531914893617,0,0,0,0,0,0,0,0,0,0,0,0,0,0,0,0.3125,0,0,0,0,0,0,0,0,0,0,0,0,0,0,0.0546875,0,0,0,0,0,0,0,0,0,0,0,0,0,0,0,0,0,0,0.223529411764706,0,0,0,0,0,0,0,0,0,0.173228346456693,0,0,0,0,0,0,0,0,0,0.0234375,0,0,0,0,0,0,0,0,0.00840336134453781,0,0,0,0,0,0.0166666666666667,0,0,0,0,0,0.0648148148148148,0,0,0,0,0,0,0.00763358778625954,0,0.275229357798165,0
"Autophagy - other",0,0.00555555555555556,0,0,0,0.0144927536231884,0,0,0.0254237288135593,0,0,0.00775193798449612,0,0.0108695652173913,0,0,0.00709219858156028,0,0,0.00769230769230769,0.0196078431372549,0.032258064516129,0,0.0119047619047619,0,0,0,0,0,0,0,0.00714285714285714,0.012853470437018,0,0,0,0,0.00769230769230769,0.027906976744186,0.0106382978723404,0,0,0,0,0.0238568588469185,0,0,0.00934579439252336,0.00526315789473684,0,0.0128205128205128,0,0.00425531914893617,0,0,0,0,0,0,0.0150375939849624,0.00847457627118644,0,0,0.01,0.0538461538461538,0,0.00497512437810945,0,0.0131578947368421,0,0.0065359477124183,0,0.0099009900990099,0,0,0,0,0.032967032967033,0,0,0.00714285714285714,0.00900900900900901,0,0,0.00177304964539007,0,0,0.00961538461538462,0,0,0,0,0,0.0222222222222222,0.00409836065573771,0,0,0,0,0,0.189349112426035,0,0,0,0.0050251256281407,0,0,0,0,0,0,0,0,0,0,0.0101010101010101,0,0,0,0,0.00558659217877095,0,0,0,0.0291970802919708,0,0,0,0.00469483568075117,0,0,0.00389105058365759,0,0.0040650406504065,0,0,0,0.00584795321637427,0,0.0731707317073171,0,0,0,0,0.00925925925925926,0,0.0131578947368421,0,0,0.0266666666666667,0,0,0,0,0,0,0,0,0.00828729281767956,0,0,0,0,0,0.00552486187845304,0.00980392156862745,0,0.00423728813559322,0,0,0,0,0,0,0,0.00775193798449612,0,0,0,0.00354609929078014,0.0224215246636771,0.00469483568075117,0,0,0.0065359477124183,0,0.0118343195266272,0,0,0.00896860986547085,0.0113636363636364,0.00531914893617021,0.030690537084399,0,0,0.0105820105820106,0,0,0.0123456790123457,0,0,0,0,0,0,0.0150375939849624,0,0,0,0,0,0,0,0,0,0,0,0,0,0,0,0.0427350427350427,0,0,0.021505376344086,0.040590405904059,0,0,0,0,0,0,0.029940119760479,0,0,0,0.00826446280991736,0.0106951871657754,0,0,0,0,0,0,0.0362537764350453,0.0248447204968944,0,0,0,0.00854700854700855,0,0,0,0,0,0,0,0
"Ether lipid metabolism",0,0.0641711229946524,0.0346534653465347,0,0,0,0,0,0,0,0,0,0,0,0,0,0,0,0,0,0,0,0,0,0,0,0.0769230769230769,0.0072992700729927,0,0,0,0,0,0,0,0,0,0.0955882352941176,0,0,0,0,0,0,0,0,0,0,0,0.00666666666666667,0,0,0,0,0,0,0,0,0,0,0,0,0,0,0,0,0,0.0353535353535354,0,0,0,0,0,0,0,0,0,0,0,0,0,0,0.0867924528301887,0,0.00344234079173838,0,0,0,0,0,0,0,0,0.0679611650485437,0,0,0,0,0.0122699386503067,0,0,0,0,0,0,0,0,0,0,0,0,0.00727272727272727,0,0.0955882352941176,0,0,0.299145299145299,0,0,0,0,0,0.00485436893203883,0.0671641791044776,0,0,0,0,0,0,0.0573248407643312,0,0,0,0,0,0,0,0,0,0,0.0567375886524823,0.0505050505050505,0,0.016,0,0.0117647058823529,0.0625,0,0,0,0,0,0,0,0,0.379310344827586,0,0,0,0,0,0,0,0,0,0,0,0,0,0,0,0,0,0,0,0,0.407407407407407,0,0,0,0,0,0,0,0,0,0,0,0,0,0,0,0,0.0204081632653061,0,0.115151515151515,0,0,0,0,0,0,0,0,0,0,0,0,0,0,0,0,0,0,0,0,0,0,0,0,0,0,0,0,0,0.241758241758242,0.0186915887850467,0,0,0,0,0,0,0,0.0736842105263158,0,0,0.0414201183431953,0,0,0.0443037974683544,0,0,0,0,0.0679611650485437,0,0,0,0,0,0,0,0.027027027027027,0,0,0
"Signaling pathways regulating pluripotency of stem cells",0,0.0693430656934307,0.0133779264214047,0.00403225806451613,0,0.135135135135135,0,0,0,0.0119047619047619,0,0.12037037037037,0.0394088669950739,0.0311418685121107,0.212871287128713,0,0.0717299578059072,0,0,0.114678899082569,0.0188679245283019,0,0.0120967741935484,0.0763358778625954,0,0,0,0.0422535211267606,0,0.04,0.107142857142857,0.0585774058577406,0.0652631578947368,0,0.00413223140495868,0,0.0264900662251656,0.0848214285714286,0.0214723926380368,0.0168350168350168,0.0343137254901961,0.112820512820513,0.00836820083682008,0.0373831775700935,0.0866551126516465,0,0,0.105527638190955,0,0.0179948586118252,0.0494505494505494,0.0611620795107034,0.216783216783217,0.0722433460076046,0,0.0127226463104326,0.0520446096654275,0,0.0483870967741935,0.0739130434782609,0.149253731343284,0.0521739130434783,0.0524475524475524,0,0.0121951219512195,0,0.250996015936255,0.0274914089347079,0.0991735537190083,0.071969696969697,0.112970711297071,0.00458715596330275,0.0239234449760766,0,0.0897435897435897,0.1,0,0.0785340314136126,0.0372093023255814,0.108303249097473,0.0497925311203319,0.142857142857143,0.0730337078651685,0,0.124584717607973,0.0687022900763359,0.137566137566138,0.014018691588785,0.0175953079178886,0,0.0699588477366255,0.0650887573964497,0,0.0515463917525773,0.0656716417910448,0.0144927536231884,0.0873362445414847,0,0.0196850393700787,0,0.0646258503401361,0,0.0566666666666667,0,0.0721649484536082,0,0.152173913043478,0.00485436893203883,0,0.0974358974358974,0,0.0660919540229885,0.0584795321637427,0.0611353711790393,0.0491803278688525,0.115789473684211,0,0.0579710144927536,0.0246913580246914,0,0.275109170305677,0.0649350649350649,0.0308219178082192,0.0580357142857143,0.116910229645094,0.0571428571428571,0,0,0.0382165605095541,0,0.00775193798449612,0.0818713450292398,0.0291666666666667,0.0748502994011976,0.108597285067873,0.0708955223880597,0,0.0629370629370629,0,0.0359712230215827,0.0437158469945355,0.051948051948052,0,0,0.0995024875621891,0.153409090909091,0.0901639344262295,0.121052631578947,0,0.047244094488189,0.0359712230215827,0,0,0,0,0,0,0.039647577092511,0.141148325358852,0,0,0,0,0,0.278260869565217,0.113989637305699,0.018957345971564,0.0512048192771084,0,0,0,0,0,0.0697674418604651,0,0.0297872340425532,0.0209059233449477,0,0,0.050531914893617,0.100323624595469,0.0382165605095541,0.073469387755102,0,0.0946502057613169,0,0.0328467153284672,0,0.0811965811965812,0.059748427672956,0.0243243243243243,0.0905797101449275,0.00782778864970646,0.0050251256281407,0.0596658711217184,0.0860215053763441,0.0183150183150183,0.0698412698412698,0.0298507462686567,0,0,0.0712250712250712,0.0147783251231527,0.096,0.0394736842105263,0,0,0,0,0.0610687022900763,0,0.0349344978165939,0.16796875,0,0.239520958083832,0,0,0,0,0.0942408376963351,0.0953846153846154,0.0684931506849315,0.0486725663716814,0,0.217741935483871,0.0450928381962865,0,0.0518134715025907,0.0836501901140684,0,0.064327485380117,0.0301724137931034,0.0518518518518519,0,0,0.0103092783505155,0.119617224880383,0.204,0.062992125984252,0,0,0.0277777777777778,0.0277777777777778,0.0545454545454545,0.00220264317180617,0.112449799196787,0.120879120879121,0,0.0930232558139535,0.100478468899522,0,0.00411522633744856,0,0.110552763819095,0,0,0,0
"Linoleic acid metabolism",0,0.0406976744186047,0.0441988950276243,0,0,0,0,0,0,0,0,0,0,0,0,0,0,0,0,0,0,0,0,0,0,0,0.0894308943089431,0,0,0,0,0,0,0,0,0,0,0.0573770491803279,0,0,0,0,0,0,0,0,0,0,0,0,0,0,0,0,0,0,0,0.0140845070422535,0,0,0,0,0.00537634408602151,0,0,0,0,0.0393258426966292,0,0,0,0,0,0.0333333333333333,0,0,0,0,0,0,0,0,0.0850202429149798,0,0,0,0,0,0,0,0,0.0123456790123457,0,0.0843373493975904,0,0,0,0,0,0,0,0,0,0,0,0,0,0,0,0,0,0.00784313725490196,0,0.0661157024793388,0,0,0.2,0,0,0,0,0,0.0108108108108108,0.0603448275862069,0,0,0,0.0618556701030928,0,0,0.0503597122302158,0,0,0.00823045267489712,0,0,0,0,0.00840336134453781,0,0,0.075,0,0,0,0,0,0.0760869565217391,0,0,0.00578034682080925,0,0.0425531914893617,0,0.379310344827586,0,0,0,0,0,0,0,0,0,0,0,0,0,0,0,0,0,0.0380952380952381,0,0,0,0,0.647058823529412,0,0,0,0,0,0,0,0,0,0,0,0,0,0,0,0,0.021671826625387,0,0.131034482758621,0,0,0,0,0,0,0,0,0,0,0,0,0,0,0,0,0,0,0,0.018348623853211,0,0,0,0,0,0,0,0,0,0.430769230769231,0.0229885057471264,0,0,0,0,0,0,0,0.108108108108108,0,0,0.0469798657718121,0,0,0.0902255639097744,0,0,0,0,0.0843373493975904,0,0,0,0,0,0,0,0,0,0.0631578947368421,0
"Gap junction",0,0.181372549019608,0,0.0765027322404372,0,0.0101010101010101,0,0,0.117283950617284,0,0,0.111111111111111,0.195488721804511,0.113122171945701,0.198757763975155,0,0.0466321243523316,0,0,0.157575757575758,0,0,0.0698924731182796,0.0648148148148148,0.122699386503067,0,0.12,0.0816326530612245,0,0,0.10738255033557,0.0100502512562814,0.0484988452655889,0.151515151515152,0,0.0592105263157895,0.141592920353982,0.130177514792899,0.0330882352941176,0.00401606425702811,0.0882352941176471,0.10738255033557,0.211538461538462,0.00591715976331361,0.0808270676691729,0,0,0.135135135135135,0.0960698689956332,0.0117647058823529,0.0145985401459854,0.0727272727272727,0.0802919708029197,0.0267857142857143,0,0.123376623376623,0,0,0.0297029702970297,0.0714285714285714,0.0783132530120482,0.0989399293286219,0,0.0564516129032258,0.0207253886010363,0,0.0607287449392713,0.204878048780488,0.0541871921182266,0.196891191709845,0.222857142857143,0.00602409638554217,0,0,0.115384615384615,0.0653266331658292,0,0.107913669064748,0.0178571428571429,0.0625,0.005,0.154362416107383,0.0819672131147541,0.0542635658914729,0.0738831615120275,0.0961538461538462,0.0794701986754967,0.0248447204968944,0.100746268656716,0,0.188571428571429,0.0405405405405405,0,0.245901639344262,0.0701754385964912,0,0.053475935828877,0,0.189655172413793,0,0.0481927710843374,0,0.0271317829457364,0.191489361702128,0.0441767068273092,0,0.0390625,0,0,0.08,0,0.0459016393442623,0.0573770491803279,0.0380434782608696,0.0251256281407035,0.0738255033557047,0,0.0121212121212121,0.0769230769230769,0,0.0572687224669604,0.0415094339622641,0.0163265306122449,0.267123287671233,0.0878378378378378,0.0901639344262295,0,0,0.0148148148148148,0,0.175141242937853,0.152173913043478,0.0773480662983425,0.124542124542125,0.0604395604395604,0.0307017543859649,0,0.0520833333333333,0.0769230769230769,0.0535714285714286,0.0185185185185185,0.171779141104294,0,0,0.0432098765432099,0.0942028985507246,0.0974358974358974,0.0805369127516778,0,0,0,0,0,0,0,0.039647577092511,0,0,0.0442260442260442,0.148387096774194,0.167832167832168,0,0.106707317073171,0.0576923076923077,0.0567685589519651,0.0723684210526316,0.01875,0.0241379310344828,0,0,0,0,0,0.063973063973064,0,0.0555555555555556,0.14218009478673,0,0,0.0888888888888889,0.0472727272727273,0.00366300366300366,0.0144230769230769,0,0.0974358974358974,0,0.089622641509434,0,0.0203045685279188,0.0477941176470588,0.0686274509803922,0.0506329113924051,0.0522727272727273,0.0277777777777778,0.0769230769230769,0.0546218487394958,0.177083333333333,0.126482213438735,0.103448275862069,0.191082802547771,0.00510204081632653,0.0657894736842105,0,0.180851063829787,0.0109289617486339,0,0,0.0763358778625954,0,0.0660377358490566,0,0.0277777777777778,0.138248847926267,0.158273381294964,0,0,0,0,0,0.145985401459854,0.151515151515152,0.0898203592814371,0,0.0111731843575419,0.0593220338983051,0.0332326283987915,0,0.143939393939394,0.0219298245614035,0,0.0483870967741935,0.016304347826087,0.154228855721393,0,0.106870229007634,0.099236641221374,0.0581395348837209,0.00403225806451613,0.172043010752688,0.0198675496688742,0.0661157024793388,0.162921348314607,0.0303030303030303,0,0.0775401069518717,0.0663507109004739,0.0857142857142857,0,0.0701754385964912,0.105590062111801,0,0,0.162962962962963,0.069620253164557,0,0,0,0.008
"Human papillomavirus infection",0,0.0640176600441501,0.0695652173913043,0.0656934306569343,0,0.0352112676056338,0,0,0.00715990453460621,0.00279329608938547,0,0.152406417112299,0.0335917312661499,0.0703296703296703,0.151193633952255,0,0.0649038461538462,0,0.0560538116591928,0.116279069767442,0.0742705570291777,0.0167130919220056,0.042654028436019,0.0852534562211982,0.00952380952380952,0,0.00229357798165138,0.0587121212121212,0,0.0327332242225859,0.0884718498659517,0.0255220417633411,0.301498127340824,0.0261904761904762,0.0562347188264059,0.0334190231362468,0.0331262939958592,0.0773067331670823,0.0740740740740741,0.074398249452954,0.0462328767123288,0.0884718498659517,0.016548463356974,0.035264483627204,0.0865512649800266,0.00477326968973747,0,0.096514745308311,0.0933333333333333,0.0281195079086116,0.0382513661202186,0.220956719817768,0.177631578947368,0.0728929384965831,0,0.0138169257340242,0.154034229828851,0,0.0298165137614679,0.0845771144278607,0.111111111111111,0.0241187384044527,0.047008547008547,0.0679405520169851,0.0162412993039443,0.0197044334975369,0.189125295508274,0.0338983050847458,0.115196078431373,0.0751708428246014,0.0911270983213429,0.0515463917525773,0.030690537084399,0,0.049645390070922,0.0734597156398104,0,0.0589812332439678,0.0248756218905473,0.186602870813397,0.0702179176755448,0.0897097625329815,0.0692883895131086,0.0300546448087432,0.238912732474964,0.0831408775981524,0.074468085106383,0.00995024875621891,0.0387596899224806,0,0.0614657210401891,0.102409638554217,0,0.0342105263157895,0.130434782608696,0.010126582278481,0.0735294117647059,0,0.0418604651162791,0,0.0680851063829787,0,0.147392290249433,0.00987654320987654,0.101098901098901,0.0130208333333333,0.116740088105727,0,0,0.0718085106382979,0,0.0606060606060606,0.0451977401129944,0.0409638554216867,0.0774818401937046,0.101648351648352,0,0.0625,0.0461847389558233,0,0.227040816326531,0.0529531568228106,0.0272536687631027,0.0415647921760391,0.115562403697997,0.0535211267605634,0.0280612244897959,0,0.0957446808510638,0,0.0135440180586907,0.204741379310345,0.0927318295739348,0.100401606425703,0.0931989924433249,0.0696629213483146,0,0.100682593856655,0.00954653937947494,0.0392156862745098,0.0917782026768642,0.0285714285714286,0,0,0.105121293800539,0.110481586402266,0.104368932038835,0.0578947368421053,0.182072829131653,0.10705596107056,0.096551724137931,0,0,0.00828729281767956,0,0.141148325358852,0,0.0442260442260442,0,0.0269607843137255,0.0277078085642317,0.024390243902439,0.0134228187919463,0,0.201492537313433,0.0631578947368421,0.0889487870619946,0.0346153846153846,0.006,0.0293501048218029,0,0,0,0.132113821138211,0,0.0189125295508274,0.0126050420168067,0,0,0.0541516245487365,0.18609865470852,0.152125279642058,0.0891566265060241,0.0247933884297521,0.104368932038835,0.0639386189258312,0.039647577092511,0.0025062656641604,0.127551020408163,0.0457256461232604,0.0422018348623853,0.118721461187215,0.0129496402877698,0.020997375328084,0.0567612687813022,0.214814814814815,0.0196506550218341,0.0756646216768916,0.0714285714285714,0.00943396226415094,0.028169014084507,0.0949612403100775,0.0704607046070461,0.107655502392345,0.0466830466830467,0.0380952380952381,0,0.035230352303523,0,0.101415094339623,0.0101781170483461,0.0265060240963855,0.159144893111639,0.0151515151515152,0.128205128205128,0,0,0,0.005249343832021,0.050131926121372,0.0707269155206287,0.0902061855670103,0.157608695652174,0.00384122919334187,0.194647201946472,0.0697247706422018,0.00253164556962025,0.0397877984084881,0.0556792873051225,0,0.0277008310249307,0.0413625304136253,0.0464601769911504,0,0.0104712041884817,0.0131578947368421,0.0818414322250639,0.155660377358491,0.0576036866359447,0.00142450142450142,0.0109289617486339,0.0298850574712644,0.0275,0.169934640522876,0.032051282051282,0.088785046728972,0.0650406504065041,0.00263852242744063,0.0680100755667506,0.082687338501292,0,0.00464037122969838,0.0284237726098191,0.108108108108108,0,0,0.00248138957816377,0.00273224043715847
"Insulin secretion",0,0.0779816513761468,0.016597510373444,0.104046242774566,0,0,0,0,0.121794871794872,0.037037037037037,0,0.0514285714285714,0.150375939849624,0.25,0.198717948717949,0,0.0481283422459893,0.00813008130081301,0,0.0755813953488372,0,0,0.16969696969697,0.0228310502283105,0.0993788819875776,0,0.210191082802548,0.168539325842697,0,0,0.0192307692307692,0,0.0275229357798165,0.362962962962963,0.0277777777777778,0.192307692307692,0.223300970873786,0.0164835164835165,0.0185185185185185,0,0.0550724637681159,0,0.211920529801325,0,0.0383211678832117,0,0,0.0451612903225806,0,0,0.064,0.0104895104895105,0.039426523297491,0.00448430493273543,0,0.103896103896104,0,0,0.0202020202020202,0.0441988950276243,0,0.0931899641577061,0.00829875518672199,0.0158730158730159,0.00526315789473684,0.00602409638554217,0.0118577075098814,0.147619047619048,0,0.147959183673469,0.216374269005848,0,0.00645161290322581,0,0.0706521739130435,0.0248756218905473,0,0.0962962962962963,0.00609756097560976,0.0550847457627119,0.0597826086956522,0.0184049079754601,0.0220820189274448,0.130434782608696,0.0456081081081081,0.00909090909090909,0.0194805194805195,0.0258064516129032,0,0,0.239263803680982,0.0342465753424658,0,0.0814814814814815,0.0204778156996587,0,0.00526315789473684,0,0.196428571428571,0,0.0159362549800797,0,0.00778210116731518,0.275590551181102,0,0,0.0569105691056911,0,0,0.00645161290322581,0,0,0,0.0164835164835165,0,0,0,0,0.0579150579150579,0.00854700854700855,0,0.0188679245283019,0.0253164556962025,0.209459459459459,0.0280172413793103,0,0,0,0.0190114068441065,0,0.134831460674157,0.118279569892473,0.08,0.11070110701107,0.0331491712707182,0.00881057268722467,0,0.00759493670886076,0.157894736842105,0.0407239819004525,0.00934579439252336,0.163522012578616,0,0,0,0,0.04,0.00649350649350649,0,0.04,0,0,0,0,0,0,0,0.148387096774194,0.0269607843137255,0,0.341666666666667,0,0.0317919075144509,0.0439024390243902,0,0.0194805194805195,0,0.0505415162454874,0.0078740157480315,0,0,0,0,0.0801393728222996,0,0.0454545454545455,0.119047619047619,0,0,0,0.00714285714285714,0,0.0512820512820513,0,0.106382978723404,0,0.0869565217391304,0.00657894736842105,0,0.0257352941176471,0.0735785953177258,0.00829875518672199,0.0043956043956044,0.0215827338129496,0.0348525469168901,0,0.176470588235294,0.0689655172413793,0.159574468085106,0.23972602739726,0.00526315789473684,0.00632911392405063,0,0.148936170212766,0,0,0,0.125,0,0.0138248847926267,0,0,0.187192118226601,0.148148148148148,0,0,0,0,0,0.143939393939394,0.0719424460431655,0.150326797385621,0,0.0151228733459357,0.0166666666666667,0.0151057401812689,0,0.106870229007634,0,0.00813008130081301,0.117117117117117,0,0.0917874396135266,0,0.198275862068966,0.112903225806452,0,0,0.0984455958549223,0.0178571428571429,0.0695652173913043,0.104395604395604,0,0,0.0338541666666667,0.00458715596330275,0.020979020979021,0,0.00568181818181818,0.0424242424242424,0,0,0.290598290598291,0,0,0,0,0.00840336134453781
"Thyroid hormone synthesis",0,0.0717703349282297,0,0.0778443113772455,0,0,0,0,0.100671140939597,0,0,0.0548780487804878,0.136,0.198952879581152,0.181208053691275,0,0.0164835164835165,0,0,0.0807453416149068,0,0,0.1375,0.0142857142857143,0.106666666666667,0.0634920634920635,0.201342281879195,0.118959107806691,0.00909090909090909,0,0.0206896551724138,0,0.0282352941176471,0.320610687022901,0,0.142857142857143,0.175609756097561,0.0175438596491228,0.0272373540856031,0,0.0505952380952381,0,0.162162162162162,0,0.0371747211895911,0,0,0.0202702702702703,0.00429184549356223,0,0,0.0109090909090909,0.0333333333333333,0.00471698113207547,0,0.0716612377850163,0,0,0.0159574468085106,0.0409356725146199,0,0.0769230769230769,0.00432900432900433,0.012396694214876,0.00558659217877095,0.0196078431372549,0.012396694214876,0.116504854368932,0,0.175824175824176,0.208588957055215,0,0,0,0.0689655172413793,0.00515463917525773,0,0.096,0.0065359477124183,0.0577777777777778,0.0454545454545455,0.0197368421052632,0.0195439739413681,0.133333333333333,0.0393162393162393,0.0193236714975845,0.00689655172413793,0.0277777777777778,0,0,0.19375,0.0319148936170213,0,0.0975609756097561,0.0249110320284698,0,0.0169491525423729,0,0.217948717948718,0,0.0166666666666667,0,0.00813008130081301,0.26890756302521,0,0,0.0418410041841004,0,0,0,0,0,0.00900900900900901,0.0175438596491228,0,0,0,0,0.0604838709677419,0,0,0.00387596899224806,0.00432900432900433,0.174825174825175,0.0196936542669584,0,0,0,0.00390625,0,0.143712574850299,0.127340823970037,0.0787878787878788,0.102661596958175,0.0352941176470588,0.0186915887850467,0,0.0078125,0.153846153846154,0.0528846153846154,0.00967741935483871,0.16,0,0,0,0,0.0423280423280423,0.00699300699300699,0,0.0368421052631579,0,0,0,0,0,0,0,0.167832167832168,0.0277078085642317,0.341666666666667,0,0,0.0297619047619048,0.0463917525773196,0,0,0,0.0294117647058824,0.0251046025104603,0,0,0,0,0.0833333333333333,0,0.0613496932515337,0.114427860696517,0,0,0.00307692307692308,0.0149812734082397,0,0.0543478260869565,0,0.106741573033708,0,0.0753768844221105,0,0,0.0268199233716475,0.0726643598615917,0.0131004366812227,0.0229357798165138,0.031496062992126,0.0217983651226158,0,0.12972972972973,0.072,0.143646408839779,0.240875912408759,0.00558659217877095,0,0,0.15819209039548,0,0,0,0.137614678899083,0,0.0145631067961165,0,0,0.155778894472362,0.116279069767442,0,0,0,0,0,0.09375,0.0669144981412639,0.153846153846154,0,0.00766283524904215,0.0130434782608696,0.0220125786163522,0,0.135593220338983,0.00465116279069767,0,0.118811881188119,0.00591715976331361,0.102564102564103,0.008,0.219047619047619,0.123893805309735,0,0,0.116666666666667,0.00678733031674208,0.0769230769230769,0.0919540229885057,0,0,0.0546448087431694,0,0.0227272727272727,0,0.00606060606060606,0.0189873417721519,0,0,0.284403669724771,0,0,0,0,0.00925925925925926
"Graft-versus-host disease",0,0,0.0303030303030303,0.00671140939597315,0,0.0132450331125828,0,0,0,0,0,0,0,0,0,0,0.0130718954248366,0,0,0,0.00862068965517241,0,0,0,0,0,0,0,0,0.0238805970149254,0,0.140740740740741,0.00742574257425743,0,0.0140845070422535,0,0,0,0.012987012987013,0,0.0125391849529781,0,0,0,0.0114942528735632,0,0,0,0.114754098360656,0.0206185567010309,0.010989010989011,0,0.0121951219512195,0.0223463687150838,0,0,0.0395480225988701,0,0,0.049645390070922,0,0,0.0306122448979592,0,0,0.369565217391304,0,0,0.0245398773006135,0,0,0.00840336134453781,0.0087719298245614,0,0,0.00609756097560976,0.113636363636364,0,0.180952380952381,0.0196078431372549,0.0131578947368421,0.00806451612903226,0.00354609929078014,0,0.0087260034904014,0.0284090909090909,0,0,0.0205761316872428,0,0,0.01953125,0,0,0.036144578313253,0.233333333333333,0.0273972602739726,0,0,0,0,0,0.112244897959184,0,0.0142857142857143,0.0306122448979592,0,0,0,0,0,0,0,0,0.121428571428571,0,0,0.0169491525423729,0,0,0,0,0,0,0.0116009280742459,0,0.277777777777778,0,0.0966183574879227,0,0,0.0423076923076923,0.0277777777777778,0,0.028169014084507,0.0217391304347826,0,0,0,0,0.014336917562724,0.00699300699300699,0,0,0,0,0.00602409638554217,0.00884955752212389,0,0,0.0271739130434783,0,0,0,0,0,0,0,0.024390243902439,0,0,0,0,0,0,0,0,0,0,0.134078212290503,0,0,0,0.0979591836734694,0,0,0,0,0,0.0102389078498294,0.0387931034482759,0.135,0.025,0.584905660377358,0,0.0158730158730159,0,0,0.0335570469798658,0,0,0.0412371134020619,0.00240963855421687,0,0.0147058823529412,0.02,0,0,0,0,0.0135135135135135,0,0,0,0.140495867768595,0,0,0,0,0.11875,0,0,0,0,0,0,0,0,0.266666666666667,0,0,0,0,0,0.00495049504950495,0.0068259385665529,0,0,0.021978021978022,0,0,0.0294117647058824,0,0,0,0,0.0150375939849624,0,0,0,0.0789473684210526,0,0.0336134453781513,0.106666666666667,0,0.0113636363636364,0,0,0,0,0,0.0211267605633803,0,0,0,0,0,0
"Parkinson disease",0,0.00719424460431655,0.036144578313253,0.0134770889487871,0,0,0,0,0.0198300283286119,0,0,0.00819672131147541,0.05625,0.0493827160493827,0.0538243626062323,0,0.0132978723404255,0,0.315112540192926,0.0277777777777778,0.00882352941176471,0.0341296928327645,0.052924791086351,0.0328282828282828,0.0254957507082153,0,0.0135135135135135,0.0529661016949153,0.00986842105263158,0,0.0207715133531157,0.0106382978723404,0.00635930047694754,0.0573065902578797,0,0.0759493670886076,0.0555555555555556,0.0109289617486339,0.0337078651685393,0.00233644859813084,0.533519553072626,0.00584795321637427,0.0635838150289017,0,0.44721689059501,0,0.00645161290322581,0.042042042042042,0.053921568627451,0.00576923076923077,0.00952380952380952,0.00636942675159236,0.0281385281385281,0.00987654320987654,0,0.0649087221095335,0.0301507537688442,0.00643086816720257,0.010443864229765,0.0218579234972678,0.0228571428571429,0.0208333333333333,0.262536873156342,0.0376470588235294,0.0444444444444444,0.00284900284900285,0.0137931034482759,0.0570719602977667,0.0102827763496144,0.0485933503836317,0.0424403183023873,0.0206489675516224,0.00887573964497041,0,0.0268817204301075,0.0510752688172043,0,0.0152439024390244,0,0.0260047281323877,0.00795755968169761,0.00862068965517241,0.0303643724696356,0.0128617363344051,0.0414507772020725,0.0795755968169761,0.0118343195266272,0.00291545189504373,0.0651685393258427,0,0.0403225806451613,0.0726872246696035,0,0.0216049382716049,0.0476190476190476,0,0.0358126721763085,0,0.0320855614973262,0,0.0352941176470588,0.00335570469798658,0.0254041570438799,0.0676923076923077,0.00228310502283105,0.0123839009287926,0.0253456221198157,0,0.0238907849829352,0,0,0.290155440414508,0.0065359477124183,0.002710027100271,0.0295698924731183,0,0,0.0236686390532544,0.0576036866359447,0,0.00479616306954436,0.0178970917225951,0.014218009478673,0.0674486803519062,0.474387527839644,0.00321543408360129,0.00887573964497041,0.00584795321637427,0.043778801843318,0,0.0292553191489362,0.0507399577167019,0.016304347826087,0.0188679245283019,0.0163934426229508,0.0147058823529412,0,0.00517241379310345,0.0140449438202247,0.149584487534626,0.0119284294234592,0.0662824207492795,0,0,0.0205278592375367,0.00917431192660551,0.0234375,0.0119047619047619,0,0,0.0121951219512195,0,0,0,0,0,0,0.106707317073171,0.0134228187919463,0.0317919075144509,0.0297619047619048,0,0,0.00251256281407035,0.00477326968973747,0.00293255131964809,0.0148367952522255,0.307692307692308,0.0450236966824645,0,0,0,0,0.0377358490566038,0.0134680134680135,0.0307262569832402,0.16991643454039,0,0,0.0762886597938144,0.0518018018018018,0.0225733634311512,0.015625,0,0.0155038759689922,0.0028328611898017,0.0459183673469388,0,0.00795755968169761,0.0197802197802198,0.255583126550869,0.0464547677261614,0.40174672489083,0.00925925925925926,0.0251346499102334,0.018957345971564,0.0411311053984576,0.0175438596491228,0.104109589041096,0.0457142857142857,0.0053475935828877,0,0,0.0308483290488432,0.0111111111111111,0,0,0.0561056105610561,0.00626959247648903,0.00496277915632754,0,0,0.0390243902439024,0.0559006211180124,0.00602409638554217,0,0,0.00687285223367698,0,0.00900900900900901,0.032051282051282,0.019774011299435,0.0196078431372549,0.0212164073550212,0,0.0316831683168317,0,0.0248447204968944,0.0430379746835443,0,0,0.0110497237569061,0.0458015267175573,0.00940438871473354,0.0125,0.0157232704402516,0.00277777777777778,0,0.0284974093264249,0.00470219435736677,0,0.046070460704607,0.0417910447761194,0.0626398210290828,0.455,0.00748129675810474,0.0060790273556231,0,0,0.0229226361031519,0,0,0.0275229357798165,0.00869565217391304,0,0,0,0
"Purine metabolism",0.2,0.0335820895522388,0,0.0401785714285714,0.0324675324675325,0,0.0121212121212121,0,0.0432692307692308,0,0,0,0.0103626943005181,0.032967032967033,0.0409090909090909,0,0,0.0246913580246914,0,0.0412844036697248,0,0,0.00858369098712446,0.00377358490566038,0.128865979381443,0.016304347826087,0.0403587443946188,0.0535714285714286,0,0,0.005,0,0,0.0511627906976744,0,0.00510204081632653,0.0652173913043478,0,0,0,0,0,0.0613207547169811,0,0,0,0,0,0,0,0,0,0,0,0,0.0268817204301075,0,0,0,0.00434782608695652,0,0.0358208955223881,0,0,0,0,0,0.0520446096654275,0,0.0348837209302326,0.0416666666666667,0.00995024875621891,0,0,0.0436681222707424,0,0,0.0497237569060773,0,0,0,0,0,0.0177514792899408,0.0138036809815951,0,0,0,0,0,0.0382978723404255,0,0,0.0162162162162162,0,0,0,0,0.0565217391304348,0,0,0,0,0.0461538461538462,0,0,0,0,0.0328947368421053,0,0.0709677419354839,0,0,0,0,0,0.00436681222707424,0,0.00317460317460317,0.0126582278481013,0,0,0,0.0424528301886792,0,0,0,0,0,0,0.0382978723404255,0.0260869565217391,0.00434782608695652,0.0269461077844311,0,0,0.00558659217877095,0,0.0430622009569378,0,0,0.0412844036697248,0,0,0,0,0,0,0,0,0,0.0248447204968944,0,0,0,0,0,0.0576923076923077,0,0.0439024390243902,0.0463917525773196,0,0.00251256281407035,0,0,0,0,0,0,0,0,0,0,0.0262390670553936,0,0,0.0335820895522388,0,0,0,0,0,0,0,0,0,0.0348837209302326,0.0103626943005181,0,0,0.03125,0,0,0,0,0,0.0564516129032258,0.0288461538461538,0.00386100386100386,0.0568720379146919,0,0,0,0.036144578313253,0,0,0,0.00568181818181818,0,0,0,0,0.044280442804428,0.0591397849462366,0,0,0.0829015544041451,0,0,0,0.027190332326284,0.0430622009569378,0.00454545454545455,0.0104712041884817,0,0,0,0.0625,0,0.0121951219512195,0,0,0.0428015564202335,0,0.0111731843575419,0.0526315789473684,0,0,0.0495867768595041,0,0,0.00413223140495868,0,0.00911854103343465,0,0,0,0,0,0,0,0,0.0604395604395604,0,0,0,0,0
"Gastric cancer",0,0.107407407407407,0.00651465798045603,0.0119047619047619,0,0.0573770491803279,0,0,0,0,0,0.227722772277228,0.0483091787439614,0.0201342281879195,0.224390243902439,0,0.0970464135021097,0,0,0.202898550724638,0,0.0167597765363128,0.0118110236220472,0.120622568093385,0,0,0,0.0444444444444444,0,0.0112866817155756,0.259887005649718,0.048582995951417,0.130242825607064,0,0.0121951219512195,0,0.025974025974026,0.116591928251121,0.00892857142857143,0.0807017543859649,0.026378896882494,0.343373493975904,0.00816326530612245,0.0857142857142857,0.100869565217391,0,0,0.241758241758242,0,0.0177215189873418,0.053475935828877,0.0996884735202492,0.246478873239437,0.0549450549450549,0,0.0631578947368421,0.0743494423791822,0,0.0431372549019608,0.0765957446808511,0.331460674157303,0.0221606648199446,0.0477815699658703,0.00628930817610063,0.02,0,0.502347417840376,0.0374149659863946,0.088,0.103053435114504,0.110204081632653,0.0563380281690141,0.0328638497652582,0,0.0740740740740741,0.129707112970711,0,0.0816326530612245,0.0223214285714286,0.159259259259259,0.0571428571428571,0.216931216931217,0.144542772861357,0,0.253211009174312,0.0957854406130268,0.139175257731959,0.0136363636363636,0.0114613180515759,0,0.0682730923694779,0.063953488372093,0,0.05,0.0707964601769911,0.023696682464455,0.0669456066945607,0,0.06,0,0.0740740740740741,0,0.0555555555555556,0,0.0743243243243243,0,0.195571955719557,0,0,0.157894736842105,0,0.0771428571428571,0.176100628930818,0.0686695278969957,0.0355731225296443,0.178378378378378,0,0.0922330097087379,0.0496894409937888,0,0.619565217391304,0.0636942675159236,0.0199335548172757,0.051948051948052,0.136554621848739,0.130177514792899,0.0045662100456621,0,0.0342679127725857,0,0.00757575757575758,0.109144542772861,0.0454545454545455,0.15506329113924,0.120535714285714,0.0654545454545455,0,0.102625298329356,0.00840336134453781,0.03886925795053,0.0264550264550265,0.0289256198347107,0,0,0.247252747252747,0.331210191082803,0.0836653386454183,0.106060606060606,0,0.0542635658914729,0.0352112676056338,0,0,0.00552486187845304,0,0.278260869565217,0,0.0567685589519651,0.201492537313433,0,0,0,0.00477326968973747,0,0,0.127551020408163,0.0091324200913242,0.056547619047619,0.00946372239747634,0.00325732899022801,0,0,0,0.116417910447761,0,0.029045643153527,0.00673400673400673,0,0,0.0552631578947368,0.116129032258065,0.0473186119873817,0.05078125,0,0.114754098360656,0,0.0212014134275618,0,0.0571428571428571,0.0489296636085627,0.0266666666666667,0.154135338345865,0.00773694390715667,0.03,0.125,0.144444444444444,0.0252707581227437,0.082018927444795,0.0143884892086331,0,0.0159362549800797,0.13353115727003,0.0143540669856459,0.12,0.00829875518672199,0,0,0,0,0.0923076923076923,0,0.08,0.239837398373984,0,0.322981366459627,0,0,0,0.0050251256281407,0.0913705583756345,0.138364779874214,0.0810810810810811,0.168269230769231,0,0.241935483870968,0.0526315789473684,0,0.050251256281407,0.0467625899280576,0,0.0561797752808989,0.012396694214876,0.0740740740740741,0,0,0,0.105990783410138,0.228,0.0454545454545455,0,0,0.03515625,0.00884955752212389,0.0925925925925926,0.00655021834061135,0.164609053497942,0.0994764397905759,0,0.100456621004566,0.191919191919192,0,0,0,0.282485875706215,0,0,0,0
"Central carbon metabolism in cancer",0,0.116751269035533,0,0,0.0408163265306122,0.0170454545454545,0,0.0824742268041237,0.0126582278481013,0.0210526315789474,0,0.190140845070423,0.0615384615384615,0.0227272727272727,0.0552147239263804,0,0.23972602739726,0.0480769230769231,0,0.148648648648649,0,0,0.133757961783439,0.12972972972973,0,0.0236220472440945,0,0.0531914893617021,0,0,0.190082644628099,0.0227272727272727,0.0852130325814536,0,0,0,0.0349344978165939,0.156462585034014,0.00775193798449612,0.00881057268722467,0.0264705882352941,0.210084033613445,0.0120481927710843,0.0567375886524823,0.0165137614678899,0,0.0275229357798165,0.195121951219512,0,0.0157232704402516,0.168316831683168,0.08300395256917,0.104417670682731,0.0717948717948718,0,0.035031847133758,0.0552763819095477,0,0.0388888888888889,0.0740740740740741,0.161764705882353,0.0247349823321555,0.0458715596330275,0.00416666666666667,0.0292397660818713,0,0.110599078341014,0.0414746543778802,0.102857142857143,0.0994764397905759,0.109195402298851,0.0138888888888889,0.0367647058823529,0,0.0898203592814371,0.123529411764706,0,0.117647058823529,0.0135135135135135,0.0934579439252336,0.0843373493975904,0.217741935483871,0.099644128113879,0,0.0633802816901408,0.106951871657754,0.163934426229508,0.0285714285714286,0.00735294117647059,0,0.0935672514619883,0.0590405904059041,0,0.0650406504065041,0.0716981132075472,0,0.1,0,0.0333333333333333,0,0.0958904109589041,0,0.0655021834061135,0,0.0765765765765766,0,0.00823045267489712,0,0,0.175,0.0186915887850467,0.0797101449275362,0.11340206185567,0.0897435897435897,0.0280898876404494,0.188034188034188,0,0.106060606060606,0.0277777777777778,0.0842105263157895,0.134715025906736,0.0580912863070539,0.027027027027027,0.0580645161290323,0.0428893905191874,0.131313131313131,0,0,0.0242914979757085,0,0.0218579234972678,0.0839416058394161,0.0419161676646707,0.0792452830188679,0.0955414012738854,0.0646766169154229,0.0423728813559322,0.0758426966292135,0.00625,0.053921568627451,0.0334448160535117,0.0493827160493827,0,0,0.147286821705426,0.214953271028037,0.115606936416185,0.147540983606557,0,0.0782122905027933,0.0141509433962264,0.0188679245283019,0,0.00980392156862745,0,0.113989637305699,0,0.0723684210526316,0.0631578947368421,0.0194805194805195,0,0,0.00293255131964809,0,0.127551020408163,0,0.0142857142857143,0.0656370656370656,0,0,0.0217391304347826,0,0,0.0766423357664234,0.0520833333333333,0.0496894409937888,0.00917431192660551,0,0,0.0420711974110032,0.0897959183673469,0.0497925311203319,0.0734463276836158,0,0.155688622754491,0,0.0144927536231884,0.169491525423729,0.0843373493975904,0.0645161290322581,0.02,0.106796116504854,0.00454545454545455,0,0.0722543352601156,0.100478468899522,0.025,0.0688259109311741,0.015,0,0,0.0860215053763441,0,0.104395604395604,0.0123456790123457,0,0,0,0,0.0789473684210526,0,0.0379746835443038,0.0226244343891403,0,0.0075187969924812,0,0,0,0,0.152542372881356,0.101167315175097,0.102739726027397,0.0860927152317881,0,0.100961538461538,0.0629139072847682,0,0.0833333333333333,0.054726368159204,0.0480769230769231,0.101010101010101,0.0121951219512195,0.0603015075376884,0,0,0,0.158273381294964,0.00440528634361234,0.0648648648648649,0,0,0.0391061452513966,0.0136054421768707,0.0456273764258555,0.00526315789473684,0.108695652173913,0.15929203539823,0.0825688073394495,0.125,0.162962962962963,0.0510204081632653,0,0,0.15625,0,0,0,0
"Epithelial cell signaling in Helicobacter pylori infection",0,0.0328638497652582,0.013215859030837,0,0,0,0,0,0.00628930817610063,0,0,0.0432098765432099,0,0.0180995475113122,0,0,0.0284090909090909,0,0.135869565217391,0.0691823899371069,0.108527131782946,0.0404040404040404,0,0.0195121951219512,0,0,0.00574712643678161,0.03125,0,0.0193370165745856,0.0285714285714286,0.0909090909090909,0.0188235294117647,0,0,0.00719424460431655,0,0.0429447852760736,0.0833333333333333,0,0.0294985250737463,0.0140845070422535,0,0.0275862068965517,0.022140221402214,0,0,0.0208333333333333,0.127450980392157,0.0189274447949527,0.0350877192982456,0.0378787878787879,0.0576923076923077,0.105820105820106,0,0.0124610591900312,0.0552763819095477,0,0.0685714285714286,0.10828025477707,0.0463576158940397,0.00346020761245675,0.0704225352112676,0.0524017467248908,0.0352941176470588,0,0.0168776371308017,0.0134529147982063,0.109195402298851,0.0194174757281553,0.0546448087431694,0.00689655172413793,0.0763358778625954,0,0.04,0.0977011494252874,0,0,0.0563380281690141,0.0883720930232558,0.0465116279069767,0.0342465753424658,0.0546075085324232,0,0.0307167235494881,0.0615384615384615,0.0757575757575758,0.0140845070422535,0.0873015873015873,0,0,0.0996168582375479,0,0.00769230769230769,0.0716981132075472,0.0223880597014925,0.121019108280255,0,0.0108695652173913,0,0.0126582278481013,0,0.0382978723404255,0,0.00843881856540084,0.0672268907563025,0.0208333333333333,0,0,0.0444444444444444,0,0.075812274368231,0,0.0365853658536585,0.0828402366863905,0.0373134328358209,0,0.00689655172413793,0,0,0.00921658986175115,0.0323886639676113,0.0410958904109589,0.0860927152317881,0.024390243902439,0.037037037037037,0.0143884892086331,0,0.0905172413793103,0,0,0.0607142857142857,0.0419161676646707,0.0177935943060498,0.102564102564103,0.0862944162436548,0,0.0186170212765957,0,0.0141509433962264,0.069204152249135,0.0625,0,0,0.0802919708029197,0.00775193798449612,0.0546448087431694,0.09375,0,0,0.102564102564103,0,0,0,0,0.018957345971564,0,0.01875,0.0889487870619946,0,0,0,0.0148367952522255,0,0.0091324200913242,0.0142857142857143,0,0.037593984962406,0.0126050420168067,0.0132743362831858,0,0,0,0.0424028268551237,0,0.0119760479041916,0.0328638497652582,0,0,0.0697674418604651,0.103305785123967,0.0411522633744856,0.130952380952381,0,0.0157894736842105,0.0547945205479452,0.0194174757281553,0,0.111111111111111,0.0393700787401575,0.0132450331125828,0.0316742081447964,0.0137614678899083,0,0.06,0.036036036036036,0,0.0819672131147541,0.0357142857142857,0,0.0864197530864197,0.0202020202020202,0.00757575757575758,0.0748663101604278,0.100671140939597,0,0,0.0256410256410256,0,0.0301507537688442,0,0.0379746835443038,0.00444444444444444,0,0,0,0,0,0.00833333333333333,0,0.0366300366300366,0.0125786163522013,0.0445859872611465,0,0.0751173708920188,0.0771812080536913,0,0,0.0816326530612245,0,0,0.129251700680272,0,0,0,0,0.0952380952380952,0,0.0368421052631579,0,0,0.00540540540540541,0.0955882352941176,0.0784313725490196,0.0105820105820106,0.0515463917525773,0.0737704918032787,0,0.0657894736842105,0.0753424657534247,0,0.0426829268292683,0,0.049645390070922,0,0,0,0
"Diabetic cardiomyopathy",0,0.0598802395209581,0.0459770114942529,0.0333333333333333,0.00425531914893617,0.0262295081967213,0,0,0.0103092783505155,0.00434782608695652,0,0.0594405594405594,0.0542635658914729,0.0813253012048193,0.0408163265306122,0,0.101398601398601,0.00829875518672199,0.394308943089431,0.0742049469964664,0.0335820895522388,0.0128205128205128,0.0648464163822526,0.0786163522012579,0.0102389078498294,0.00763358778625954,0.0404040404040404,0.0775,0,0.0100401606425703,0.0490566037735849,0.0501672240802676,0.0461254612546125,0.0448275862068966,0.0340136054421769,0.0378787878787879,0.0784883720930233,0.0704225352112676,0.0506666666666667,0.0168067226890756,0.364406779661017,0.0411985018726592,0.0413793103448276,0.0290909090909091,0.24187725631769,0,0,0.0725190839694656,0.0196078431372549,0.0110619469026549,0.0723404255319149,0.0652741514360313,0.0877659574468085,0.0685358255451713,0,0.0600461893764434,0.0487804878048781,0,0.0771812080536913,0.107913669064748,0.0895522388059701,0.0392156862745098,0.392307692307692,0.0135135135135135,0.0163934426229508,0,0.0653409090909091,0.0465116279069767,0.0651465798045603,0.0617283950617284,0.09,0.003584229390681,0.0576923076923077,0,0.0604026845637584,0.0906040268456376,0,0.0553359683794466,0.0557620817843866,0.0887573964497041,0.145985401459854,0.0594795539033457,0.0522565320665083,0,0.0634005763688761,0.0524691358024691,0.0823529411764706,0.0296296296296296,0.0277078085642317,0,0.07,0.102094240837696,0.00813008130081301,0.0271317829457364,0.0636132315521628,0.0265151515151515,0.0689655172413793,0,0.0256410256410256,0,0.0535211267605634,0,0.052924791086351,0.0407407407407407,0.0303867403314917,0.00772200772200772,0.0498614958448753,0,0,0.0576923076923077,0,0.43046357615894,0,0.0592334494773519,0.053156146179402,0.05,0,0.037037037037037,0.00769230769230769,0,0.0412979351032448,0.0428954423592493,0.0523255813953488,0.0681003584229391,0.292841648590022,0.00819672131147541,0.00732600732600733,0,0.0544959128065395,0,0.0222929936305732,0.0694789081885856,0.0769230769230769,0.0421836228287841,0.16793893129771,0.0977917981072555,0,0.031936127744511,0.00340136054421769,0.104430379746835,0.0522565320665083,0.105454545454545,0,0,0.0972762645914397,0.0476190476190476,0.108474576271186,0.078740157480315,0.0103092783505155,0.0616883116883117,0.0449101796407186,0.00833333333333333,0,0.00423728813559322,0,0.0512048192771084,0,0.0241379310344828,0.0346153846153846,0.0505415162454874,0.0294117647058824,0,0.307692307692308,0,0.056547619047619,0.0656370656370656,0.037593984962406,0,0.00806451612903226,0,0.00440528634361234,0,0,0.0778894472361809,0.0307017543859649,0.0520833333333333,0.212328767123288,0,0,0.0387243735763098,0.0580474934036939,0.0431266846361186,0.0657894736842105,0,0.0827814569536424,0.00699300699300699,0.036144578313253,0.0149253731343284,0.0680272108843537,0.111731843575419,0.30952380952381,0.107033639143731,0.220338983050847,0.00384615384615385,0.0498960498960499,0.04,0.0398773006134969,0.0613333333333333,0.0801282051282051,0.0238907849829352,0.0130718954248366,0.0380047505938242,0,0.116666666666667,0.0311418685121107,0.00983606557377049,0,0.00793650793650794,0.00393700787401575,0.036697247706422,0,0.0205479452054795,0.0344827586206897,0.0300751879699248,0.00374531835205993,0,0,0,0.00393700787401575,0.0671936758893281,0.0664961636828645,0.0573476702508961,0.0456140350877193,0.00613496932515337,0.0552325581395349,0.0655737704918033,0,0.051792828685259,0.0880503144654088,0.00829875518672199,0.0565217391304348,0.0380622837370242,0.0422960725075529,0.0158730158730159,0.0278884462151394,0.00784313725490196,0.0649819494584837,0.0342857142857143,0.0852459016393443,0.00349040139616056,0.0297872340425532,0.0223642172523962,0.0328467153284672,0.051413881748072,0.283582089552239,0.0903225806451613,0.0816326530612245,0.0120481927710843,0.0571428571428571,0.0817843866171004,0,0,0.026615969581749,0.0681818181818182,0,0,0,0
"Protein processing in endoplasmic reticulum",0,0,0.0313479623824451,0,0,0.0109090909090909,0,0,0,0,0,0.0190114068441065,0.00423728813559322,0.00934579439252336,0,0,0.00719424460431655,0,0,0.0189393939393939,0.0168067226890756,0.0306122448979592,0.0036231884057971,0.00983606557377049,0,0,0,0.00763358778625954,0,0,0.00829875518672199,0.0182481751824818,0.0114068441064639,0.0075187969924812,0,0.00843881856540084,0.00598802395209581,0.0112781954887218,0.0227920227920228,0.00923076923076923,0.037037037037037,0.00829875518672199,0,0,0.046474358974359,0,0,0.00819672131147541,0.0185758513931889,0.0119904076738609,0.014018691588785,0.0135869565217391,0,0.0165016501650165,0,0,0.0439189189189189,0,0,0.0148698884758364,0.0239043824701195,0,0.0380952380952381,0.0149253731343284,0.0377358490566038,0.0458333333333333,0.00890207715133531,0,0.0138888888888889,0.0369127516778524,0.0174216027874564,0.00823045267489712,0.0169491525423729,0,0.0181159420289855,0.0283687943262411,0,0.0265486725663717,0,0.0277777777777778,0.0108695652173913,0.00806451612903226,0.00740740740740741,0,0.0203193033381713,0.0551724137931034,0.0126050420168067,0,0.0275482093663912,0,0.00704225352112676,0.0722222222222222,0,0,0.0351351351351351,0,0.0110294117647059,0,0.0106382978723404,0,0.0210843373493976,0,0.014792899408284,0,0.0029673590504451,0.036697247706422,0.0177514792899408,0,0,0.00418410041841004,0,0.0153452685421995,0.00975609756097561,0,0.032967032967033,0,0,0.016597510373444,0.00561797752808989,0,0.00632911392405063,0,0.00306748466257669,0.0193798449612403,0.0293577981651376,0,0,0,0.0144092219020173,0,0,0.0179948586118252,0,0.0158311345646438,0.018796992481203,0.0162337662337662,0,0.00416666666666667,0,0.0295081967213115,0.00740740740740741,0.0112781954887218,0,0,0.0206611570247934,0.00881057268722467,0.0245614035087719,0.0170212765957447,0,0,0.0161812297734628,0,0,0,0,0,0,0,0.006,0.0078740157480315,0.0251046025104603,0,0.0450236966824645,0,0.00946372239747634,0,0.0126050420168067,0.00806451612903226,0,0,0,0.0769230769230769,0,0.0207253886010363,0,0,0.00949367088607595,0,0,0.0293398533007335,0.0194986072423398,0.0232558139534884,0.0284697508896797,0,0,0,0.00980392156862745,0,0.0145454545454545,0,0.00247524752475248,0.00615384615384615,0.0403846153846154,0.00892857142857143,0.0284463894967177,0.0154320987654321,0,0,0.0168350168350168,0,0.00732600732600733,0,0,0.0204081632653061,0.0115384615384615,0,0,0.00921658986175115,0,0,0,0,0.00619195046439629,0,0.00865800865800866,0,0,0,0,0,0,0.0116731517509728,0.0154440154440154,0,0.00305810397553517,0.037037037037037,0,0,0.0332225913621262,0,0,0.0271317829457364,0,0,0,0,0,0,0,0,0,0,0.0122448979591837,0.0274725274725275,0.0169133192389006,0.01,0,0,0,0.0158730158730159,0,0,0.00858369098712446,0.00816326530612245,0,0,0,0.0149253731343284
"Cell adhesion molecules",0,0,0,0.0313725490196078,0,0.00377358490566038,0,0,0,0,0,0,0,0,0,0,0,0,0,0,0,0,0,0.00338983050847458,0,0,0,0,0,0.00662251655629139,0,0.0637450199203187,0.015625,0,0.0321285140562249,0,0,0,0,0,0.00460829493087558,0.00434782608695652,0,0.00854700854700855,0,0.00819672131147541,0,0,0.0856164383561644,0.0148514851485149,0,0.0226628895184136,0.0140056022408964,0.0206896551724138,0,0,0.00337837837837838,0,0.170940170940171,0,0,0.00265957446808511,0,0.096989966555184,0,0.116822429906542,0,0,0.037037037037037,0,0,0,0,0,0,0,0.0878661087866109,0,0.0871559633027523,0,0.0037593984962406,0,0,0,0.00582241630276565,0,0,0,0.0776119402985075,0,0,0.016304347826087,0,0,0.0192307692307692,0.0717703349282297,0,0,0,0,0,0,0.0507936507936508,0,0,0.00943396226415094,0,0,0,0,0,0,0.00515463917525773,0.00390625,0.0756972111553785,0.00444444444444444,0,0,0,0,0,0.0208955223880597,0.00638977635782748,0,0,0.00505050505050505,0.14572864321608,0,0.0526315789473684,0,0,0.0185676392572944,0.00772200772200772,0,0.01171875,0,0,0,0,0,0.00253164556962025,0,0,0,0,0.00462962962962963,0,0,0.0421940928270042,0,0,0,0,0,0,0,0,0,0.0293501048218029,0,0,0.134078212290503,0,0,0.00325732899022801,0,0.0132743362831858,0,0,0,0,0,0,0.0730337078651685,0,0,0,0,0,0.00245098039215686,0.023121387283237,0.0725552050473186,0.0109489051094891,0.152046783625731,0.003584229390681,0,0,0,0.0113636363636364,0.0144508670520231,0,0.0194174757281553,0,0,0,0.0856164383561644,0,0,0,0,0.0154440154440154,0.029023746701847,0,0,0.0680851063829787,0,0,0,0,0.0318021201413428,0.00452488687782805,0.0286885245901639,0,0,0,0,0,0,0.142857142857143,0,0.0136986301369863,0,0.0120967741935484,0,0,0.00245700245700246,0,0,0.0310344827586207,0,0,0,0.00336700336700337,0,0,0,0.0163934426229508,0.00638977635782748,0.00353356890459364,0,0.015625,0,0.0128755364806867,0.0741839762611276,0,0,0,0,0.00403225806451613,0,0,0,0,0,0,0,0,0
"Arginine biosynthesis",0.0125,0,0.0167597765363128,0.0078740157480315,0,0,0,0,0.0275229357798165,0,0,0,0,0,0,0,0.0152671755725191,0,0,0,0,0,0,0,0,0,0,0,0.0535714285714286,0,0,0,0.00260416666666667,0,0.00826446280991736,0,0.00531914893617021,0,0,0,0,0,0.00840336134453781,0,0.00396825396825397,0,0,0,0.00552486187845304,0,0,0,0,0,0,0.0109489051094891,0,0,0,0.008,0,0.004149377593361,0,0,0,0,0,0.00564971751412429,0,0.0062111801242236,0,0,0,0,0,0,0,0,0.0099009900990099,0,0.00763358778625954,0,0,0,0.0018018018018018,0,0,0,0,0,0,0.00420168067226891,0,0.0121951219512195,0,0,0,0,0,0,0,0,0,0,0,0,0,0,0,0,0,0,0,0,0.00746268656716418,0,0,0,0,0,0,0,0.0112359550561798,0,0.00485436893203883,0,0.0108695652173913,0,0.00490196078431373,0,0.0220588235294118,0,0.024390243902439,0,0.00813008130081301,0,0.0416666666666667,0.00600600600600601,0,0,0,0,0,0,0,0,0.00694444444444444,0,0,0,0,0.304347826086957,0,0,0,0,0,0,0,0,0,0,0,0,0,0.0217391304347826,0,0.00440528634361234,0,0,0,0,0,0,0,0,0,0,0,0,0,0,0,0,0,0,0,0,0,0,0,0,0.00510204081632653,0,0,0,0,0,0,0.00854700854700855,0,0,0,0.02,0,0,0,0,0.123076923076923,0,0,0,0,0,0,0.0188679245283019,0,0,0,0,0,0,0.00869565217391304,0,0,0,0,0,0.0123456790123457,0,0,0,0.01875,0,0,0,0,0,0.00675675675675676,0,0,0,0.01,0,0,0,0.0121951219512195,0,0,0,0,0,0,0,0,0,0,0
"N-Glycan biosynthesis",0,0,0,0,0,0,0,0,0,0,0,0,0,0,0,0,0,0,0,0,0,0,0,0,0,0,0,0,0,0,0,0,0,0,0,0,0,0,0,0,0,0,0,0,0,0,0,0,0,0,0,0,0,0,0,0,0,0,0,0,0,0,0,0,0,0,0,0,0,0,0,0,0,0.00862068965517241,0,0,0,0,0,0,0,0,0,0,0,0,0,0,0,0,0,0,0,0,0,0,0,0,0,0,0,0,0,0,0,0,0,0,0,0,0,0,0,0,0,0,0,0,0,0.0238095238095238,0,0,0,0,0,0,0,0,0,0.0547945205479452,0,0,0,0,0,0,0,0,0,0,0,0,0,0,0,0,0,0,0,0,0,0,0,0,0,0,0,0,0,0,0,0,0,0,0,0,0,0,0.0769230769230769,0,0,0,0,0,0,0,0,0,0,0,0,0,0,0,0,0,0,0,0,0,0,0,0,0,0,0,0,0,0,0,0,0,0,0,0,0,0,0,0,0,0,0,0,0,0,0,0,0,0,0,0,0,0,0,0,0,0,0,0,0,0,0,0,0,0,0,0,0,0,0,0,0,0,0,0,0,0,0,0,0,0,0,0,0,0,0.0379746835443038,0,0
"Metabolism of xenobiotics by cytochrome P450",0,0,0,0,0,0,0,0,0,0,0.211111111111111,0.00568181818181818,0,0,0,0,0,0,0,0.0229885057471264,0,0,0,0,0,0.189655172413793,0,0,0.0952380952380952,0,0,0,0,0,0,0,0,0,0,0,0,0,0,0,0,0,0,0,0,0,0,0,0,0,0,0,0,0.0254237288135593,0,0,0,0,0.00425531914893617,0,0,0,0.0873362445414847,0,0,0,0,0,0,0.245614035087719,0,0,0,0,0,0,0,0,0,0,0.0337837837837838,0,0,0,0,0,0,0.0172413793103448,0.0608695652173913,0,0,0,0,0,0,0,0,0.00943396226415094,0,0,0,0,0,0,0,0,0,0.0967741935483871,0,0,0,0,0,0.149253731343284,0,0,0,0,0,0,0,0,0,0.707865168539326,0,0,0,0,0,0.176,0,0,0,0.00256410256410256,0.149659863945578,0,0,0,0,0.179245283018868,0,0,0,0,0,0,0.0372093023255814,0,0.3125,0,0,0,0.0380952380952381,0,0,0,0,0,0,0,0,0,0,0,0,0,0,0,0,0,0,0,0,0,0.0280373831775701,0,0,0,0,0,0,0,0,0.0735294117647059,0,0,0,0,0,0,0,0,0,0,0,0,0,0,0,0,0,0,0.210526315789474,0,0,0,0,0,0,0,0,0,0.367521367521368,0.0306122448979592,0,0,0,0,0,0,0,0,0.0441176470588235,0,0.1,0,0,0,0,0,0,0.0155038759689922,0,0,0,0,0,0.0264550264550265,0,0,0,0,0,0.0588235294117647,0,0,0,0,0,0,0,0,0.595744680851064,0
"Human T-cell leukemia virus 1 infection",0,0.0749279538904899,0.0493150684931507,0.0511182108626198,0,0.0473186119873817,0,0,0.0398671096345515,0,0,0.162454873646209,0.0738007380073801,0.0769230769230769,0.0906040268456376,0,0.0705128205128205,0,0,0.161870503597122,0.0385964912280702,0.0281124497991968,0.0816993464052288,0.0741839762611276,0.0396039603960396,0,0.0282131661442006,0.108374384236453,0,0.044,0.112359550561798,0.206521739130435,0.0973782771535581,0.0733333333333333,0.0157232704402516,0.0772058823529412,0.123919308357349,0.0730897009966777,0.0508905852417303,0.164634146341463,0.0889370932754881,0.104089219330855,0.0524590163934426,0.023728813559322,0.0443131462333826,0.00321543408360129,0,0.102941176470588,0.0668523676880223,0.0303030303030303,0.0544747081712062,0.0648379052369077,0.0726817042606516,0.103658536585366,0,0.0575221238938053,0.134375,0,0.0303030303030303,0.135416666666667,0.126811594202899,0.0522565320665083,0.0672268907563025,0.0287206266318538,0.0378548895899054,0.101083032490975,0.112994350282486,0.0953757225433526,0.157190635451505,0.127329192546584,0.164983164983165,0.0640569395017794,0.0537634408602151,0,0.171328671328671,0.0955414012738854,0.0584415584415584,0.0957854406130268,0.105839416058394,0.240384615384615,0.099009900990099,0.0780141843971631,0.0744186046511628,0.0509803921568627,0.133233532934132,0.114551083591331,0.100746268656716,0.0136518771331058,0.0440097799511002,0,0.122112211221122,0.111111111111111,0,0.0252707581227437,0.15,0.106870229007634,0.142361111111111,0.0040650406504065,0.090032154340836,0,0.0679347826086956,0,0.150724637681159,0.0416666666666667,0.0858725761772853,0.0256410256410256,0.0727762803234501,0,0,0.0970149253731343,0,0.0920096852300242,0.0481927710843374,0.0419354838709677,0.12751677852349,0.114503816793893,0,0.0678571428571429,0.0510204081632653,0,0.0909090909090909,0.0542635658914729,0.032520325203252,0.100694444444444,0.0714285714285714,0.0685483870967742,0.0970149253731343,0,0.118457300275482,0,0.059190031152648,0.212938005390836,0.0721311475409836,0.131443298969072,0.136363636363636,0.143302180685358,0,0.0634920634920635,0.0431893687707641,0.0697674418604651,0.0620689655172414,0.0766666666666667,0,0,0.162162162162162,0.0926640926640927,0.0846394984326019,0.0851851851851852,0,0.0646153846153846,0.0514285714285714,0,0,0,0,0.0697674418604651,0,0.063973063973064,0.132113821138211,0.0801393728222996,0.0833333333333333,0.0979591836734694,0.0377358490566038,0.0262390670553936,0.116417910447761,0.0766423357664234,0.0424028268551237,0.0778894472361809,0.0207253886010363,0.0730337078651685,0,0,0,0,0,0.0254777070063694,0.047752808988764,0,0,0.0626398210290828,0.176470588235294,0.13091922005571,0.147157190635452,0.100418410041841,0.0880503144654088,0.0233333333333333,0.137931034482759,0,0.099009900990099,0.0637755102040816,0.0527522935779817,0.241042345276873,0.0205831903945112,0.0181818181818182,0.107822410147992,0.106936416184971,0.0467836257309941,0.094488188976378,0.072289156626506,0.0390879478827362,0.0681818181818182,0.0434782608695652,0.0141843971631206,0.172185430463576,0.182835820895522,0,0,0.06640625,0,0.098159509202454,0.0249110320284698,0.0258899676375405,0.114705882352941,0.0390070921985816,0.0105633802816901,0,0,0,0.096,0.0625,0.0738916256157636,0.141818181818182,0.116197183098592,0.00596125186289121,0.0611111111111111,0.0748299319727891,0,0.0842911877394636,0.0798816568047337,0,0.0396825396825397,0.0598006644518272,0.0833333333333333,0.014760147601476,0.0183823529411765,0.0454545454545455,0.15018315018315,0.0381471389645777,0.0802469135802469,0.00168634064080944,0.0116279069767442,0.0303951367781155,0.0413793103448276,0.209039548022599,0.0469667318982387,0.126182965299685,0.0881226053639847,0,0.117021276595745,0.0954063604240283,0,0.0285714285714286,0.0823970037453183,0.171206225680934,0,0,0,0.00389105058365759
"Citrate cycle (TCA cycle)",0,0,0,0,0,0,0.0147058823529412,0,0,0,0,0,0,0,0,0.012987012987013,0.0218978102189781,0,0.024390243902439,0,0,0,0.0378787878787879,0.0120481927710843,0,0.0229885057471264,0,0,0,0,0,0,0.00512820512820513,0,0,0,0,0,0,0,0.0131578947368421,0,0,0,0.00785854616895874,0,0.0142857142857143,0,0,0,0,0,0,0,0,0,0,0.0285714285714286,0,0,0,0,0.0218579234972678,0,0,0,0,0,0,0,0,0,0.0204081632653061,0,0,0,0,0,0,0,0.0145985401459854,0,0,0,0.00177935943060498,0,0,0,0,0,0,0,0,0,0,0,0,0,0,0,0,0,0,0,0,0,0,0.021978021978022,0,0.0101010101010101,0,0.0158102766798419,0,0,0,0,0,0,0,0,0,0,0,0,0.00959232613908873,0,0,0,0,0,0,0,0,0,0,0,0.025,0,0,0,0,0,0,0,0,0,0,0,0,0.0133333333333333,0,0,0,0,0,0,0,0,0,0,0,0,0.0134680134680135,0,0,0.0520833333333333,0,0.0307017543859649,0,0,0,0,0,0,0,0,0,0,0,0,0,0,0,0,0,0,0,0.0777777777777778,0,0,0.0153256704980843,0,0.0100755667506297,0,0,0,0,0,0,0,0,0,0,0,0,0,0,0,0,0,0,0,0.00543478260869565,0,0,0.109090909090909,0,0,0,0,0,0,0,0,0,0,0,0,0,0,0,0,0,0,0,0,0,0,0,0,0,0,0,0,0.0118694362017804,0.0124223602484472,0,0.166666666666667,0,0,0.0689655172413793,0,0,0,0,0,0,0
"Phosphatidylinositol signaling system",0,0.122727272727273,0,0,0,0,0,0,0.016304347826087,0,0,0.0425531914893617,0.114864864864865,0.05,0.0756756756756757,0,0.0612244897959184,0,0,0.0368421052631579,0,0,0.0732984293193717,0.0727272727272727,0.0161290322580645,0,0.0520833333333333,0.0485436893203883,0,0,0.0754716981132075,0.00485436893203883,0.0199556541019956,0.0949720670391061,0,0.0636942675159236,0.056,0.138728323699422,0.025,0,0.0273224043715847,0.049079754601227,0.0893854748603352,0.0414201183431953,0.0338078291814947,0,0,0.12987012987013,0.00784313725490196,0.00864553314121038,0.0507246376811594,0.0487804878048781,0.0559440559440559,0.0488888888888889,0,0.0830769230769231,0.0304347826086957,0,0.0594059405940594,0.0578947368421053,0.0393258426966292,0.0359477124183007,0.0282258064516129,0,0,0,0.0509803921568627,0.0720338983050847,0.0377358490566038,0.0972222222222222,0.0945273631840796,0.00581395348837209,0,0,0.0346534653465347,0.0792079207920792,0,0.0457516339869281,0.00568181818181818,0.0398406374501992,0.0454545454545455,0.0787878787878788,0.0632911392405063,0,0.0395387149917628,0.0446428571428571,0.0432098765432099,0.554545454545455,0,0,0.0862944162436548,0.0716723549488055,0,0.0675675675675676,0.0761245674740484,0,0.0972972972972973,0,0.0492610837438424,0,0.0511811023622047,0,0.0343511450381679,0.10828025477707,0.027027027027027,0,0.0264150943396226,0,0.0583333333333333,0.0434782608695652,0,0.0252365930599369,0,0.0944444444444444,0,0.0440251572327044,0.0695187165775401,0.0421686746987952,0.025089605734767,0,0.0336134453781513,0.0367647058823529,0,0.0914285714285714,0.0471092077087794,0,0,0,0.0294117647058824,0,0.0490196078431373,0.08,0.0748663101604278,0.033003300330033,0.105555555555556,0.0478260869565217,0,0.0327455919395466,0,0.0803571428571429,0.037037037037037,0.152046783625731,0,0,0.0416666666666667,0.0536912751677852,0.0731707317073171,0.0705128205128205,0,0.0328638497652582,0,0,0,0.00775193798449612,0,0.0297872340425532,0,0.0555555555555556,0.0189125295508274,0.0454545454545455,0.0613496932515337,0,0.0307262569832402,0,0.029045643153527,0.0496894409937888,0.0119760479041916,0.0520833333333333,0,0,0,0,0,0.0254777070063694,0,0,0.0421940928270042,0,0,0.0204678362573099,0.072992700729927,0.0256410256410256,0.0333333333333333,0,0.105527638190955,0,0.0486725663716814,0,0.035,0.0581818181818182,0,0.0759493670886076,0.00428265524625268,0,0.00759493670886076,0.028,0.0790697674418605,0.0505415162454874,0.07981220657277,0.0965909090909091,0.015,0.0443037974683544,0,0.0555555555555556,0.00526315789473684,0,0,0,0,0.0545454545454545,0,0,0.0284552845528455,0.0915032679738562,0,0,0,0,0,0.116438356164384,0.0801393728222996,0.0386740331491713,0.0437158469945355,0.0129151291512915,0.0448979591836735,0.0674846625766871,0,0.0466666666666667,0.0622222222222222,0,0.0793650793650794,0,0.0672645739910314,0,0.0486111111111111,0,0.0502793296089385,0,0.0717703349282297,0,0.0546875,0.0492610837438424,0.0414201183431953,0.0272108843537415,0.0148883374689826,0.0358744394618834,0.0821917808219178,0,0.0617977528089888,0.0697674418604651,0,0,0.0448717948717949,0.0416666666666667,0.0657894736842105,0,0,0
"Retrograde endocannabinoid signaling",0,0.0642857142857143,0.00983606557377049,0.0672268907563025,0,0.00784313725490196,0,0,0.36,0,0,0.00816326530612245,0.119170984455959,0.113970588235294,0.116071428571429,0,0.0196850393700787,0,0.200836820083682,0.092511013215859,0.0327102803738318,0.0168539325842697,0.0491803278688525,0.028673835125448,0.348314606741573,0,0.0858369098712446,0.0806916426512968,0,0,0.0230414746543779,0.036144578313253,0.0407331975560081,0.138248847926267,0.0163934426229508,0.0634146341463415,0.0899653979238754,0.0333333333333333,0.0496894409937888,0,0.18941504178273,0.00909090909090909,0.287958115183246,0,0.144927536231884,0,0,0.0227272727272727,0,0,0.0481283422459893,0.0232558139534884,0.0443786982248521,0.036101083032491,0,0.0775401069518717,0.0105263157894737,0,0.0392156862745098,0.0815450643776824,0.0216450216450216,0.115151515151515,0.186046511627907,0.0224358974358974,0.0119521912350598,0,0.0159235668789809,0.142857142857143,0.0343511450381679,0.120622568093385,0.168103448275862,0,0.0138888888888889,0,0.101694915254237,0.0346153846153846,0,0.0603015075376884,0.0363636363636364,0.04,0.015748031496063,0.0223214285714286,0.0779944289693593,0.0320855614973262,0.0723270440251572,0.0288808664259928,0.042654028436019,0.018348623853211,0.0262390670553936,0,0.255924170616114,0.0428571428571429,0,0.117647058823529,0.113846153846154,0,0.0539419087136929,0,0.11864406779661,0,0.029126213592233,0,0.0125786163522013,0.130653266331658,0,0,0.0419354838709677,0,0.0113636363636364,0.00921658986175115,0,0.178683385579937,0.0108695652173913,0.0205761316872428,0.0524193548387097,0.00930232558139535,0,0.00900900900900901,0.0870967741935484,0,0.00677966101694915,0.018348623853211,0.0234113712374582,0.169082125603865,0.141649048625793,0.0106382978723404,0,0,0.0279503105590062,0,0.286407766990291,0.157407407407407,0.05,0.0769230769230769,0.0638297872340425,0.0428571428571429,0,0.0131868131868132,0.052863436123348,0.0693430656934307,0.032,0.137614678899083,0,0,0.0226244343891403,0.00970873786407767,0.0796812749003984,0.0480769230769231,0,0,0.0244755244755245,0,0,0,0,0.0209059233449477,0,0.14218009478673,0.0126050420168067,0.119047619047619,0.114427860696517,0,0.16991643454039,0.0335820895522388,0.00673400673400673,0.00917431192660551,0.0328638497652582,0.212328767123288,0.00949367088607595,0,0,0,0,0.047752808988764,0,0.0421940928270042,0,0,0,0.0230179028132992,0.0952380952380952,0,0.0387596899224806,0,0.0463320463320463,0,0.0786516853932584,0,0.036144578313253,0.0395136778115502,0.207547169811321,0.0337837837837838,0.118279569892473,0.0148514851485149,0.0515222482435597,0.0065359477124183,0.114173228346457,0.132450331125828,0.243362831858407,0.104072398190045,0.00793650793650794,0.00793650793650794,0,0.202586206896552,0.0386266094420601,0,0,0.0421052631578947,0,0.0179856115107914,0,0.00833333333333333,0.105454545454545,0.101010101010101,0,0,0,0,0,0.10880829015544,0.0840840840840841,0.052863436123348,0.004149377593361,0.0118043844856661,0.0165562913907285,0.0417754569190601,0.004739336492891,0.0890052356020942,0.0247349823321555,0,0.0274725274725275,0.0427350427350427,0.17004048582996,0,0.0687830687830688,0.0691489361702128,0.0257510729613734,0,0.117886178861789,0.0527383367139959,0.0449438202247191,0.245283018867925,0.0558139534883721,0.0202312138728324,0.158690176322418,0.0367647058823529,0.050251256281407,0,0.0126582278481013,0.0352422907488987,0,0,0.126315789473684,0.00892857142857143,0.00471698113207547,0,0.0045662100456621,0
"alpha-Linolenic acid metabolism",0,0.0416666666666667,0.0393258426966292,0,0,0,0,0,0,0,0,0,0,0,0,0.0136986301369863,0,0,0,0,0,0,0,0,0,0,0.092436974789916,0.008,0,0,0,0,0,0,0,0,0,0.0593220338983051,0,0,0,0,0,0,0,0,0,0,0,0,0,0,0,0,0,0,0,0,0,0,0,0,0,0,0,0,0,0.0402298850574713,0,0,0,0,0,0,0,0,0,0,0,0,0,0,0.0864197530864197,0,0,0,0,0,0,0,0,0,0.0454545454545455,0.0886075949367089,0,0,0,0,0,0,0,0,0,0,0,0,0,0,0,0,0,0,0,0.0683760683760684,0,0,0.207547169811321,0,0,0,0,0,0.00549450549450549,0.0625,0,0,0,0,0,0,0.0518518518518519,0,0,0,0,0,0,0,0,0,0,0.0683760683760684,0,0,0,0,0,0.0795454545454545,0,0,0.0119047619047619,0,0,0,0.407407407407407,0,0.647058823529412,0,0,0,0,0,0,0,0,0,0,0,0,0,0,0,0,0,0,0,0,0,0.0363636363636364,0,0,0,0,0,0,0,0,0,0,0,0,0,0,0,0.0219435736677116,0,0.134751773049645,0,0,0,0,0,0,0,0,0,0,0,0,0,0,0,0,0,0,0,0,0,0,0,0,0,0,0,0,0,0.328358208955224,0.0240963855421687,0,0,0,0,0,0,0,0.0985915492957746,0,0,0.0482758620689655,0,0,0.0522388059701493,0,0,0,0,0.0886075949367089,0,0,0,0.0357142857142857,0,0,0,0,0,0,0
"beta-Alanine metabolism",0.0348837209302326,0,0,0,0,0,0.0144927536231884,0,0.0256410256410256,0,0.0892857142857143,0,0,0,0,0.17910447761194,0,0,0,0,0,0,0,0,0,0,0,0.00784313725490196,0.0806451612903226,0,0,0,0,0,0,0,0,0,0,0,0,0,0,0,0,0,0.0434782608695652,0,0,0,0,0,0,0,0,0,0,0.123076923076923,0,0,0,0,0,0,0,0,0,0,0,0,0,0,0,0,0,0,0,0,0,0,0,0,0,0,0,0,0,0.00970873786407767,0,0.137254901960784,0,0,0.174603174603175,0,0,0,0,0,0,0.0357142857142857,0,0,0,0,0,0,0,0.0930232558139535,0,0,0,0,0,0,0,0,0,0,0,0,0,0,0,0,0,0,0,0.0297029702970297,0,0,0,0,0,0,0,0,0,0,0,0,0,0,0,0,0,0,0,0,0,0.00657894736842105,0.0479041916167665,0.0461538461538462,0,0,0,0,0,0,0,0,0,0,0,0,0,0,0,0,0,0,0,0,0.0280373831775701,0,0,0,0,0.0363636363636364,0,0,0,0,0,0,0,0,0,0.0888888888888889,0,0,0,0,0,0,0,0,0,0,0,0,0,0,0,0,0,0,0,0,0.125,0,0,0,0,0,0,0,0.0275229357798165,0.261904761904762,0,0,0,0,0,0,0,0,0,0,0,0,0,0,0,0,0,0,0,0,0,0,0,0,0,0,0,0,0,0.0684931506849315,0,0,0.188679245283019,0,0,0,0.0555555555555556,0,0,0
"Salmonella infection",0,0.0638297872340425,0.0677083333333333,0.0113636363636364,0,0.0169971671388102,0,0,0,0,0,0.0838509316770186,0.0192307692307692,0.0305343511450382,0.032258064516129,0,0.0463768115942029,0,0.00257731958762887,0.0703363914373089,0.0730897009966777,0.0520446096654275,0.00845070422535211,0.0456989247311828,0,0,0.0056657223796034,0.0553097345132743,0,0.0166666666666667,0.0553745928338762,0.0619469026548673,0.0478632478632479,0,0.0144927536231884,0.00628930817610063,0.0296296296296296,0.0574018126888218,0.136950904392765,0.00491400491400491,0.0997920997920998,0.0451612903225806,0.00869565217391304,0.0858085808580858,0.110438729198185,0,0,0.0447284345047923,0.11716621253406,0.0634249471458774,0.0347222222222222,0.0861244019138756,0.0731132075471698,0.219435736677116,0,0,0.107954545454545,0,0.0668604651162791,0.123809523809524,0.100977198697068,0.00858369098712446,0.0822281167108753,0.0906735751295337,0.0379008746355685,0.00911854103343465,0.0551378446115288,0.0357142857142857,0.103550295857988,0.0483870967741935,0.0657142857142857,0.0219435736677116,0.0524590163934426,0,0.0553935860058309,0.100890207715134,0,0.0228758169934641,0.0714285714285714,0.140495867768595,0.0465116279069767,0.0474683544303797,0.0700218818380744,0.0611510791366906,0.0710382513661202,0.155223880597015,0.0733333333333333,0.0253164556962025,0.319767441860465,0,0.0367231638418079,0.1675,0,0.019672131147541,0.134474327628362,0.0325732899022801,0.105590062111801,0,0.0194986072423398,0,0.0741687979539642,0,0.109947643979058,0.00615384615384615,0.0269607843137255,0.0771929824561404,0.0365853658536585,0,0,0.0559210526315789,0,0.0669642857142857,0.0472727272727273,0.0869565217391304,0.12037037037037,0.0777027027027027,0,0.0550161812297735,0.0115207373271889,0,0.0583554376657825,0.0431654676258993,0.0625,0.0584615384615385,0.10880829015544,0.028169014084507,0.019047619047619,0,0.113110539845758,0,0.00547945205479452,0.096551724137931,0.0535714285714286,0.0542986425339367,0.0864197530864197,0.0974930362116992,0,0.0292504570383912,0,0.031331592689295,0.0794701986754967,0.0385756676557863,0,0,0.0754098360655738,0.0689655172413793,0.0874635568513119,0.0847457627118644,0,0.0191256830601093,0.135057471264368,0,0,0.00354609929078014,0,0.050531914893617,0,0.0888888888888889,0.0541516245487365,0,0.00307692307692308,0.0102389078498294,0.0762886597938144,0,0.0552631578947368,0.0420711974110032,0.0697674418604651,0.0387243735763098,0.0293398533007335,0.00245098039215686,0,0,0,0.0626398210290828,0,0.0204678362573099,0.0230179028132992,0,0,0,0.125944584382872,0.0906801007556675,0.145510835913313,0.00346020761245675,0.0448179271708683,0.0636942675159236,0.0209424083769634,0.00315457413249211,0.168831168831169,0.062200956937799,0.0167364016736402,0.0625,0.10873440285205,0.00326797385620915,0.0932539682539683,0.0846560846560847,0.0212201591511936,0.0596658711217184,0.037940379403794,0,0.0853658536585366,0.115473441108545,0,0.0732394366197183,0.0519877675840979,0,0,0.0101010101010101,0,0.043360433604336,0,0.075,0.0226700251889169,0,0.0228013029315961,0,0,0,0.00333333333333333,0.0394736842105263,0.069284064665127,0.0302114803625378,0.0683229813664596,0,0.0433673469387755,0.218978102189781,0,0.0197368421052632,0.107344632768362,0,0.0176056338028169,0.105431309904153,0.0343915343915344,0,0.0033003300330033,0,0.103559870550162,0.0251256281407035,0.053072625698324,0,0.0212765957446809,0.0166666666666667,0.107744107744108,0.112469437652812,0.0933852140077821,0.0637119113573407,0.0614334470989761,0,0.0654205607476635,0.0664556962025316,0,0.0233236151603499,0,0.0684039087947883,0,0,0,0.00352112676056338
"Kaposi sarcoma-associated herpesvirus infection",0,0.0849056603773585,0.1198738170347,0,0,0.0167224080267559,0,0,0.0674157303370786,0,0,0.171314741035857,0.105042016806723,0.0606060606060606,0.0879120879120879,0,0.100719424460432,0,0.003003003003003,0.147859922178988,0.16017316017316,0.0654205607476635,0.074468085106383,0.102310231023102,0.062962962962963,0,0.0135135135135135,0.0904392764857881,0,0.0669546436285097,0.139830508474576,0.133828996282528,0.1625,0.03886925795053,0.00340136054421769,0.06,0.0936555891238671,0.104868913857678,0.180981595092025,0.0381231671554252,0.0723981900452489,0.130252100840336,0.114068441064639,0.0378787878787879,0.107667210440457,0.00353356890459364,0,0.172413793103448,0.0260115606936416,0.020501138952164,0.0611353711790393,0.0697050938337802,0.114206128133705,0.159722222222222,0,0.0563380281690141,0.240740740740741,0,0.0540540540540541,0.145593869731801,0.164609053497942,0.0695876288659794,0.106583072100313,0.0252100840336134,0.0905797101449275,0.0259259259259259,0.119266055045872,0.117834394904459,0.169117647058824,0.105610561056106,0.148014440433213,0.0463320463320463,0.0725806451612903,0,0.0771929824561404,0.166051660516605,0.00675675675675676,0.0573770491803279,0.0658914728682171,0.32962962962963,0.0815602836879433,0.126530612244898,0.154255319148936,0.00418410041841004,0.187296416938111,0.156794425087108,0.145922746781116,0.0267175572519084,0.0871934604904632,0,0.155555555555556,0.2875,0,0.0491803278688525,0.367892976588629,0.031496062992126,0.24896265560166,0,0.0332225913621262,0,0.119631901840491,0,0.234113712374582,0.0381679389312977,0.144654088050314,0.0543933054393305,0.072463768115942,0,0.0416666666666667,0.108333333333333,0,0.1015625,0.0837209302325581,0.0727272727272727,0.124087591240876,0.137931034482759,0,0.092741935483871,0.0909090909090909,0,0.131578947368421,0.0734463276836158,0.0568862275449102,0.115830115830116,0.115969581749049,0.0921658986175115,0.0597609561752988,0,0.19620253164557,0,0.0947368421052632,0.416107382550336,0.0565371024734982,0.0901856763925729,0.155642023346304,0.193661971830986,0,0.076271186440678,0,0.0725552050473186,0.169811320754717,0.104868913857678,0,0,0.176724137931034,0.138392857142857,0.119718309859155,0.147186147186147,0,0.0426229508196721,0.201413427561837,0,0,0.0224215246636771,0,0.100323624595469,0,0.0472727272727273,0.18609865470852,0.00714285714285714,0.0149812734082397,0.0387931034482759,0.0518018018018018,0,0.116129032258065,0.0897959183673469,0.103305785123967,0.0580474934036939,0.0194986072423398,0.023121387283237,0,0,0,0.176470588235294,0,0.072992700729927,0.0952380952380952,0,0,0.125944584382872,0,0.231270358306189,0.179775280898876,0.0352422907488987,0.115789473684211,0.111553784860558,0.0702875399361022,0,0.276150627615063,0.0775623268698061,0.0213270142180095,0.221453287197232,0.0578358208955224,0.008,0.109619686800895,0.28158844765343,0.0476190476190476,0.196923076923077,0.150877192982456,0.0355871886120996,0.075,0.0567901234567901,0.0078125,0.18978102189781,0.12015503875969,0,0,0.016597510373444,0,0.2,0.0116731517509728,0.039568345323741,0.0668693009118541,0.0642570281124498,0.0401606425702811,0,0,0,0.00819672131147541,0.0875,0.102702702702703,0.0711610486891386,0.133333333333333,0.0156985871271586,0.0694864048338369,0.155440414507772,0.00387596899224806,0.0450819672131148,0.142372881355932,0,0.0446428571428571,0.127906976744186,0.178947368421053,0,0,0.00404858299595142,0.201680672268908,0.0231884057971014,0.0878378378378378,0.00176991150442478,0.0130434782608696,0.102836879432624,0.104838709677419,0.282051282051282,0.0410677618069815,0.111486486486486,0.163636363636364,0,0.157258064516129,0.123505976095618,0,0.0422535211267606,0.0155642023346304,0.151898734177215,0,0,0.0037593984962406,0.00436681222707424
"Herpes simplex virus 1 infection",0,0.0507936507936508,0.144295302013423,0.0105633802816901,0,0.00694444444444444,0,0,0.0037037037037037,0,0,0.0810810810810811,0.0121951219512195,0.0212765957446809,0,0,0.0695970695970696,0,0.00313479623824451,0.060377358490566,0.175925925925926,0.07,0.0104895104895105,0.0702341137123746,0,0,0,0.0434782608695652,0,0.0714285714285714,0.0625,0.119230769230769,0.098989898989899,0,0.0144404332129964,0.0120967741935484,0.0205278592375367,0.056390977443609,0.189102564102564,0.00294985250737463,0.0454545454545455,0.0580912863070539,0,0.0358565737051793,0.0406885758998435,0.00746268656716418,0,0.0573770491803279,0.0894568690095847,0.0211764705882353,0.0504587155963303,0.0547945205479452,0.0692520775623269,0.118881118881119,0,0,0.3375,0,0.0275862068965517,0.168032786885246,0.076,0.0255754475703325,0.090032154340836,0.00284900284900285,0.028673835125448,0.128755364806867,0.0476190476190476,0.012012012012012,0.0704225352112676,0.0388349514563107,0.0482758620689655,0.0489795918367347,0.0723404255319149,0,0.0353356890459364,0.0824372759856631,0.0636704119850187,0.0472103004291846,0.165178571428571,0.254545454545455,0.0858208955223881,0.0826446280991736,0.05,0,0.098310291858679,0.143884892086331,0.0675105485232067,0.0119047619047619,0.0845070422535211,0,0.041958041958042,0.224615384615385,0,0,0.230529595015576,0.122171945701357,0.116731517509728,0,0.00337837837837838,0,0.0701219512195122,0,0.392156862745098,0,0.140065146579805,0.0720720720720721,0.00564971751412429,0,0,0.05,0,0.0487179487179487,0.0138888888888889,0.0407407407407407,0.214876033057851,0.0822510822510823,0,0.117391304347826,0.00817438692098093,0,0.0443037974683544,0.0252100840336134,0.0149700598802395,0.00364963503649635,0.0611111111111111,0.00904977375565611,0.115044247787611,0,0.22972972972973,0,0,0.221556886227545,0.0634328358208955,0.0502645502645503,0.0801526717557252,0.132404181184669,0,0.0334728033472803,0,0.0415335463258786,0.183098591549296,0.0446096654275093,0,0,0.102127659574468,0.0663716814159292,0.0704225352112676,0.0502092050209205,0.00743494423791822,0.0555555555555556,0.176895306859206,0,0,0.00469483568075117,0,0.0382165605095541,0,0.00366300366300366,0.152125279642058,0,0,0.135,0.0225733634311512,0,0.0473186119873817,0.0497925311203319,0.0411522633744856,0.0431266846361186,0.0232558139534884,0.0725552050473186,0,0,0,0.13091922005571,0,0.0256410256410256,0,0,0,0.0906801007556675,0.231270358306189,0,0.144486692015209,0.139175257731959,0.0666666666666667,0.147186147186147,0.00943396226415094,0,0.265217391304348,0.0563380281690141,0.00968523002421308,0.090032154340836,0.0473484848484848,0.00421940928270042,0.0547045951859956,0.281954887218045,0.00958466453674121,0.0653409090909091,0.0194805194805195,0,0.112403100775194,0.0428211586901763,0,0.0469798657718121,0.122448979591837,0.0288808664259928,0,0.00873362445414847,0,0.136690647482014,0.00408163265306122,0.014760147601476,0,0,0.012396694214876,0,0,0,0.0740740740740741,0.0421940928270042,0.031413612565445,0.075098814229249,0.127049180327869,0,0.059190031152648,0.107692307692308,0,0.0432900432900433,0.0838926174496644,0,0.0328638497652582,0.0948616600790514,0.0125786163522013,0,0,0,0.119341563786008,0.0149700598802395,0.0547945205479452,0.00363636363636364,0.0478468899521531,0.00337837837837838,0.0699588477366255,0.354385964912281,0.0185950413223141,0.0465116279069767,0.0567685589519651,0,0.06640625,0.0551181102362205,0,0.0291970802919708,0,0.0928270042194093,0,0,0,0
"TNF signaling pathway",0,0.0509803921568627,0.094488188976378,0.00448430493273543,0,0.0133928571428571,0,0,0,0,0,0.154255319148936,0.021978021978022,0.0790513833992095,0.0476190476190476,0,0.080188679245283,0,0,0.123711340206186,0.150602409638554,0.0785714285714286,0.0560747663551402,0.0753138075313808,0,0,0,0.0917721518987342,0,0.0583756345177665,0.0726256983240224,0.0909090909090909,0.0736607142857143,0.0483091787439614,0.013953488372093,0.0681818181818182,0.0594795539033457,0.09,0.157894736842105,0,0.0846994535519126,0.0726256983240224,0.023696682464455,0.0368421052631579,0.0524475524475524,0,0,0.0714285714285714,0,0.0027027027027027,0.0993377483443709,0.0733333333333333,0.0695364238410596,0.189814814814815,0,0.00539083557951483,0.146666666666667,0,0.0633484162895928,0.213114754098361,0.101604278074866,0.0211480362537764,0.145228215767635,0.0212014134275618,0.037037037037037,0.0101010101010101,0.0471014492753623,0.0223880597014925,0.164251207729469,0.112068965517241,0.175609756097561,0.0157068062827225,0.105263157894737,0,0.0952380952380952,0.138095238095238,0.00454545454545455,0.0584795321637427,0.0939226519337017,0.242290748898678,0.14,0.0756756756756757,0.0720720720720721,0.0448717948717949,0.0741350906095552,0.208530805687204,0.151515151515152,0.0158730158730159,0.114186851211073,0,0.103286384976526,0.205035971223022,0,0.0170454545454545,0.160839160839161,0.0451977401129944,0.185185185185185,0,0.0684931506849315,0,0.0666666666666667,0,0.136186770428016,0,0.0590405904059041,0.0736196319018405,0.0173611111111111,0,0,0.08,0,0.101910828025478,0.0196078431372549,0.0634146341463415,0.149253731343284,0.113095238095238,0,0.114942528735632,0.0442176870748299,0,0.0637450199203187,0.0306122448979592,0.0534351145038168,0.0871794871794872,0.0782241014799154,0.032258064516129,0.0161290322580645,0,0.0985401459854015,0,0.00858369098712446,0.173469387755102,0.0829268292682927,0.0950819672131148,0.176470588235294,0.201834862385321,0,0.0385542168674699,0,0.0604838709677419,0.115625,0.0845771144278607,0,0,0.12,0.0787878787878788,0.126168224299065,0.160493827160494,0,0.0807174887892377,0.184684684684685,0,0,0,0,0.073469387755102,0,0.0144230769230769,0.0891566265060241,0.0512820512820513,0.0543478260869565,0.025,0.015625,0,0.05078125,0.0734463276836158,0.130952380952381,0.0657894736842105,0.0284697508896797,0.0109489051094891,0,0,0,0.147157190635452,0,0.0333333333333333,0.0387596899224806,0,0,0.145510835913313,0.179775280898876,0.144486692015209,0,0.0128205128205128,0.0570175438596491,0.0978260869565217,0.0278884462151394,0,0.252747252747253,0.0684931506849315,0.0411764705882353,0.0866141732283465,0.0272536687631027,0,0.117333333333333,0.13469387755102,0.0160642570281124,0.102473498233216,0.091304347826087,0,0.172774869109948,0.0384615384615385,0.0168539325842697,0.197115384615385,0.0927835051546392,0,0,0.0838709677419355,0,0.0675105485232067,0,0.0143540669856459,0.0498084291187739,0.010752688172043,0,0,0,0,0.0180722891566265,0.0760233918128655,0.0711974110032362,0.117647058823529,0.133689839572193,0,0.0653846153846154,0.125,0.00552486187845304,0.0658682634730539,0.171171171171171,0,0.0608108108108108,0.258823529411765,0.0277777777777778,0,0,0.00588235294117647,0.148351648351648,0.0072992700729927,0.0698689956331878,0.00204918032786885,0.0469798657718121,0.0218340611353712,0.119318181818182,0.170289855072464,0.036144578313253,0.100436681222707,0.111801242236025,0,0.111111111111111,0.102150537634409,0,0.0841584158415842,0.0574712643678161,0.107344632768362,0,0,0.00529100529100529,0.00657894736842105
"Allograft rejection",0,0.0053475935828877,0.0206185567010309,0.0140845070422535,0,0.0137931034482759,0,0,0,0,0,0,0,0,0,0,0.00675675675675676,0,0,0,0.0277777777777778,0,0,0,0,0,0,0,0,0.0369230769230769,0,0.138461538461538,0.0100755667506297,0,0.0072992700729927,0,0,0,0.00440528634361234,0,0.00316455696202532,0,0,0,0.00578034682080925,0,0,0,0.125,0.0210526315789474,0.0117647058823529,0,0.0167364016736402,0.023121387283237,0,0.00342465753424658,0.0348837209302326,0,0,0.0597014925373134,0,0,0.0155440414507772,0,0,0.237113402061856,0,0,0.0522875816993464,0,0,0.00884955752212389,0.00925925925925926,0,0,0.00632911392405063,0.137096774193548,0,0.229166666666667,0.0150753768844221,0.00680272108843537,0,0.0036231884057971,0,0.0141843971631206,0.0294117647058824,0,0,0.0168067226890756,0,0,0.0282258064516129,0,0,0.037037037037037,0.280487804878049,0.0359712230215827,0,0,0,0,0,0.109947643979058,0,0.035,0.0326086956521739,0,0,0,0,0,0,0,0.0072992700729927,0.170542635658915,0,0,0.0178571428571429,0,0,0,0,0.00512820512820513,0,0.00467289719626168,0,0.345679012345679,0,0.105,0,0,0.03515625,0.0441176470588235,0,0.00719424460431655,0.0111111111111111,0,0,0,0,0.0183823529411765,0,0,0,0,0,0.00625,0.0384615384615385,0,0,0.0280898876404494,0,0,0,0,0,0,0,0.0247933884297521,0,0,0.584905660377358,0,0,0,0,0,0,0,0.152046783625731,0,0,0,0.100418410041841,0,0,0,0,0,0.00346020761245675,0.0352422907488987,0.139175257731959,0.0128205128205128,0,0,0,0,0,0.0422535211267606,0.00432900432900433,0,0.0315789473684211,0.00244498777506112,0,0.00892857142857143,0.0206185567010309,0,0,0,0,0.0285714285714286,0,0,0,0.189189189189189,0,0,0,0,0.0745341614906832,0,0,0,0,0,0,0,0,0.390625,0,0,0,0,0,0.00510204081632653,0.00347222222222222,0,0,0.0112359550561798,0,0,0.0307692307692308,0,0,0,0,0.015748031496063,0,0,0,0.117647058823529,0,0.0353982300884956,0.114678899082569,0,0.0117647058823529,0,0,0.00775193798449612,0,0,0.0220588235294118,0,0,0,0,0,0
"Thyroid hormone signaling pathway",0,0.11522633744856,0.00357142857142857,0.0607476635514019,0.02,0.0454545454545455,0,0.0263157894736842,0.0343137254901961,0,0,0.157894736842105,0.118343195266272,0.117408906882591,0.115,0,0.131707317073171,0,0,0.188172043010753,0,0.0065359477124183,0.080188679245283,0.120689655172414,0.0289855072463768,0,0.0970873786407767,0.115384615384615,0,0.00238663484486874,0.189024390243902,0.0405405405405405,0.0731707317073171,0.0891089108910891,0.0424528301886792,0.0437158469945355,0.111969111969112,0.139175257731959,0.0230263157894737,0.033210332103321,0.0416666666666667,0.127167630057803,0.0579710144927536,0.0582010582010582,0.0431034482758621,0,0,0.157894736842105,0.0144404332129964,0.00808625336927224,0.0628930817610063,0.0942760942760943,0.151943462897526,0.0788381742738589,0,0.0591549295774648,0.0653061224489796,0,0.0672645739910314,0.076555023923445,0.14207650273224,0.0791139240506329,0.0449438202247191,0.028169014084507,0.0271493212669683,0,0.127413127413127,0.0905511811023622,0.0941704035874439,0.12987012987013,0.167464114832536,0.0260416666666667,0.0434782608695652,0,0.0837209302325581,0.110091743119266,0,0.121951219512195,0.0203045685279188,0.11328125,0.0794392523364486,0.154285714285714,0.0843373493975904,0.0184049079754601,0.100840336134454,0.102564102564103,0.135294117647059,0.0773480662983425,0.0188087774294671,0,0.122641509433962,0.0974025974025974,0,0.0898203592814371,0.0841423948220065,0.0053475935828877,0.0966183574879227,0,0.0772727272727273,0,0.102272727272727,0,0.0845588235294118,0.11864406779661,0.0661764705882353,0.00564971751412429,0.0647482014388489,0,0,0.136094674556213,0,0.0672782874617737,0.096551724137931,0.0940594059405941,0.04,0.130952380952381,0,0.0944444444444444,0.0437710437710438,0.0198675496688742,0.134453781512605,0.0699300699300699,0.0449438202247191,0.0913705583756345,0.0643153526970954,0.0866666666666667,0.032258064516129,0,0.0410958904109589,0,0.0530973451327434,0.133550488599349,0.0817307692307692,0.112211221122112,0.155440414507772,0.0772357723577236,0,0.085,0.0761421319796954,0.0857142857142857,0.0434782608695652,0.0995024875621891,0,0,0.117977528089888,0.167741935483871,0.124423963133641,0.130177514792899,0.00956937799043062,0.0892857142857143,0.027027027027027,0,0,0.0065359477124183,0,0.0946502057613169,0,0.0974358974358974,0.104368932038835,0.106382978723404,0.106741573033708,0,0.0155038759689922,0,0.114754098360656,0.155688622754491,0.0157894736842105,0.0827814569536424,0,0.003584229390681,0,0,0,0.0880503144654088,0,0.105527638190955,0.0463320463320463,0,0,0.0448179271708683,0.115789473684211,0.0666666666666667,0.0570175438596491,0,0,0,0.0275590551181102,0.0161290322580645,0.0694444444444444,0.113074204946996,0.0317919075144509,0.107142857142857,0.0123203285420945,0.0289017341040462,0.0471464019851117,0.106299212598425,0.0622406639004149,0.109154929577465,0.0583333333333333,0.101522842639594,0.0133928571428571,0.0727272727272727,0.0574712643678161,0.12,0.0336538461538462,0,0,0.0178571428571429,0,0.0847457627118644,0.021978021978022,0.0386473429951691,0.0572519083969466,0.0380434782608696,0.0277777777777778,0,0,0,0,0.154320987654321,0.105960264900662,0.109947643979058,0.0913705583756345,0.00526315789473684,0.106719367588933,0.0909090909090909,0,0.0773809523809524,0.073469387755102,0,0.167883211678832,0.014018691588785,0.0916666666666667,0,0.129032258064516,0.0175438596491228,0.115789473684211,0.029520295202952,0.107142857142857,0.00408163265306122,0.0460526315789474,0.0772727272727273,0.0101010101010101,0.065359477124183,0.0285035629453682,0.103896103896104,0.166666666666667,0,0.109375,0.155555555555556,0,0,0.0388888888888889,0.14367816091954,0,0,0,0
"Cytosolic DNA-sensing pathway",0,0,0.115207373271889,0,0,0,0,0,0,0,0,0.0342857142857143,0,0,0,0,0.0157894736842105,0,0,0,0.270491803278689,0.036036036036036,0,0.00454545454545455,0,0,0,0.00980392156862745,0,0.0642458100558659,0,0.0491803278688525,0.0470588235294118,0,0.00552486187845304,0,0,0,0.182608695652174,0,0.0112044817927171,0,0,0,0.0161579892280072,0,0,0,0,0,0.00775193798449612,0,0.0034965034965035,0.0780487804878049,0,0,0.174603174603175,0,0,0.0689655172413793,0.00591715976331361,0,0.0344827586206897,0,0.010752688172043,0,0,0,0.0353535353535354,0,0,0.0128205128205128,0.0479452054794521,0,0,0.0252525252525253,0,0,0.0318471337579618,0.138888888888889,0.0267379679144385,0.00617283950617284,0.019047619047619,0,0.0405405405405405,0.0528846153846154,0.0131578947368421,0,0.0671641791044776,0,0,0.128301886792453,0,0,0.108614232209738,0.0347222222222222,0.0742857142857143,0,0,0,0.00398406374501992,0,0.185185185185185,0,0.0635593220338983,0.0859375,0,0,0,0,0,0.0197368421052632,0,0,0.0483870967741935,0.0342465753424658,0,0.0193548387096774,0,0,0,0,0.0126582278481013,0,0.0237580993520518,0,0.0132450331125828,0,0.0905349794238683,0,0,0.123636363636364,0.0276243093922652,0.0101694915254237,0.0279329608938547,0.036697247706422,0,0.0076530612244898,0,0,0.118466898954704,0.00552486187845304,0,0,0.032258064516129,0,0.00985221674876847,0,0,0,0.146464646464646,0,0,0,0,0,0,0,0.0639386189258312,0,0,0.0158730158730159,0.0028328611898017,0,0,0,0.0547945205479452,0.00699300699300699,0,0,0,0,0,0.0233333333333333,0,0,0,0,0,0.0636942675159236,0.111553784860558,0.147186147186147,0.0978260869565217,0,0,0,0,0,0.215189873417722,0.0147058823529412,0,0.0126582278481013,0.00665188470066519,0,0.0186170212765957,0.146919431279621,0,0.0454545454545455,0,0,0.0681818181818182,0,0,0.0142857142857143,0.0414201183431953,0,0,0.0153846153846154,0,0.0742574257425743,0.00684931506849315,0,0,0,0,0,0,0,0.00757575757575758,0,0,0.0116959064327485,0.0414201183431953,0,0.00836820083682008,0.0605095541401274,0,0,0.0275229357798165,0,0,0.0853658536585366,0,0,0,0,0.0421686746987952,0,0,0,0.0256410256410256,0.0050761421319797,0.0662251655629139,0.12992125984252,0.0180878552971576,0.0140845070422535,0,0,0.0419161676646707,0,0,0.0397727272727273,0,0.038961038961039,0,0,0,0
"Oocyte meiosis",0,0.0472727272727273,0.0136054421768707,0.0562770562770563,0,0.0378151260504202,0,0,0.0555555555555556,0.00609756097560976,0,0.0440528634361234,0.197674418604651,0.162698412698413,0.121495327102804,0,0.046218487394958,0,0,0.0967741935483871,0.0193236714975845,0,0.103139013452915,0.0653846153846154,0.055045871559633,0,0.051948051948052,0.0863095238095238,0,0,0.0143540669856459,0.0464135021097046,0.050314465408805,0.123222748815166,0.00421940928270042,0.124324324324324,0.113138686131387,0.0127659574468085,0.0314465408805031,0.222222222222222,0.0425,0.0241545893719807,0.129186602870813,0.00462962962962963,0.0436241610738255,0,0,0.0804020100502513,0,0.00256410256410256,0.0163934426229508,0.0239520958083832,0.0685358255451713,0.0413533834586466,0,0.0826446280991736,0.0109090909090909,0,0.0159362549800797,0.0476190476190476,0.0134529147982063,0.043731778425656,0.0171821305841924,0.0231788079470199,0,0,0.0131147540983607,0.143968871595331,0.0875,0.103174603174603,0.0966386554621849,0.0338164251207729,0,0,0.470588235294118,0.0974576271186441,0,0.0806451612903226,0.0283018867924528,0.0449826989619377,0.0333333333333333,0.0233644859813084,0.0443213296398892,0.0338983050847458,0.0549450549450549,0.0223048327137546,0.0396039603960396,0.004739336492891,0.0178571428571429,0,0.0944206008583691,0.0692771084337349,0,0.0641711229946524,0.0965732087227414,0,0.0941704035874439,0,0.076271186440678,0,0.037037037037037,0,0.00970873786407767,0.137566137566138,0,0,0.0574324324324324,0,0.0434782608695652,0.0195121951219512,0,0.0194986072423398,0.0173410404624277,0.0127659574468085,0.0244897959183673,0.0147058823529412,0,0.00943396226415094,0.0548387096774194,0,0.0213523131672598,0.0352564102564103,0.0385964912280702,0.165829145728643,0.0371819960861057,0.0169491525423729,0,0,0.0735785953177258,0,0.0944206008583691,0.102719033232628,0.0168067226890756,0.0630630630630631,0.0256410256410256,0.0561797752808989,0,0.0134831460674157,0.0552995391705069,0.0107142857142857,0.0161725067385445,0.166666666666667,0,0,0.0140845070422535,0.0153846153846154,0.0653061224489796,0.0348258706467662,0,0.0481927710843374,0.014336917562724,0,0,0.0118343195266272,0,0.0328467153284672,0,0.089622641509434,0.039647577092511,0.0869565217391304,0.0753768844221105,0,0.0459183673469388,0.0348837209302326,0.0212014134275618,0.0144927536231884,0.0194174757281553,0.036144578313253,0.00980392156862745,0,0,0,0,0.137931034482759,0,0.0486725663716814,0.0786516853932584,0,0,0.0209424083769634,0.0702875399361022,0.00943396226415094,0.0278884462151394,0,0.0275590551181102,0,0,0,0.029045643153527,0.0215384615384615,0.0564971751412429,0.125475285171103,0.02,0.0317460317460317,0.052757793764988,0.0492957746478873,0.114285714285714,0.0473186119873817,0.158119658119658,0.10377358490566,0,0.0220385674931129,0,0.076,0.0497737556561086,0.0521739130434783,0,0.0217391304347826,0,0.030188679245283,0,0.0131004366812227,0.0929368029739777,0.106382978723404,0,0,0,0,0,0.0303030303030303,0.08,0.0700934579439252,0.0131004366812227,0.0260869565217391,0.0348432055749129,0.0401069518716578,0,0.0702702702702703,0.0408921933085502,0,0.023121387283237,0.0308370044052863,0.0984251968503937,0,0.0267379679144385,0.0852272727272727,0.0552995391705069,0.0533807829181495,0.0995850622406639,0,0,0.040983606557377,0.0637254901960784,0.0208333333333333,0.0022271714922049,0.0542635658914729,0.0641711229946524,0,0.036036036036036,0.0321100917431193,0,0,0.0793650793650794,0.0140845070422535,0,0,0,0.0297619047619048
"Glycolysis_Gluconeogenesis",0,0,0,0,0.126436781609195,0,0.0192307692307692,0.147727272727273,0,0.021978021978022,0.0659340659340659,0,0,0,0,0.055045871559633,0.156862745098039,0.117021276595745,0,0,0,0,0.152317880794702,0.0677083333333333,0,0,0,0,0.10752688172043,0,0,0,0.0117924528301887,0,0,0,0,0,0,0,0,0,0,0,0,0,0.0588235294117647,0,0,0,0.0654205607476635,0,0,0,0,0,0,0.058252427184466,0,0,0,0,0.00448430493273543,0,0,0,0,0,0,0,0,0,0.0378787878787879,0,0,0,0,0,0,0,0.0292397660818713,0,0,0,0,0,0.0072992700729927,0.0144927536231884,0.00371747211895911,0,0,0,0.122448979591837,0,0,0,0,0,0,0,0,0,0,0,0,0,0,0.0483870967741935,0,0,0,0.00341296928327645,0,0,0,0,0,0,0,0.164705882352941,0,0,0,0,0.00218818380743982,0,0,0.0769230769230769,0,0,0,0,0,0,0,0,0.043859649122807,0,0,0,0,0,0,0,0,0,0,0,0,0.0558659217877095,0.0603015075376884,0,0.0546875,0,0,0,0,0,0.0025062656641604,0.00657894736842105,0,0,0,0.0103626943005181,0,0.169491525423729,0,0.0149253731343284,0,0,0,0,0.0735294117647059,0,0.0777777777777778,0,0,0,0.0888888888888889,0.00315457413249211,0,0,0,0,0.0161290322580645,0,0,0,0,0,0,0,0,0,0,0,0,0,0,0,0,0,0,0,0,0,0.00980392156862745,0,0.0446428571428571,0,0,0,0,0,0,0.0315789473684211,0,0.0987654320987654,0,0,0,0,0,0,0,0.012779552715655,0,0,0,0.0824742268041237,0,0,0,0,0,0,0,0,0,0,0,0,0,0,0,0.0256410256410256,0,0.341176470588235,0,0,0.0879120879120879,0,0,0,0.048,0,0,0
"Toll-like receptor signaling pathway",0,0.0617283950617284,0.140425531914894,0.00469483568075117,0,0.014018691588785,0,0,0,0,0,0.106951871657754,0.0232558139534884,0.0354330708661417,0.0194174757281553,0,0.0895522388059701,0,0,0.124324324324324,0.302158273381295,0.0367647058823529,0.0140845070422535,0.0786026200873362,0,0,0.00471698113207547,0.0737179487179487,0,0.0882352941176471,0.0833333333333333,0.112244897959184,0.0953488372093023,0,0.00970873786407767,0.0113636363636364,0.0261194029850746,0.106382978723404,0.241666666666667,0,0.0573770491803279,0.0833333333333333,0.0147783251231527,0.0446927374301676,0.0404217926186292,0,0,0.0818713450292398,0.0190114068441065,0.00277777777777778,0.0985915492957746,0.0648464163822526,0.0793103448275862,0.253807106598985,0,0,0.340540540540541,0,0.0563380281690141,0.308641975308642,0.113636363636364,0.0218068535825545,0.117647058823529,0.021978021978022,0.0288461538461538,0.00529100529100529,0.0528301886792453,0.0232558139534884,0.166666666666667,0.0689655172413793,0.126829268292683,0.00546448087431694,0.0783132530120482,0,0.1,0.156565656565657,0,0.062111801242236,0.160493827160494,0.380710659898477,0.0954773869346734,0.092485549132948,0.0743034055727554,0,0.088135593220339,0.13953488372093,0.161290322580645,0.0167597765363128,0.126353790613718,0,0.0663507109004739,0.321138211382114,0,0.0242424242424242,0.238461538461538,0.0736196319018405,0.202247191011236,0,0.0181818181818182,0,0.0775193798449612,0,0.281818181818182,0,0.139917695473251,0.1,0.0216606498194946,0,0,0.098159509202454,0,0.105263157894737,0.028169014084507,0.0721649484536082,0.207650273224044,0.127388535031847,0,0.0823529411764706,0.0102040816326531,0,0.0663900414937759,0.0353356890459364,0.0350194552529183,0.0860215053763441,0.0593220338983051,0.0344827586206897,0.028735632183908,0,0.202479338842975,0,0.00896860986547085,0.205035971223022,0.0927835051546392,0.0622950819672131,0.153846153846154,0.223300970873786,0,0.0318627450980392,0,0.0541666666666667,0.239285714285714,0.0890052356020942,0,0,0.148148148148148,0.0909090909090909,0.121359223300971,0.178807947019868,0.0050761421319797,0.05,0.310880829015544,0,0,0,0,0.0811965811965812,0,0.0203045685279188,0.127551020408163,0,0,0.0335570469798658,0.00795755968169761,0,0.0571428571428571,0.0843373493975904,0.111111111111111,0.0680272108843537,0.0145454545454545,0.0113636363636364,0,0,0,0.099009900990099,0,0.035,0.036144578313253,0,0,0.168831168831169,0.276150627615063,0.265217391304348,0.252747252747253,0.0422535211267606,0.0694444444444444,0.215189873417722,0.029045643153527,0,0,0.0942028985507246,0.0147492625368732,0.0991735537190083,0.0191082802547771,0,0.0994623655913978,0.252336448598131,0.0167364016736402,0.122676579925651,0.0478260869565217,0,0.156756756756757,0.0460122699386503,0,0.132701421800948,0.122222222222222,0,0,0.0193548387096774,0,0.135514018691589,0,0.0202020202020202,0.0153846153846154,0,0,0,0,0,0.0258064516129032,0.0943396226415094,0.07,0.0641711229946524,0.0978260869565217,0,0.068,0.136075949367089,0,0.0632911392405063,0.141552511415525,0,0.0652173913043478,0.172413793103448,0.033195020746888,0,0,0,0.236024844720497,0,0.0730593607305936,0,0.0503597122302158,0.0135746606334842,0.191082802547771,0.288065843621399,0.0120481927710843,0.110091743119266,0.126666666666667,0,0.129943502824859,0.114285714285714,0,0.0663265306122449,0,0.120481927710843,0,0,0,0
"Neutrophil extracellular trap formation",0,0.0788643533123028,0.121019108280255,0.0170648464163823,0,0.0134680134680135,0,0,0.0143884892086331,0,0,0.0659340659340659,0.0483870967741935,0.042042042042042,0.0425531914893617,0,0.0860215053763441,0,0,0.0774907749077491,0.0271317829457364,0,0.0238907849829352,0.0507936507936508,0.0106761565836299,0,0.027681660899654,0.0475,0,0,0.0813008130081301,0.0342465753424658,0.0511363636363636,0.0246478873239437,0.0138888888888889,0.0194552529182879,0.0589970501474926,0.0814814814814815,0.064066852367688,0.00862068965517241,0.0656108597285068,0.0597609561752988,0.0320284697508897,0.0423076923076923,0.048062015503876,0.0407407407407407,0,0.0846774193548387,0.0666666666666667,0.00225225225225225,0.0434782608695652,0.0673854447439353,0.0876712328767123,0.103333333333333,0,0.041958041958042,0.0506329113924051,0,0.099644128113879,0.0922509225092251,0.0687022900763359,0.0325814536340852,0.0510510510510511,0.011142061281337,0.00675675675675676,0,0.0676470588235294,0.045045045045045,0.0787671232876712,0.0641025641025641,0.101398601398601,0,0.0233463035019455,0,0.0629370629370629,0.0830449826989619,0.0688405797101449,0.0537190082644628,0.114754098360656,0.0886850152905199,0.0486111111111111,0.0876494023904383,0.058968058968059,0,0.0461095100864553,0.0612903225806452,0.0909090909090909,0.0350194552529183,0.0476190476190476,0,0.069204152249135,0.0994623655913978,0,0.0497925311203319,0.0855614973262032,0.0156862745098039,0.0875912408759124,0,0.037037037037037,0,0.0553935860058309,0,0.086053412462908,0.0346153846153846,0.0343839541547278,0.0418410041841004,0.0280112044817927,0,0,0.0647773279352227,0,0.0880829015544041,0.0176991150442478,0.110266159695817,0.0517241379310345,0.0875,0,0.046875,0.346289752650177,0,0.0492307692307692,0.0443213296398892,0.0355029585798817,0.0592592592592593,0.0579710144927536,0.0263157894736842,0.02734375,0,0.0838150289017341,0,0.03,0.0854922279792746,0.0802919708029197,0.0569948186528497,0.109433962264151,0.108910891089109,0,0.0498960498960499,0.00354609929078014,0.0836012861736334,0.0966921119592875,0.0774907749077491,0,0,0.0756972111553785,0.0632911392405063,0.105263157894737,0.110169491525424,0.0143884892086331,0.0396039603960396,0.043343653250774,0,0,0.00896860986547085,0,0.059748427672956,0,0.0477941176470588,0.0457256461232604,0.0257352941176471,0.0268199233716475,0,0.0197802197802198,0,0.0489296636085627,0.0645161290322581,0.0393700787401575,0.111731843575419,0,0.0144508670520231,0,0,0,0.0637755102040816,0,0.0581818181818182,0.0395136778115502,0,0,0.062200956937799,0.0775623268698061,0.0563380281690141,0.0684931506849315,0.00432900432900433,0.113074204946996,0.0147058823529412,0.0215384615384615,0,0.0942028985507246,0,0.0166270783847981,0.0903426791277259,0.0198915009041591,0,0.0422832980972516,0.0507462686567164,0.0380952380952381,0.0752089136490251,0.045016077170418,0.0285714285714286,0.0311418685121107,0.0651629072681704,0.00790513833992095,0.0912162162162162,0.0324909747292419,0,0,0.00833333333333333,0,0.0863787375415282,0,0.0287769784172662,0.0235294117647059,0.0155038759689922,0,0,0.00366300366300366,0,0.00413223140495868,0.0932203389830508,0.103542234332425,0.0481481481481481,0.0476190476190476,0,0.0572289156626506,0.132992327365729,0,0.0413223140495868,0.0879478827361563,0,0.0547945205479452,0.032258064516129,0.0471698113207547,0.012448132780083,0.0292887029288703,0,0.0968992248062016,0.00864553314121038,0.115384615384615,0.012589928057554,0.036036036036036,0.037037037037037,0.0544747081712062,0.0672043010752688,0.0306748466257669,0.0618892508143322,0.119469026548673,0,0.0881226053639847,0.0856031128404669,0,0,0.015748031496063,0.0756972111553785,0,0,0,0
"Thermogenesis",0,0.0549450549450549,0,0.0461538461538462,0,0.0117994100294985,0,0,0.0384615384615385,0,0,0.0471698113207547,0.0413793103448276,0.0686813186813187,0.0700636942675159,0,0.0147058823529412,0,0.397003745318352,0.0844155844155844,0.0132013201320132,0,0.0788643533123028,0.0749279538904899,0.0415335463258786,0,0.0303951367781155,0.0573394495412844,0,0.00376647834274953,0.0198675496688742,0.0147492625368732,0.0473684210526316,0.0776699029126214,0.0276923076923077,0.0446735395189003,0.0608465608465608,0.0372670807453416,0.00952380952380952,0,0.27930174563591,0.0165016501650165,0.053968253968254,0.00643086816720257,0.175122749590835,0,0,0.0230263157894737,0.00510204081632653,0.00205761316872428,0.00355871886120996,0.0138888888888889,0.0502392344497608,0.0303867403314917,0,0.0294736842105263,0,0,0.0173913043478261,0.0180722891566265,0.0287539936102236,0.0460829493087558,0.293729372937294,0.0331632653061225,0.00890207715133531,0.00317460317460317,0.0686015831134565,0.0743801652892562,0.0288184438040346,0.0778097982708934,0.105263157894737,0.00323624595469256,0.0590277777777778,0,0.0646153846153846,0.0471976401179941,0,0.1,0.0129032258064516,0.050131926121372,0.075,0.0327868852459016,0.0238095238095238,0.0528301886792453,0.0336473755047106,0.0164383561643836,0.0337837837837838,0,0.0138888888888889,0,0.0668693009118541,0.0226757369614512,0.033457249070632,0.0207612456747405,0.0251716247139588,0,0.021021021021021,0,0.0670731707317073,0,0.0439276485788114,0,0.00492610837438424,0.0506756756756757,0.0125628140703518,0,0.00738916256157635,0.00336700336700337,0,0.020066889632107,0.00367647058823529,0.305084745762712,0.0149253731343284,0.00602409638554217,0.0146198830409357,0.0306122448979592,0,0.00323624595469256,0.047029702970297,0,0.0295698924731183,0.00721153846153846,0.0261780104712042,0.0789473684210526,0.194656488549618,0.010989010989011,0.0066006600660066,0,0.0121359223300971,0,0.0384615384615385,0.0872641509433962,0.015015015015015,0.0843373493975904,0.0212765957446809,0.0188679245283019,0,0.0148423005565863,0.0416666666666667,0.00530503978779841,0.0106837606837607,0.0569620253164557,0,0.00716845878136201,0.012987012987013,0.0208333333333333,0.0229226361031519,0.037542662116041,0,0.0851063829787234,0.0469613259668508,0,0,0.0113636363636364,0,0.0243243243243243,0,0.0686274509803922,0.0422018348623853,0.0735785953177258,0.0726643598615917,0,0.255583126550869,0.03125,0.0266666666666667,0.02,0.0132450331125828,0.30952380952381,0.00247524752475248,0,0,0,0,0.0527522935779817,0.0153256704980843,0,0.207547169811321,0,0,0.0167364016736402,0.0213270142180095,0.00968523002421308,0.0411764705882353,0,0.0317919075144509,0,0.0564971751412429,0,0.0147492625368732,0.0166270783847981,0,0.0315789473684211,0.212,0.0104166666666667,0.0428849902534113,0.0154639175257732,0.0482954545454545,0.0439024390243902,0.0485714285714286,0.0509554140127389,0,0.0196506550218341,0,0.092814371257485,0.0123456790123457,0,0,0.0479704797047971,0,0.0165289256198347,0.00335570469798658,0.00923076923076923,0.0569105691056911,0.037542662116041,0,0,0,0,0,0.0101010101010101,0.0542452830188679,0.140350877192982,0,0.00882352941176471,0.0592991913746631,0.0232067510548523,0,0.0808823529411765,0.0245231607629428,0,0.00367647058823529,0.0122699386503067,0.0901162790697674,0,0.0212765957446809,0.0474452554744526,0.035031847133758,0.0103092783505155,0.0617647058823529,0.00498338870431894,0.003690036900369,0.0233918128654971,0.0129449838187702,0.0115207373271889,0.249427917620137,0.0484330484330484,0.0243055555555556,0,0.01875,0.0288461538461538,0,0,0.0752688172043011,0.0196078431372549,0.00673400673400673,0,0,0.0306513409961686
"Cellular senescence",0,0.0928571428571429,0.0429042904290429,0.0155038759689922,0,0.0557768924302789,0,0,0.00408163265306122,0,0,0.153846153846154,0.131313131313131,0.0687285223367698,0.0617283950617284,0,0.0853658536585366,0,0,0.147982062780269,0.0315315315315315,0,0.0819672131147541,0.130268199233716,0,0,0.0116279069767442,0.0880681818181818,0,0.0178970917225951,0.16751269035533,0.0946502057613169,0.0857740585774059,0.0450819672131148,0.0199203187250996,0.0813397129186603,0.137323943661972,0.0987124463519313,0.0548780487804878,0.14963503649635,0.0794044665012407,0.16751269035533,0.0495867768595041,0.0307017543859649,0.0792580101180438,0.00409836065573771,0,0.213541666666667,0.0193548387096774,0.0302267002518892,0.0569948186528497,0.0682492581602374,0.124610591900312,0.100746268656716,0,0.0731070496083551,0.0842490842490843,0,0.0459770114942529,0.11587982832618,0.156398104265403,0.018970189701897,0.0680272108843537,0.0123839009287926,0.0438247011952191,0.0303030303030303,0.143356643356643,0.118279569892473,0.134146341463415,0.104477611940299,0.120481927710843,0.12621359223301,0.0271493212669683,0,0.112033195020747,0.139917695473251,0,0.0841584158415842,0.0535714285714286,0.189591078066914,0.0769230769230769,0.107476635514019,0.0881542699724518,0,0.10223642172524,0.114068441064639,0.134328358208955,0.0176991150442478,0.0285714285714286,0,0.0790513833992095,0.126888217522659,0,0.0533980582524272,0.197411003236246,0.0469483568075117,0.218604651162791,0,0.0303030303030303,0,0.0939597315436242,0,0.0927152317880795,0.0448430493273543,0.0620915032679739,0.0191387559808612,0.0575079872204473,0,0.0391061452513966,0.112745098039216,0.00515463917525773,0.094017094017094,0.0777777777777778,0.0578512396694215,0.0632411067193676,0.130653266331658,0,0.0790697674418605,0.0518292682926829,0,0.121323529411765,0.0689655172413793,0.0501672240802676,0.111111111111111,0.100401606425703,0.112359550561798,0.0318181818181818,0,0.0935483870967742,0,0.0419847328244275,0.219745222929936,0.0569105691056911,0.0845481049562682,0.162162162162162,0.136363636363636,0,0.0806451612903226,0,0.0788530465949821,0.044973544973545,0.117903930131004,0,0,0.193877551020408,0.142857142857143,0.102766798418972,0.118811881188119,0,0.0813953488372093,0.0598591549295775,0,0,0.00531914893617021,0,0.0905797101449275,0,0.0506329113924051,0.118721461187215,0.00829875518672199,0.0131004366812227,0.0412371134020619,0.0464547677261614,0,0.154135338345865,0.106796116504854,0.0316742081447964,0.107033639143731,0.00615384615384615,0.0194174757281553,0,0,0,0.241042345276873,0,0.0759493670886076,0.0337837837837838,0,0,0.0625,0.221453287197232,0.090032154340836,0.0866141732283465,0.0315789473684211,0.107142857142857,0.0126582278481013,0.125475285171103,0,0.0991735537190083,0.0903426791277259,0.0315789473684211,0,0.0332681017612524,0.0191387559808612,0.101204819277108,0.108771929824561,0.0698529411764706,0.0638297872340425,0.0905660377358491,0.0413223140495868,0.0274509803921569,0.0657534246575342,0,0.108108108108108,0.0683760683760684,0.0116731517509728,0,0.00980392156862745,0,0.106463878326996,0,0.0204081632653061,0.0721649484536082,0.0761904761904762,0.0232558139534884,0,0,0,0.00975609756097561,0.11,0.101492537313433,0.10762331838565,0.136363636363636,0.0116472545757072,0.0824742268041237,0.0940860215053763,0,0.0485436893203883,0.103703703703704,0,0.0540540540540541,0.045643153526971,0.112359550561798,0.0146341463414634,0,0,0.170616113744076,0.0572390572390572,0.0842911877394636,0,0.00518134715025907,0.0421455938697318,0.0829493087557604,0.146031746031746,0.0218340611353712,0.193415637860082,0.154255319148936,0,0.127272727272727,0.0995475113122172,0,0.00784313725490196,0.018348623853211,0.212435233160622,0,0,0,0.0105820105820106
"Amyotrophic lateral sclerosis",0,0.00192678227360308,0.0192307692307692,0.00847457627118644,0,0.00209205020920502,0,0,0.00217864923747277,0,0,0.0129589632829374,0.0330188679245283,0.0115606936416185,0,0,0.00627615062761506,0,0.238442822384428,0.0195227765726681,0.0183908045977011,0.0280612244897959,0.0148619957537155,0.00394477317554241,0,0.016548463356974,0.00635593220338983,0.0153061224489796,0,0.0045045045045045,0.0160183066361556,0.0212765957446809,0.0124309392265193,0.00428265524625268,0.00858369098712446,0.0304449648711944,0.0170454545454545,0.00427350427350427,0.037037037037037,0.00189393939393939,0.423245614035088,0.00680272108843537,0.0196078431372549,0.00672645739910314,0.541516245487365,0,0,0.00675675675675676,0.0557768924302789,0.00972447325769854,0.00480769230769231,0.00878734622144113,0.0231316725978648,0.0262096774193548,0,0.0262725779967159,0.0261569416498994,0.00242718446601942,0.0145833333333333,0.0149892933618844,0.0200445434298441,0.00169779286926995,0.219399538106236,0.0265654648956357,0.0530973451327434,0.00444444444444444,0.0131086142322097,0.0154440154440154,0.020703933747412,0.00591715976331361,0.0185950413223141,0.0205949656750572,0.0114678899082569,0,0.00836820083682008,0.0229166666666667,0,0.00697674418604651,0.0135135135135135,0.0368932038834951,0.00628930817610063,0.0157657657657658,0.0133111480865225,0.0146699266503667,0.0168728908886389,0.069620253164557,0.0091324200913242,0.00452488687782805,0.0708955223880597,0,0.00619834710743802,0.0672727272727273,0,0.00936768149882904,0.0484739676840215,0.00229357798165138,0.0258620689655172,0,0.0062111801242236,0,0.0756972111553785,0,0.0421455938697318,0.00675675675675676,0.00559701492537313,0.0190930787589499,0.0130111524163569,0,0,0.00455580865603645,0,0.217922606924644,0.00740740740740741,0.00213219616204691,0.032051282051282,0.0045766590389016,0,0.0252873563218391,0.0126811594202899,0,0.00581395348837209,0.0109289617486339,0.0173410404624277,0.0175438596491228,0.382940108892922,0.0024330900243309,0.0184757505773672,0,0.0414312617702448,0,0.0295983086680761,0.0418848167539267,0.00851063829787234,0.00687285223367698,0.019438444924406,0.0321285140562249,0,0.00589101620029455,0,0.154708520179372,0.0133111480865225,0.0151187904967603,0,0,0.0158730158730159,0.00938967136150235,0.0270833333333333,0.0185185185185185,0,0.00612244897959184,0.0218253968253968,0,0,0.030690537084399,0,0.00782778864970646,0,0.0522727272727273,0.0129496402877698,0.0043956043956044,0.0229357798165138,0.00240963855421687,0.40174672489083,0,0.00773694390715667,0.00454545454545455,0.0137614678899083,0.220338983050847,0.0403846153846154,0,0.00510204081632653,0,0,0.0205831903945112,0.0100755667506297,0.00428265524625268,0.118279569892473,0,0,0.10873440285205,0.0578358208955224,0.0473484848484848,0.0272536687631027,0.00244498777506112,0.0123203285420945,0.00665188470066519,0.02,0,0.0191082802547771,0.0198915009041591,0.212,0.0332681017612524,0,0.00234741784037559,0.0338983050847458,0.0271317829457364,0.00198412698412698,0.00355871886120996,0.0328542094455852,0.00431034482758621,0.0106157112526539,0.011744966442953,0,0.01417004048583,0.0197802197802198,0.0237580993520518,0,0.0169491525423729,0.00477326968973747,0.0181451612903226,0.0046189376443418,0.00650759219088937,0.00381679389312977,0.0138248847926267,0.00462962962962963,0.00249376558603491,0,0,0,0.00229885057471264,0.0282186948853616,0.0199115044247788,0.0220264317180617,0,0.0134099616858238,0.0633561643835616,0,0,0.0281124497991968,0,0,0.0174672489082969,0.0261044176706827,0.00476190476190476,0,0,0.0267260579064588,0.00380228136882129,0.0142857142857143,0.00953678474114441,0.00245700245700246,0.00413223140495868,0.018140589569161,0.0687732342007435,0.50551876379691,0.0100200400801603,0.0286396181384248,0,0.0131578947368421,0.0155555555555556,0,0.00641025641025641,0.00460829493087558,0.00900900900900901,0,0,0,0
"Hedgehog signaling pathway",0,0,0.00467289719626168,0.0189873417721519,0,0.0186335403726708,0,0,0.0211267605633803,0,0,0.0198675496688742,0.025,0.0194174757281553,0.0261437908496732,0,0.00606060606060606,0,0,0.0333333333333333,0,0.0114942528735632,0.01875,0.0210526315789474,0.05,0,0,0.0254545454545455,0,0,0.0078125,0,0.00966183574879227,0.0198675496688742,0,0.0245901639344262,0,0,0.00409836065573771,0.019047619047619,0.0121212121212121,0.0078125,0.02,0,0.0112570356472795,0,0,0.00763358778625954,0,0.0198675496688742,0,0.0156862745098039,0.0317460317460317,0.00518134715025907,0,0.00977198697068404,0.0209424083769634,0,0,0,0.0214285714285714,0.0110294117647059,0.00471698113207547,0.018018018018018,0.0125786163522013,0,0.018018018018018,0.0193236714975845,0.00564971751412429,0.0209424083769634,0.0229885057471264,0.0234375,0,0,0.0182926829268293,0.0114942528735632,0,0.0260869565217391,0,0.00458715596330275,0.00609756097560976,0.0149253731343284,0.0103092783505155,0.0309278350515464,0.031523642732049,0.00523560209424084,0.0241935483870968,0,0,0,0.0238095238095238,0.00740740740740741,0,0,0.0150943396226415,0,0,0,0.0363636363636364,0,0.0180995475113122,0,0,0.0232558139534884,0.0135746606334842,0,0.0599078341013825,0,0,0,0,0,0.0108695652173913,0,0.00598802395209581,0.00813008130081301,0,0.00769230769230769,0.012448132780083,0,0.02,0.0212765957446809,0,0.0205479452054795,0.0113122171945701,0.0104166666666667,0.008,0,0.00421940928270042,0,0.029940119760479,0.0180505415162455,0.0192307692307692,0.0265151515151515,0.0129032258064516,0,0,0.00821917808219178,0.020979020979021,0,0,0.0197368421052632,0,0,0.00757575757575758,0.0176991150442478,0.00564971751412429,0,0,0.00564971751412429,0.0101010101010101,0,0,0,0,0.0050251256281407,0,0.0277777777777778,0.020997375328084,0.0215827338129496,0.031496062992126,0,0.00925925925925926,0,0.03,0,0,0.00384615384615385,0.00892857142857143,0,0,0,0,0.0181818181818182,0,0,0.0148514851485149,0,0,0.00326797385620915,0.008,0.00421940928270042,0,0,0.0289017341040462,0,0.0317460317460317,0,0,0,0.0104166666666667,0.0191387559808612,0.00234741784037559,0,0.0142450142450142,0.00938967136150235,0.0160427807486631,0.033195020746888,0.032967032967033,0.0202702702702703,0.00625,0,0,0.0276243093922652,0,0,0,0.0294117647058824,0,0,0,0.0136054421768707,0.0242718446601942,0.0245901639344262,0.101851851851852,0,0,0,0,0.0168067226890756,0,0.020979020979021,0.0136054421768707,0.014,0.00469483568075117,0.0166112956810631,0,0.0267857142857143,0.00510204081632653,0,0,0.00666666666666667,0.0208333333333333,0.00943396226415094,0.0283018867924528,0.0285714285714286,0,0.0441176470588235,0.0167597765363128,0,0,0.0178571428571429,0,0.0116731517509728,0,0.0216216216216216,0,0,0.00684931506849315,0.00709219858156028,0,0,0.0254237288135593,0.00757575757575758,0,0,0,0.0714285714285714
"MAPK signaling pathway",0,0.0924574209245742,0.0408163265306122,0.0742705570291777,0,0.0225563909774436,0,0,0.0345744680851064,0.00307692307692308,0,0.105555555555556,0.0857988165680473,0.0861244019138756,0.0415584415584416,0,0.0704960835509138,0,0,0.0901639344262295,0.0508474576271186,0.0184049079754601,0.032994923857868,0.0735294117647059,0.0289473684210526,0,0.0150753768844221,0.0669371196754564,0,0.0292598967297762,0.0906432748538012,0.0763157894736842,0.194945848375451,0.0418848167539267,0.0668449197860963,0.0482954545454545,0.0590909090909091,0.11142061281337,0.0516129032258065,0.0200445434298441,0.0664206642066421,0.147692307692308,0.041994750656168,0.0134048257372654,0.0711354309165527,0,0,0.0930232558139535,0.00437636761487965,0.0337078651685393,0.0451807228915663,0.117777777777778,0.122494432071269,0.120204603580563,0,0.146997929606625,0.0759803921568627,0,0.0297029702970297,0.0921409214092141,0.115273775216138,0.0196463654223969,0.0752941176470588,0.0352422907488987,0.0358056265984655,0.016,0.0829493087557604,0.1375,0.116402116402116,0.0681265206812652,0.10761154855643,0.0190217391304348,0.0422535211267606,0,0.0731070496083551,0.15702479338843,0,0.0523255813953488,0.0706214689265537,0.151741293532338,0.0460358056265985,0.117647058823529,0.315403422982885,0.00879765395894428,0.156944444444444,0.0982367758186398,0.0722543352601156,0,0.0793991416309013,0,0.0612244897959184,0.136563876651982,0,0.0714285714285714,0.132450331125828,0.0280898876404494,0.10655737704918,0,0.0586734693877551,0,0.0539325842696629,0,0.0558035714285714,0.0162162162162162,0.033112582781457,0.0379008746355685,0.0533333333333333,0.00276243093922652,0,0.0979228486646884,0,0.082135523613963,0.046583850931677,0.0611702127659574,0.0986666666666667,0.0791788856304985,0.0177215189873418,0.0302197802197802,0.0427350427350427,0,0.125628140703518,0.0637362637362637,0.0505747126436782,0.139130434782609,0.0696594427244582,0.0557275541795666,0.0109289617486339,0,0.0758928571428571,0,0.0612244897959184,0.131182795698925,0.0440414507772021,0.122004357298475,0.0986301369863014,0.127226463104326,0,0.0736842105263158,0.00775193798449612,0.0277777777777778,0.0569744597249509,0.0754716981132075,0,0,0.105571847507331,0.0748502994011976,0.0848329048843188,0.11144578313253,0,0.0193236714975845,0.0882352941176471,0,0,0,0.0204081632653061,0.0596658711217184,0.021671826625387,0.0769230769230769,0.0567612687813022,0.0348525469168901,0.0217983651226158,0.0147058823529412,0.0251346499102334,0,0.125,0.0722543352601156,0.06,0.0498960498960499,0.0284463894967177,0,0,0,0,0.107822410147992,0,0.00759493670886076,0.0515222482435597,0.0219435736677116,0,0.0932539682539683,0.109619686800895,0.0547045951859956,0.117333333333333,0.00892857142857143,0.0471464019851117,0.0186170212765957,0.052757793764988,0,0.0994623655913978,0.0422832980972516,0.0428849902534113,0.101204819277108,0.0338983050847458,0.0142450142450142,0,0.0774647887323944,0.0611246943765281,0.0787746170678337,0.0719602977667494,0.0154241645244216,0.0686015831134565,0.124735729386892,0,0.113989637305699,0.0621621621621622,0,0,0.0264705882352941,0,0.0742574257425743,0,0.048,0.0483870967741935,0.0336134453781513,0.011142061281337,0,0,0,0.00574712643678161,0.0672514619883041,0.227817745803357,0.0483870967741935,0.0452127659574468,0.00670241286863271,0.0725995316159251,0.0721247563352826,0.0196629213483146,0.0227920227920228,0.0970149253731343,0,0.027355623100304,0.0704607046070461,0.0476190476190476,0,0.0172910662824208,0.0414201183431953,0.104815864022663,0.0200892857142857,0.0570719602977667,0,0.0243161094224924,0.0807291666666667,0.0617977528089888,0.0885529157667387,0.0183333333333333,0.107416879795396,0.121495327102804,0,0.0921787709497207,0.112391930835735,0,0.0101010101010101,0.0369318181818182,0.0991253644314869,0,0,0,0
"Hepatitis C",0,0.0807017543859649,0.135714285714286,0.00380228136882129,0,0.0348837209302326,0,0,0,0,0,0.200934579439252,0.0462962962962963,0.0433333333333333,0.04,0,0.0846774193548387,0,0.00337837837837838,0.151785714285714,0.178571428571429,0.0552486187845304,0.0152671755725191,0.1,0,0,0,0.0576923076923077,0,0.0505747126436782,0.208333333333333,0.0551181102362205,0.157777777777778,0.00784313725490196,0.00389105058365759,0,0.0284810126582278,0.0978723404255319,0.156146179401993,0.0745762711864407,0.0454545454545455,0.171717171717172,0.0078740157480315,0.0349344978165939,0.0524590163934426,0,0,0.180904522613065,0.00315457413249211,0.00982800982800983,0.0618556701030928,0.0741839762611276,0.103343465045593,0.104089219330855,0,0.0048661800486618,0.336322869955157,0,0.136363636363636,0.164444444444444,0.177033492822967,0.0216216216216216,0.104895104895105,0.119047619047619,0.0393700787401575,0.0126582278481013,0.13448275862069,0.0363036303630363,0.161157024793388,0.0797101449275362,0.09765625,0.0636363636363636,0.080188679245283,0,0.0714285714285714,0.134146341463415,0,0.0625,0.043859649122807,0.341666666666667,0.0850202429149798,0.143540669856459,0.0846994535519126,0,0.130718954248366,0.18,0.138613861386139,0.0131004366812227,0.152866242038217,0,0.0617760617760618,0.198083067092652,0,0.0682926829268293,0.180952380952381,0.0273972602739726,0.11864406779661,0,0.0339622641509434,0,0.0897009966777409,0,0.312252964426877,0,0.159574468085106,0.0436893203883495,0.0152439024390244,0,0,0.122549019607843,0,0.0903954802259887,0.0888888888888889,0.0573770491803279,0.101626016260163,0.164102564102564,0,0.125,0.0358208955223881,0,0.145522388059701,0.0425531914893617,0.0226537216828479,0.05,0.0826771653543307,0.11731843575419,0.0269058295964126,0,0.125412541254125,0,0.00732600732600733,0.233974358974359,0.048,0.1,0.101694915254237,0.126865671641791,0,0.0728929384965831,0.0121951219512195,0.0412371134020619,0.160818713450292,0.0278884462151394,0,0,0.204081632653061,0.191256830601093,0.142276422764228,0.106796116504854,0,0.0725190839694656,0.160919540229885,0,0,0.0105820105820106,0,0.0860215053763441,0,0.0546218487394958,0.214814814814815,0,0,0.02,0.018957345971564,0,0.144444444444444,0.100478468899522,0.036036036036036,0.04,0.0154320987654321,0.0856164383561644,0,0,0,0.106936416184971,0,0.028,0.0065359477124183,0,0,0.0846560846560847,0.28158844765343,0.281954887218045,0.13469387755102,0.0206185567010309,0.106299212598425,0.146919431279621,0.0492957746478873,0,0.252336448598131,0.0507462686567164,0.0154639175257732,0.108771929824561,0.0271317829457364,0.00938967136150235,0.0774647887323944,0,0.0244755244755245,0.103448275862069,0.043010752688172,0,0.0645161290322581,0.0653950953678474,0,0.0946969696969697,0.05,0.031496062992126,0,0.00970873786407767,0,0.167330677290837,0.00904977375565611,0.0161290322580645,0.0644067796610169,0,0.0277777777777778,0,0,0,0,0.087378640776699,0.0630372492836676,0.0732758620689655,0.172093023255814,0,0.0931034482758621,0.0848806366047745,0,0.0480769230769231,0.0714285714285714,0,0.053475935828877,0.0901287553648069,0.0418118466898955,0.00961538461538462,0,0.00956937799043062,0.147465437788018,0.0604026845637584,0.043956043956044,0,0.0208333333333333,0.0378787878787879,0.0394736842105263,0.264808362369338,0.0173160173160173,0.123076923076923,0.100502512562814,0,0.131221719457014,0.134259259259259,0,0.01171875,0.00900900900900901,0.216494845360825,0,0,0,0
"Vascular smooth muscle contraction",0,0.141129032258065,0.0244755244755245,0.081447963800905,0,0.0168067226890756,0,0,0.0931372549019608,0,0,0.0311111111111111,0.203592814371257,0.161290322580645,0.169154228855721,0,0.0382978723404255,0,0,0.0938967136150235,0,0,0.0904977375565611,0.0793650793650794,0.076555023923445,0,0.166666666666667,0.142857142857143,0,0,0.050761421319797,0.0125,0.0122448979591837,0.214659685863874,0.026431718061674,0.109289617486339,0.304347826086957,0.0688073394495413,0.0352564102564103,0,0.0325814536340852,0.035,0.196891191709845,0.004739336492891,0.0493197278911565,0,0,0.0880829015544041,0,0.0025974025974026,0.0342857142857143,0.0698412698412698,0.0868167202572347,0.0381679389312977,0,0.13782991202346,0,0,0.0288065843621399,0.0440528634361234,0.0375586854460094,0.131410256410256,0,0.0519031141868512,0,0,0.0340136054421769,0.313636363636364,0.0281124497991968,0.142259414225941,0.153153153153153,0,0.00492610837438424,0,0.079295154185022,0.0627615062761506,0,0.0652173913043478,0.0142857142857143,0.0348432055749129,0.0340425531914894,0.0490196078431373,0.11377245508982,0.0470588235294118,0.0775444264943457,0.0305343511450382,0.025,0.0197044334975369,0.043343653250774,0,0.141552511415525,0.0542168674698795,0,0.204968944099379,0.0611620795107034,0,0.0717488789237668,0,0.169014084507042,0,0.0376712328767123,0,0.0233333333333333,0.2,0.00332225913621262,0,0.0405405405405405,0,0.0448717948717949,0.0355329949238579,0,0.0226628895184136,0.0301204819277108,0.0787037037037037,0.00819672131147541,0.0358974358974359,0.0875576036866359,0.00966183574879227,0.0769230769230769,0,0.0254545454545455,0.029126213592233,0.0174825174825175,0.268156424581006,0.0521042084168337,0.0416666666666667,0,0,0.0394736842105263,0,0.162790697674419,0.142857142857143,0.062780269058296,0.0771604938271605,0.0585585585585586,0.022140221402214,0,0.0252873563218391,0.0616113744075829,0.0411985018726592,0.0163934426229508,0.245989304812834,0,0,0.0292682926829268,0.0376344086021505,0.080168776371308,0.068421052631579,0,0.00392156862745098,0,0,0,0,0.115151515151515,0.0183150183150183,0.131034482758621,0.177083333333333,0.0196506550218341,0.176470588235294,0.12972972972973,0,0.0411311053984576,0.0564516129032258,0.0252707581227437,0.025,0,0.0398773006134969,0,0,0,0,0,0.0467836257309941,0,0.0790697674418605,0.114173228346457,0.134751773049645,0,0.0212201591511936,0.0476190476190476,0.00958466453674121,0.0160642570281124,0,0.0622406639004149,0,0.114285714285714,0,0.0167364016736402,0.0380952380952381,0.0482954545454545,0.0698529411764706,0.00198412698412698,0.0160427807486631,0.0611246943765281,0.0244755244755245,0,0.09,0.117647058823529,0.205263157894737,0.00843881856540084,0.086053412462908,0,0.104602510460251,0.0133928571428571,0.0128205128205128,0,0.0280898876404494,0,0.0387596899224806,0,0.0271493212669683,0.12890625,0.22289156626506,0,0,0,0,0,0.117977528089888,0.108974358974359,0.0566037735849057,0,0.0209424083769634,0.0354609929078014,0.0434782608695652,0.106741573033708,0.0903954802259887,0.0377358490566038,0,0.029940119760479,0.00881057268722467,0.170940170940171,0,0.0809248554913295,0.120481927710843,0.0275229357798165,0.0104166666666667,0.232227488151659,0.0413223140495868,0.0555555555555556,0.152777777777778,0.0495049504950495,0,0.0136674259681093,0.0269230769230769,0.0837988826815642,0,0.0273972602739726,0.0476190476190476,0,0,0.16374269005848,0.0343137254901961,0,0,0,0
"Chemokine signaling pathway",0,0.159322033898305,0.0173410404624277,0.041958041958042,0,0.0134680134680135,0,0,0.137096774193548,0,0,0.110687022900763,0.0878661087866109,0.0877742946708464,0.109433962264151,0,0.0669014084507042,0,0,0.158730158730159,0.03515625,0,0.0416666666666667,0.114478114478114,0.163934426229508,0,0.0683453237410072,0.126344086021505,0,0.152582159624413,0.122362869198312,0.0522648083623693,0.10337972166998,0.0659340659340659,0,0.0194552529182879,0.0945121951219512,0.0977443609022556,0.064066852367688,0.00285714285714286,0.0420353982300885,0.0769230769230769,0.16,0.084,0.0304878048780488,0,0,0.116182572614108,0.00571428571428571,0.0446009389671361,0.0526315789473684,0.128205128205128,0.115168539325843,0.149305555555556,0,0.0468384074941452,0.0779220779220779,0,0.115523465703971,0.125475285171103,0.106719367588933,0.134986225895317,0.0542168674698795,0.0401146131805158,0.0205479452054795,0,0.0900900900900901,0.111821086261981,0.129032258064516,0.160839160839161,0.216216216216216,0,0.047808764940239,0,0.113553113553114,0.159259259259259,0,0.11353711790393,0.0381679389312977,0.119496855345912,0.0671378091872792,0.142259414225941,0.171195652173913,0.025974025974026,0.139717425431711,0.0786885245901639,0.142857142857143,0.0390625,0.0448548812664908,0,0.231075697211155,0.145658263305322,0,0.0765957446808511,0.170028818443804,0.0156862745098039,0.116104868913858,0,0.103942652329749,0,0.0647058823529412,0,0.086053412462908,0.0846774193548387,0.0617647058823529,0.0289256198347107,0.0396600566572238,0,0.018348623853211,0.123931623931624,0,0.0880829015544041,0.031390134529148,0.118773946360153,0.0815602836879433,0.125,0,0.0509803921568627,0.114035087719298,0,0.0825396825396825,0.0959302325581395,0.0355029585798817,0.125984251968504,0.0541516245487365,0.0446428571428571,0.0115384615384615,0,0.0359116022099447,0,0.157303370786517,0.29320987654321,0.0882352941176471,0.12396694214876,0.130769230769231,0.0803858520900322,0,0.0609243697478992,0.044280442804428,0.0498442367601246,0.061576354679803,0.110266159695817,0,0,0.115702479338843,0.105263157894737,0.125,0.124463519313305,0,0.0361842105263158,0.046583850931677,0,0,0,0,0.0698412698412698,0,0.126482213438735,0.0756646216768916,0.0689655172413793,0.072,0,0.0175438596491228,0.0288461538461538,0.082018927444795,0.0688259109311741,0.0819672131147541,0.0613333333333333,0,0,0,0,0,0.094488188976378,0,0.0505415162454874,0.132450331125828,0,0,0.0596658711217184,0.196923076923077,0.0653409090909091,0.102473498233216,0,0.109154929577465,0.0454545454545455,0.0473186119873817,0,0.122676579925651,0.0752089136490251,0.0439024390243902,0.0638297872340425,0.00355871886120996,0.033195020746888,0.0787746170678337,0.103448275862069,0.09,0,0.128472222222222,0.0666666666666667,0.075812274368231,0.106770833333333,0,0.26171875,0.0514705882352941,0,0,0.0386266094420601,0,0.112244897959184,0.00784313725490196,0.0514705882352941,0.0841121495327103,0.0522088353413655,0.00392156862745098,0,0,0,0.0253164556962025,0.107296137339056,0.157142857142857,0.109803921568627,0.0631970260223048,0.0173775671406003,0.08,0.1075,0,0.110132158590308,0.0774193548387097,0,0.05,0.0786516853932584,0.176678445229682,0,0.0468085106382979,0.0515021459227468,0.109803921568627,0.00864553314121038,0.164233576642336,0,0.0267857142857143,0.140740740740741,0.0423076923076923,0.0672043010752688,0.0100200400801603,0.0830564784053156,0.129464285714286,0,0.149797570850202,0.148148148148148,0,0.273913043478261,0.0705394190871369,0.148936170212766,0,0,0,0
"Dopaminergic synapse",0,0.03690036900369,0.0246478873239437,0.0304347826086957,0,0.0169491525423729,0,0,0.175531914893617,0,0,0.055045871559633,0.228395061728395,0.282511210762332,0.176767676767677,0,0.0431034482758621,0,0,0.0744186046511628,0.0355329949238579,0.0186335403726708,0.189054726368159,0.08,0.205405405405405,0,0.0582959641255605,0.154838709677419,0.037037037037037,0,0.0459183673469388,0.0478260869565217,0.10762331838565,0.210526315789474,0.00873362445414847,0.358108108108108,0.155038759689922,0.0452488687782805,0.0456026058631922,0.0357142857142857,0.0933333333333333,0.0148514851485149,0.363095238095238,0,0.0827464788732394,0,0.0116959064327485,0.0890052356020942,0,0.0131926121372032,0.0406976744186047,0.0403726708074534,0.073482428115016,0.0505836575875486,0,0.109195402298851,0.0304182509505703,0.0175438596491228,0.0420168067226891,0.146341463414634,0.037914691943128,0.114285714285714,0.0509090909090909,0.0522648083623693,0.0171673819742489,0.00471698113207547,0.023728813559322,0.181069958847737,0.139013452914798,0.183406113537118,0.203791469194313,0,0.0306122448979592,0.0103626943005181,0.0752212389380531,0.100436681222707,0,0.0374331550802139,0.0292682926829268,0.0885608856088561,0.0807174887892377,0.0341463414634146,0.114457831325301,0.0666666666666667,0.0848287112561175,0.0428015564202335,0.068421052631579,0.0199004975124378,0.0244648318042813,0,0.305263157894737,0.104761904761905,0,0.142857142857143,0.165540540540541,0,0.107476635514019,0,0.148837209302326,0,0.041522491349481,0.00628930817610063,0.0166666666666667,0.168539325842697,0.0101010101010101,0,0.0736842105263158,0,0.0592105263157895,0.0150753768844221,0,0.0316091954022989,0,0.0266666666666667,0.0608695652173913,0.0152284263959391,0,0.0147058823529412,0.221374045801527,0,0.0181818181818182,0.0394736842105263,0.0321428571428571,0.19047619047619,0.0673469387755102,0,0,0.00985221674876847,0.0865051903114187,0,0.252525252525253,0.221843003412969,0.0585585585585586,0.0981012658227848,0.0737327188940092,0.0700389105058366,0,0.00680272108843537,0.0230414746543779,0.0909090909090909,0.0306406685236769,0.190721649484536,0,0,0.0295566502463054,0.0213903743315508,0.170506912442396,0.0578947368421053,0,0.114035087719298,0.0415094339622641,0,0,0.0123456790123457,0,0.0298507462686567,0,0.103448275862069,0.0714285714285714,0.159574468085106,0.143646408839779,0,0.104109589041096,0.00386100386100386,0.0143884892086331,0.015,0.0357142857142857,0.0801282051282051,0.0168350168350168,0,0,0,0,0.072289156626506,0,0.07981220657277,0.243362831858407,0,0,0.037940379403794,0.150877192982456,0.0194805194805195,0.091304347826087,0,0.0583333333333333,0,0.158119658119658,0,0.0478260869565217,0.045016077170418,0.0485714285714286,0.0905660377358491,0.0328542094455852,0.032967032967033,0.0719602977667494,0.043010752688172,0.117647058823529,0.128472222222222,0,0.112745098039216,0.00423728813559322,0.0196078431372549,0,0.259615384615385,0.0514018691588785,0.087962962962963,0,0.206666666666667,0.0111111111111111,0.0230769230769231,0,0,0.12992125984252,0.168604651162791,0.00515463917525773,0,0,0.0131578947368421,0,0.125714285714286,0.0990415335463259,0.0829268292682927,0.0135135135135135,0.0355239786856128,0.0247349823321555,0.0523415977961433,0,0.0611111111111111,0.0705882352941176,0,0.0179640718562874,0.0412844036697248,0.182608695652174,0,0.069364161849711,0.0279329608938547,0.0521327014218009,0.0433212996389892,0.112068965517241,0.0224032586558045,0.0496894409937888,0.253807106598985,0.09375,0.0306748466257669,0.0598086124401914,0.0392156862745098,0.0726256983240224,0,0.0420560747663551,0.0686274509803922,0,0,0.145348837209302,0.0145631067961165,0,0,0,0.0184049079754601
"Salivary secretion",0,0.0655021834061135,0,0.0810810810810811,0,0,0,0,0.0887573964497041,0,0,0,0.165467625899281,0.220588235294118,0.166666666666667,0,0.0148514851485149,0.0555555555555556,0,0.0718232044198895,0,0,0.10989010989011,0.0448430493273543,0.0941176470588235,0,0.317880794701987,0.126315789473684,0,0,0.0181818181818182,0,0.00219298245614035,0.286666666666667,0.00518134715025907,0.100671140939597,0.231132075471698,0.0157068062827225,0.0289855072463768,0,0.0191256830601093,0,0.238709677419355,0,0.0377019748653501,0,0,0.062111801242236,0.00395256916996047,0,0,0.0101694915254237,0.0346020761245675,0.00431034482758621,0,0.140522875816993,0,0,0.0144230769230769,0.0366492146596859,0,0.0940766550522648,0,0.0114503816793893,0,0,0.0114503816793893,0.168224299065421,0,0.135922330097087,0.124352331606218,0,0,0,0.0618556701030928,0.0336538461538462,0.00510204081632653,0.0827586206896552,0.00578034682080925,0.0117647058823529,0.00492610837438424,0.0174418604651163,0.040625,0.0610687022900763,0.0466666666666667,0.0131578947368421,0,0.024390243902439,0,0,0.128342245989305,0.0436241610738255,0,0.131386861313869,0.0476190476190476,0,0.0526315789473684,0,0.129032258064516,0,0.0153846153846154,0,0.0075187969924812,0.325581395348837,0,0,0.0386100386100386,0,0.0598290598290598,0,0.0152671755725191,0.00311526479750779,0,0.0157068062827225,0,0,0,0,0.044280442804428,0,0,0.00359712230215827,0,0.189873417721519,0.0384615384615385,0,0.00609756097560976,0,0.0297397769516729,0,0.128342245989305,0.106896551724138,0.0702702702702703,0.0652920962199313,0.0315789473684211,0.0127659574468085,0,0.00742574257425743,0.149068322981366,0.0482456140350877,0.00909090909090909,0.190184049079755,0,0,0,0,0.0382775119617225,0.00613496932515337,0,0.00462962962962963,0,0,0,0,0,0,0,0.191082802547771,0.00943396226415094,0.23972602739726,0.240875912408759,0,0.0457142857142857,0.0568720379146919,0,0,0,0.0238907849829352,0,0,0.00854700854700855,0,0,0.0390879478827362,0,0.0965909090909091,0.104072398190045,0,0,0,0.0355871886120996,0,0,0,0.101522842639594,0,0.10377358490566,0,0,0.0285714285714286,0.0509554140127389,0.0413223140495868,0.00431034482758621,0.0202702702702703,0.0154241645244216,0,0.205263157894737,0.0666666666666667,0.112745098039216,0,0.0050251256281407,0.00615384615384615,0,0.0922330097087379,0,0,0,0.0359712230215827,0.00694444444444444,0.0132743362831858,0,0,0.091703056768559,0.214814814814815,0,0,0,0,0,0.0810810810810811,0.0886524822695035,0.069364161849711,0,0.024390243902439,0.012,0.0207100591715976,0,0.132352941176471,0.0305676855895196,0,0.0991735537190083,0.0106382978723404,0.146341463414634,0,0.223140495867769,0.0970149253731343,0,0,0.133333333333333,0.0152838427947598,0.0645161290322581,0.0824742268041237,0.0421686746987952,0,0.015,0,0.0197368421052632,0,0.00540540540540541,0.0168539325842697,0,0,0.151079136690647,0,0,0,0,0
"NF-kappa B signaling pathway",0,0.0200803212851406,0.0731707317073171,0.00961538461538462,0,0.00471698113207547,0,0,0.00518134715025907,0,0,0.041025641025641,0.00584795321637427,0.00387596899224806,0.0048780487804878,0,0.0386473429951691,0,0,0.00492610837438424,0.10625,0.0458015267175573,0,0.00413223140495868,0.00512820512820513,0,0.00480769230769231,0.00914634146341463,0,0.0746666666666667,0.0348837209302326,0.0646766169154229,0.0218818380743982,0.00495049504950495,0.00492610837438424,0.00578034682080925,0,0.0099009900990099,0.11787072243346,0.0154440154440154,0.0159151193633952,0.0171428571428571,0.00497512437810945,0,0.0261780104712042,0.00520833333333333,0,0.0342857142857143,0.0114942528735632,0.00280898876404494,0.0133333333333333,0.0165016501650165,0.0198019801980198,0.10958904109589,0,0.0112676056338028,0.109090909090909,0,0.027906976744186,0.0890052356020942,0.0212765957446809,0,0.031496062992126,0,0.0344827586206897,0.00540540540540541,0.0261194029850746,0.00775193798449612,0.0861244019138756,0.00411522633744856,0.0133928571428571,0.0465116279069767,0.0670731707317073,0,0,0.0465116279069767,0.00975609756097561,0,0.0952380952380952,0.0938775510204082,0.0388349514563107,0.0277777777777778,0.0331325301204819,0,0.042483660130719,0.12093023255814,0.0232558139534884,0.0113636363636364,0.088339222614841,0,0.0091324200913242,0.130281690140845,0,0.0122699386503067,0.089041095890411,0.0301204819277108,0.0880829015544041,0,0.0138248847926267,0,0.0223880597014925,0,0.0775193798449612,0.00555555555555556,0.0111111111111111,0.0878378378378378,0.021978021978022,0,0,0,0,0.0215384615384615,0.0215827338129496,0.0355329949238579,0.124352331606218,0.0421686746987952,0,0.0344827586206897,0,0,0.0201612903225806,0.0104895104895105,0.00383141762452107,0.0050761421319797,0.029045643153527,0.00689655172413793,0.0233918128654971,0,0.0708955223880597,0,0.00454545454545455,0.067741935483871,0.0666666666666667,0.0191082802547771,0.0564102564102564,0.117117117117117,0,0.0245700245700246,0,0.00809716599190283,0.0752351097178683,0.0303030303030303,0,0,0.0520231213872832,0.0186335403726708,0.0365296803652968,0.0481927710843374,0,0.00442477876106195,0.142201834862385,0,0,0,0,0,0,0.00510204081632653,0.028169014084507,0.00526315789473684,0.00558659217877095,0.0135135135135135,0.0053475935828877,0,0.0159362549800797,0,0.0864197530864197,0.0130718954248366,0.00732600732600733,0.0154440154440154,0,0,0,0.0681818181818182,0,0.015,0.00793650793650794,0,0,0.0853658536585366,0.075,0.112403100775194,0.172774869109948,0.0285714285714286,0.0133928571428571,0.0681818181818182,0,0,0.156756756756757,0.0311418685121107,0,0.0274509803921569,0.0106157112526539,0.00625,0.0686015831134565,0.0645161290322581,0.00843881856540084,0.075812274368231,0.00423728813559322,0.0050251256281407,0,0.00297619047619048,0,0.0129310344827586,0.0588235294117647,0,0,0.0131578947368421,0,0.0436681222707424,0,0.0259067357512953,0,0,0.0181818181818182,0,0,0,0.054421768707483,0.00591715976331361,0.00955414012738853,0.0103626943005181,0.112359550561798,0,0.0193798449612403,0.095679012345679,0.00598802395209581,0.00613496932515337,0.0603448275862069,0,0.00704225352112676,0.123595505617978,0,0,0.00636942675159236,0.00641025641025641,0.120689655172414,0.00769230769230769,0.0176211453744493,0,0.0518518518518519,0.00917431192660551,0.0892857142857143,0.131868131868132,0.00240963855421687,0.0258620689655172,0.0248447204968944,0,0.0888888888888889,0.0159574468085106,0,0.0846560846560847,0,0.0581395348837209,0,0,0.00571428571428571,0
"Regulation of actin cytoskeleton",0,0.130563798219585,0,0.0732484076433121,0,0.0119047619047619,0,0,0.00626959247648903,0.00389105058365759,0,0.114864864864865,0.0454545454545455,0.0265957446808511,0.0246153846153846,0,0.0523076923076923,0,0,0.0816993464052288,0,0,0.00892857142857143,0.0818713450292398,0.0031055900621118,0,0.0120481927710843,0.0904761904761905,0,0.00378787878787879,0.0854092526690391,0.00589970501474926,0.16015625,0,0.0746753246753247,0.0100671140939597,0.0670241286863271,0.122033898305085,0.00717703349282297,0,0.0365853658536585,0.182170542635659,0.00920245398773006,0.135531135531136,0.0228898426323319,0.0491803278688525,0,0.1,0.0316622691292876,0.0567685589519651,0.0371747211895911,0.294642857142857,0.168900804289544,0.185897435897436,0,0.0945945945945946,0.0305555555555556,0,0.137254901960784,0.043613707165109,0.103806228373702,0.0344036697247706,0.0345744680851064,0.0923913043478261,0.0212121212121212,0,0.072,0.07202216066482,0.0993788819875776,0.0630372492836676,0.0727272727272727,0,0.0100334448160535,0,0.058641975308642,0.0797546012269939,0.0121212121212121,0.05,0.019672131147541,0.0618279569892473,0.0428134556574924,0.122302158273381,0.169154228855721,0,0.125,0.0574712643678161,0.0782918149466192,0.0338983050847458,0.126943005181347,0,0.0674846625766871,0.0591016548463357,0,0.0428571428571429,0.0933660933660934,0,0.0732484076433121,0,0.0389221556886228,0,0.0580474934036939,0,0.0438144329896907,0.0301003344481605,0.0526315789473684,0.00699300699300699,0.0175438596491228,0,0,0.126865671641791,0,0.0625,0.0306513409961686,0.16140350877193,0.0207715133531157,0.0830324909747292,0,0.0406779661016949,0.037037037037037,0,0.134328358208955,0.124324324324324,0.0345744680851064,0.0416666666666667,0.0435510887772194,0.0540540540540541,0.023728813559322,0,0.0298507462686567,0,0.00869565217391304,0.103614457831325,0.056782334384858,0.0902439024390244,0.0605095541401274,0.0416666666666667,0,0.0666666666666667,0.00311526479750779,0.0273224043715847,0.0398230088495575,0.0441640378548896,0,0,0.0842105263157895,0.0981132075471698,0.0858895705521472,0.0945454545454545,0.07,0.032069970845481,0.010752688172043,0,0,0,0,0.0712250712250712,0,0.0657894736842105,0.0949612403100775,0.00632911392405063,0,0,0,0,0.13353115727003,0.0860215053763441,0.0202020202020202,0.0380047505938242,0,0.029023746701847,0,0,0,0.0434782608695652,0,0.0443037974683544,0.00793650793650794,0,0,0.115473441108545,0.0567901234567901,0.0428211586901763,0.0384615384615385,0,0.0727272727272727,0,0.0220385674931129,0,0.0460122699386503,0.0651629072681704,0.0196506550218341,0.0657534246575342,0.011744966442953,0,0.124735729386892,0.0653950953678474,0.086053412462908,0.106770833333333,0.0196078431372549,0.00615384615384615,0.00297619047619048,0,0,0.0678466076696165,0.00619195046439629,0.00903614457831325,0,0,0,0.0828402366863905,0.00338983050847458,0.101694915254237,0.0211081794195251,0,0.0068259385665529,0,0,0,0.0143884892086331,0.0645161290322581,0.229916897506925,0.0454545454545455,0.0586319218241042,0,0.0626702997275204,0.139479905437352,0,0.0392857142857143,0.0657142857142857,0,0.0424710424710425,0.00615384615384615,0.0628571428571429,0,0.00352112676056338,0.00353356890459364,0.0662251655629139,0.0236842105263158,0.11875,0.0238095238095238,0.00373134328358209,0.029673590504451,0.0333333333333333,0.0283018867924528,0,0.0735294117647059,0.0936329588014981,0,0.0875420875420875,0.123674911660777,0,0.00606060606060606,0,0.0842105263157895,0,0,0,0
"Notch signaling pathway",0,0,0,0,0,0.0240963855421687,0,0,0,0.0114942528735632,0,0.0126582278481013,0.015748031496063,0,0.0316455696202532,0,0.0117647058823529,0,0,0.0592105263157895,0,0,0.0119760479041916,0,0,0,0,0.00699300699300699,0,0,0,0,0,0,0,0.0155038759689922,0,0,0,0.0185185185185185,0.00294985250737463,0,0,0,0.0130111524163569,0,0,0,0,0.00319488817891374,0,0,0,0,0,0,0,0,0,0,0,0,0.00458715596330275,0,0,0,0.0131004366812227,0,0,0,0.010989010989011,0,0,0,0,0.0111111111111111,0,0.0163934426229508,0,0.00896860986547085,0,0,0,0,0.0402097902097902,0,0,0,0,0,0,0,0,0,0,0,0,0,0,0,0,0,0.00858369098712446,0,0.0087719298245614,0,0.0630630630630631,0,0,0.0153846153846154,0,0,0,0,0,0,0,0,0.00806451612903226,0,0.0880829015544041,0,0.00458715596330275,0,0.0225733634311512,0,0,0,0.00826446280991736,0,0,0,0,0.0183823529411765,0,0,0,0.0218579234972678,0,0.0198019801980198,0.00334448160535117,0,0,0,0,0,0,0,0,0,0,0,0,0,0,0.0147783251231527,0,0,0.0704607046070461,0,0,0,0,0,0.0143540669856459,0,0.00757575757575758,0,0,0,0,0,0,0.0141843971631206,0,0,0,0,0,0,0.0078125,0,0.0168539325842697,0,0.0574712643678161,0,0,0,0,0.00790513833992095,0,0,0,0,0,0,0,0,0,0,0,0,0,0,0.0915492957746479,0,0,0,0,0,0.0327868852459016,0.0130718954248366,0.014018691588785,0,0.0245901639344262,0,0,0,0,0,0,0,0,0,0.0138248847926267,0,0,0,0,0,0,0,0.01,0,0,0,0,0.0138888888888889,0,0,0,0,0,0.0310077519379845,0.010840108401084,0.0103626943005181,0,0,0,0,0,0,0,0.0296296296296296,0,0,0,0
"Relaxin signaling pathway",0,0.172268907563025,0.0104895104895105,0.0681818181818182,0,0.0258620689655172,0,0,0.190217391304348,0,0,0.175257731958763,0.106741573033708,0.163934426229508,0.196891191709845,0,0.100917431192661,0,0,0.286516853932584,0.0520833333333333,0.0188679245283019,0.0972222222222222,0.135593220338983,0.201086956521739,0,0.0684931506849315,0.15210355987055,0,0.00705882352941176,0.127777777777778,0.081447963800905,0.152224824355972,0.14,0.0132743362831858,0.0994475138121547,0.138461538461538,0.139303482587065,0.0562913907284768,0.00699300699300699,0.0765171503957784,0.103260869565217,0.240437158469945,0.0612244897959184,0.0442930153321976,0,0,0.150837988826816,0.00347222222222222,0.0241286863270777,0.0792682926829268,0.14041095890411,0.128378378378378,0.121338912133891,0,0.0726256983240224,0.0717131474103586,0,0.074235807860262,0.213541666666667,0.166666666666667,0.159468438538206,0.0871212121212121,0.0344827586206897,0.0444444444444444,0.00476190476190476,0.115241635687732,0.14,0.155963302752294,0.305825242718447,0.347593582887701,0,0.0471204188481675,0,0.181372549019608,0.179245283018868,0,0.149700598802395,0.0663265306122449,0.210743801652893,0.116822429906542,0.160220994475138,0.179487179487179,0.0875,0.15304347826087,0.112970711297071,0.218181818181818,0.0357142857142857,0.0471698113207547,0,0.344262295081967,0.127035830618893,0,0.111111111111111,0.182758620689655,0.0261780104712042,0.135265700483092,0,0.195121951219512,0,0.0872727272727273,0,0.0669014084507042,0.113513513513514,0.0567375886524823,0.0163934426229508,0.0410958904109589,0,0.0127388535031847,0.136363636363636,0,0.119122257053292,0.04375,0.0700934579439252,0.0950226244343891,0.131428571428571,0,0.0621761658031088,0.186567164179104,0,0.112,0.0644067796610169,0.036101083032491,0.238888888888889,0.063265306122449,0.089171974522293,0.0050251256281407,0,0.0648464163822526,0,0.2,0.289855072463768,0.153465346534653,0.197916666666667,0.283333333333333,0.128099173553719,0,0.0599520383693046,0.0628019323671498,0.0703125,0.0697674418604651,0.168367346938776,0,0,0.143646408839779,0.131736526946108,0.172093023255814,0.18452380952381,0.037914691943128,0.0723404255319149,0.0579150579150579,0,0,0,0,0.096,0,0.180851063829787,0.107655502392345,0.148936170212766,0.15819209039548,0,0.0308483290488432,0.036144578313253,0.12,0.104395604395604,0.0748663101604278,0.116666666666667,0.0204081632653061,0,0.02,0,0,0.172185430463576,0,0.0555555555555556,0.202586206896552,0,0,0.0732394366197183,0.18978102189781,0.0469798657718121,0.197115384615385,0,0.12,0.0142857142857143,0.076,0,0.132701421800948,0.0912162162162162,0.092814371257485,0.108108108108108,0.01417004048583,0.0276243093922652,0.113989637305699,0.0946969696969697,0.104602510460251,0.26171875,0.259615384615385,0.0922330097087379,0.0129310344827586,0.0678466076696165,0,0,0.0669856459330144,0,0,0.132911392405063,0.0169491525423729,0.0954356846473029,0,0.0276497695852535,0.14,0.0815217391304348,0,0,0,0,0.00558659217877095,0.147058823529412,0.163265306122449,0.202185792349727,0.0985221674876847,0.0157342657342657,0.0827067669172932,0.0826210826210826,0,0.159509202453988,0.12448132780083,0,0.0700636942675159,0.0817307692307692,0.244239631336406,0,0.063953488372093,0.0769230769230769,0.145833333333333,0.0177304964539007,0.196261682242991,0.0224948875255624,0.0308641975308642,0.183574879227053,0.0890052356020942,0.0739549839228296,0.0352112676056338,0.138528138528139,0.165644171779141,0,0.133333333333333,0.186813186813187,0,0,0.160714285714286,0.176136363636364,0,0,0,0.00613496932515337
"Th1 and Th2 cell differentiation",0,0.0125523012552301,0.0632911392405063,0,0,0.0151515151515152,0,0,0,0,0,0.0437158469945355,0.0457516339869281,0.024896265560166,0.0104166666666667,0,0.041025641025641,0,0,0.109826589595376,0.10738255033557,0.0245901639344262,0.0256410256410256,0.0266666666666667,0,0,0,0.0357142857142857,0,0.0426666666666667,0.0375,0.553846153846154,0.0364464692482916,0,0,0.0451612903225806,0.0401606425702811,0.0434782608695652,0.0763358778625954,0,0.0421348314606742,0.0121951219512195,0.0160427807486631,0,0.0304114490161002,0,0,0.0180722891566265,0.0632911392405063,0.0087719298245614,0.0447761194029851,0.0206896551724138,0.027681660899654,0.126829268292683,0,0.0266272189349112,0.131707317073171,0,0.0245098039215686,0.159763313609467,0.0404624277456647,0.00970873786407767,0.0504201680672269,0.0154440154440154,0.0259067357512953,0.10828025477707,0.0115384615384615,0.0508474576271186,0.235632183908046,0.0175438596491228,0.075,0,0.0866666666666667,0,0.0461538461538462,0.086734693877551,0.0833333333333333,0,0.264705882352941,0.127753303964758,0.0412371134020619,0.0297619047619048,0.0408805031446541,0,0.0774526678141136,0.0601851851851852,0.108108108108108,0.00606060606060606,0.0647482014388489,0,0.0195121951219512,0.103571428571429,0,0.0132450331125828,0.112727272727273,0.31404958677686,0.164705882352941,0,0.0196078431372549,0,0.0234375,0,0.141630901287554,0,0.10126582278481,0.0347222222222222,0.0470588235294118,0,0,0.01875,0,0.0561056105610561,0.015625,0.0212765957446809,0.242424242424242,0.0592105263157895,0,0.0120481927710843,0.00716845878136201,0,0.0524017467248908,0.0374531835205993,0.0416666666666667,0.0568181818181818,0.0319829424307036,0.0151515151515152,0.101351351351351,0,0.165254237288136,0,0.0346534653465347,0.0704697986577181,0.0261780104712042,0.0476190476190476,0.102272727272727,0.151219512195122,0,0.0201511335012594,0,0.021551724137931,0.0816993464052288,0.0491803278688525,0,0,0.0759493670886076,0.0133333333333333,0.053921568627451,0.0945945945945946,0,0,0.0675675675675676,0,0,0,0,0.0394736842105263,0,0.0109289617486339,0.0466830466830467,0,0,0.140495867768595,0.0111111111111111,0,0.00829875518672199,0.0123456790123457,0.100671140939597,0.0311418685121107,0.0115384615384615,0.0680851063829787,0,0,0,0.182835820895522,0,0.00526315789473684,0.0386266094420601,0,0,0.0519877675840979,0.12015503875969,0.122448979591837,0.0927835051546392,0.189189189189189,0.0336538461538462,0.0414201183431953,0.0497737556561086,0,0.122222222222222,0.0324909747292419,0.0123456790123457,0.0683760683760684,0.0197802197802198,0,0.0621621621621622,0.05,0.0133928571428571,0.0514705882352941,0.0514018691588785,0,0.0588235294117647,0.00619195046439629,0.0915492957746479,0.0669856459330144,0,0,0,0.0215827338129496,0,0.080952380952381,0.00641025641025641,0.0108695652173913,0.00813008130081301,0.0318471337579618,0,0,0,0,0.144,0.0128205128205128,0.0269360269360269,0.0110497237569061,0.0333333333333333,0,0.0161943319838057,0.058641975308642,0,0,0.0684931506849315,0,0.0155038759689922,0.125748502994012,0.0174672489082969,0,0,0,0.27972027972028,0,0.028169014084507,0,0.0236220472440945,0.00970873786407767,0.0961538461538462,0.164705882352941,0.00748129675810474,0.0511627906976744,0.0928571428571429,0,0.121951219512195,0.0529411764705882,0,0.0211640211640212,0,0.0625,0,0,0,0
"mRNA surveillance pathway",0,0,0,0,0,0.0193236714975845,0,0,0,0,0,0,0.0179640718562874,0.0798319327731092,0,0,0,0,0,0,0,0,0,0.0126050420168067,0,0,0,0.00920245398773006,0,0,0,0,0.0356347438752784,0,0,0.0177514792899408,0.0112781954887218,0,0,0.0357142857142857,0,0,0,0,0.00342465753424658,0,0,0,0,0,0,0.0099009900990099,0.00986842105263158,0,0,0,0,0,0,0.0404040404040404,0,0,0,0.0340909090909091,0,0,0,0.0117647058823529,0.076555023923445,0,0,0,0,0,0,0,0,0,0,0,0.0143540669856459,0,0,0,0,0,0,0,0,0,0,0,0,0.0251572327044025,0,0,0,0,0,0,0.00740740740740741,0,0.0415094339622641,0,0,0.00632911392405063,0,0,0,0,0,0,0,0,0,0,0,0,0.0104166666666667,0,0,0,0,0,0,0,0,0,0,0,0,0,0,0,0,0,0,0,0,0,0,0.0150753768844221,0,0,0,0,0.076555023923445,0,0,0.076555023923445,0,0,0,0.0150375939849624,0,0,0,0,0.0380952380952381,0,0,0,0,0,0,0,0,0.00983606557377049,0,0,0,0,0,0,0,0,0,0,0,0,0,0.0288808664259928,0,0,0,0,0.0521739130434783,0,0,0,0,0.0116731517509728,0.0237580993520518,0,0,0.031496062992126,0.0128205128205128,0,0.087962962962963,0,0,0.00903614457831325,0,0,0,0,0,0,0,0,0.0121212121212121,0,0,0,0,0,0,0,0,0,0,0,0,0,0,0,0,0,0,0,0,0,0,0,0,0,0,0.0441767068273092,0.0132743362831858,0,0,0,0,0,0,0,0,0,0,0,0,0,0,0,0,0,0,0
"Pentose and glucuronate interconversions",0,0,0,0,0.0307692307692308,0,0,0.0606060606060606,0,0,0.534883720930233,0,0,0,0,0,0,0.0136986301369863,0,0,0,0,0,0,0,0,0,0,0,0,0,0,0,0,0,0,0,0,0,0,0,0,0,0,0,0,0,0,0,0,0,0,0,0,0,0,0,0,0,0,0,0,0,0,0,0,0,0,0,0,0,0,0,0.2375,0,0,0,0,0,0,0,0,0,0,0,0,0,0,0,0,0,0,0,0,0,0,0,0,0.00666666666666667,0,0,0.0491803278688525,0,0,0,0,0,0,0,0,0,0.00381679389312977,0,0,0,0,0,0,0,0.0625,0,0,0,0,0,0,0,0.211111111111111,0,0.0172413793103448,0,0,0,0.0818965517241379,0,0,0,0,0.177570093457944,0,0,0,0,0.32258064516129,0,0,0,0,0,0,0,0,0.223529411764706,0,0,0,0,0,0,0,0,0,0,0,0,0,0,0,0,0,0,0,0.210526315789474,0,0,0,0,0,0,0,0,0,0,0,0,0,0,0.00980392156862745,0,0,0,0,0,0,0,0,0,0,0,0,0,0,0,0,0,0,0,0,0,0,0,0,0,0,0,0,0.206185567010309,0,0,0,0,0.008,0,0,0,0,0,0,0,0.0277777777777778,0,0,0,0,0.0113636363636364,0,0,0,0,0,0,0,0,0,0,0,0,0.0121951219512195,0,0,0,0,0,0,0.0416666666666667,0,0.215909090909091,0
"Cocaine addiction",0,0.0206185567010309,0,0.0335570469798658,0,0,0,0,0.0534351145038168,0,0,0.072992700729927,0.0943396226415094,0.0972972972972973,0.102941176470588,0,0.0127388535031847,0,0,0.0422535211267606,0.0168067226890756,0,0.0909090909090909,0.016304347826087,0.0687022900763359,0,0.0132450331125828,0.122448979591837,0.0493827160493827,0,0,0.0193548387096774,0.0326633165829146,0.113636363636364,0,0.421686746987952,0.0696517412935323,0.00680272108843537,0.0127659574468085,0,0.0651465798045603,0,0.114503816793893,0,0.0290135396518375,0,0.0227272727272727,0,0,0,0,0.00398406374501992,0.012,0.016304347826087,0,0.0412371134020619,0.0162162162162162,0.0340909090909091,0.0185185185185185,0.0482758620689655,0.00740740740740741,0.0428015564202335,0.0198019801980198,0.0186046511627907,0.0198675496688742,0.00775193798449612,0,0.0461538461538462,0.0178571428571429,0.112426035502959,0.117647058823529,0,0.0170940170940171,0,0.0457516339869281,0.0304878048780488,0,0.0373831775700935,0.024,0.0653266331658292,0.0604026845637584,0,0.0323741007194245,0.134146341463415,0.0192644483362522,0.0220994475138122,0.0256410256410256,0,0.0120481927710843,0,0.1,0.0153256704980843,0,0.0480769230769231,0.0234375,0.0267857142857143,0.0198675496688742,0,0.123287671232877,0,0.013953488372093,0.0131578947368421,0.00909090909090909,0.0683760683760684,0,0.0194174757281553,0.0182648401826484,0,0.012987012987013,0.00847457627118644,0,0.010989010989011,0,0,0.032051282051282,0.0173913043478261,0,0,0.190954773869347,0,0.00510204081632653,0.0174672489082969,0.0048780487804878,0.0518518518518519,0.0232558139534884,0,0,0.0166666666666667,0.0131578947368421,0,0.13013698630137,0.0784313725490196,0.0410958904109589,0.0864197530864197,0.0204081632653061,0.0267379679144385,0,0.00277777777777778,0.0373134328358209,0.0489130434782609,0.0105633802816901,0.034965034965035,0,0,0.0161290322580645,0,0.0301204819277108,0,0,0.0426829268292683,0.0104712041884817,0,0,0,0,0,0,0.0763358778625954,0.035230352303523,0.125,0.137614678899083,0,0.0561056105610561,0.00568181818181818,0,0,0.0256410256410256,0.00793650793650794,0.00921658986175115,0,0,0,0,0.06640625,0,0,0.0421052631578947,0,0,0.0101010101010101,0.016597510373444,0.00873362445414847,0.0838709677419355,0,0.0178571428571429,0.0153846153846154,0.0217391304347826,0,0.0193548387096774,0.00833333333333333,0.0479704797047971,0.00980392156862745,0.0169491525423729,0.0294117647058824,0.0264705882352941,0.00970873786407767,0.0280898876404494,0.0386266094420601,0.206666666666667,0.0359712230215827,0.0131578947368421,0,0,0.132911392405063,0.0215827338129496,0,0,0,0.0206185567010309,0,0,0,0.0967741935483871,0.0825688073394495,0,0,0,0.0289855072463768,0,0,0.0357142857142857,0.130081300813008,0.0142857142857143,0.00603621730382294,0,0.0101351351351351,0,0.08,0.0160427807486631,0,0,0.0285714285714286,0.0384615384615385,0,0.0408163265306122,0.0520833333333333,0.0220588235294118,0.0048780487804878,0.0479041916167665,0.0320197044334975,0,0.0860927152317881,0.0495867768595041,0.012,0.0344827586206897,0,0,0,0.0218978102189781,0.00746268656716418,0,0,0.151515151515152,0.0161290322580645,0,0,0,0.0121951219512195
"Arginine and proline metabolism",0,0,0,0.00649350649350649,0,0,0.0113636363636364,0,0,0,0.0666666666666667,0,0,0,0,0.0537634408602151,0.0126582278481013,0,0,0,0,0,0,0,0,0.0380952380952381,0,0,0.0617283950617284,0,0,0,0.0024330900243309,0,0.00675675675675676,0.0170940170940171,0.00465116279069767,0,0,0,0,0,0.00684931506849315,0,0.00376647834274953,0,0.0705882352941176,0,0.00480769230769231,0,0,0,0,0,0,0.00996677740863787,0,0.0952380952380952,0,0.00657894736842105,0,0.00373134328358209,0,0,0,0,0,0.00490196078431373,0,0.00531914893617021,0,0,0,0,0,0,0,0,0.0078125,0,0.00632911392405063,0,0,0,0.00171821305841924,0,0,0,0,0,0,0.00377358490566038,0.0568181818181818,0.00917431192660551,0,0,0,0,0,0,0,0,0,0,0,0,0,0.0462962962962963,0,0,0,0,0,0,0.0062111801242236,0,0,0,0.00847457627118644,0,0,0,0.0147058823529412,0,0.00455580865603645,0,0.00840336134453781,0.0165289256198347,0.00432900432900433,0,0,0,0.02,0,0.00666666666666667,0,0.0625,0,0,0,0,0,0,0,0,0,0.00584795321637427,0,0,0,0.0264550264550265,0.0481927710843374,0,0,0,0,0,0,0,0,0,0,0.00626959247648903,0,0,0,0,0.00393700787401575,0,0,0.123076923076923,0,0,0,0,0,0,0,0.125,0,0,0,0,0,0,0,0,0.0446428571428571,0,0,0,0,0.00477326968973747,0,0,0,0,0,0.0111111111111111,0.00694444444444444,0,0,0,0.0169491525423729,0,0,0,0.0206185567010309,0,0,0,0,0,0,0,0.0125,0,0.180327868852459,0,0,0,0,0.00704225352112676,0,0,0,0,0,0.00526315789473684,0,0,0,0.0160427807486631,0,0,0,0,0,0.00571428571428571,0,0,0.0122699386503067,0.0078740157480315,0,0,0,0.00917431192660551,0.0543478260869565,0,0,0,0,0,0,0.0458715596330275,0,0,0
"Natural killer cell mediated cytotoxicity",0,0.123015873015873,0.0973782771535581,0.00843881856540084,0,0.0168067226890756,0,0,0.0136363636363636,0,0,0.0943396226415094,0.0983606557377049,0.0105263157894737,0.0491071428571429,0,0.0844444444444444,0,0,0.114832535885167,0.0785340314136126,0.0121951219512195,0.0211864406779661,0.0967741935483871,0.0135135135135135,0,0.0170940170940171,0.0619469026548673,0,0.0640394088669951,0.137362637362637,0.0752212389380531,0.0853391684901532,0.0131004366812227,0.00431034482758621,0.041025641025641,0.0416666666666667,0.120192307692308,0.0625,0,0.0483460559796438,0.0894736842105263,0.0221238938053097,0.06,0.0422297297297297,0.00452488687782805,0,0.160220994475138,0.0390070921985816,0.0157894736842105,0.0584795321637427,0.101307189542484,0.119205298013245,0.114754098360656,0,0.0374331550802139,0.109756097560976,0,0.0964912280701754,0.0772727272727273,0.121827411167513,0.0202312138728324,0.0467625899280576,0.0033003300330033,0.0127118644067797,0.119791666666667,0.105454545454545,0.0664206642066421,0.190697674418605,0.0876494023904383,0.117903930131004,0.0245098039215686,0.0099009900990099,0,0.0606060606060606,0.123893805309735,0.0305676855895196,0.0537634408602151,0.065,0.183266932270916,0.0429184549356223,0.156756756756757,0.103857566765579,0,0.0810372771474878,0.102040816326531,0.120218579234973,0.0247524752475248,0.046583850931677,0,0.0729613733905579,0.158940397350993,0,0.0718232044198895,0.196551724137931,0.0256410256410256,0.122065727699531,0,0.0375,0,0.0520833333333333,0,0.158490566037736,0.0144927536231884,0.126865671641791,0.0160427807486631,0.0440677966101695,0,0,0.12707182320442,0,0.0648967551622419,0.049079754601227,0.136585365853659,0.0292887029288703,0.116022099447514,0,0.0663265306122449,0.0522875816993464,0,0.0930232558139535,0.096551724137931,0.0355871886120996,0.0657276995305164,0.0521042084168337,0.0606060606060606,0.0851063829787234,0,0.124555160142349,0,0.0416666666666667,0.184210526315789,0.0723981900452489,0.0640243902439024,0.0981308411214953,0.144628099173554,0,0.0619047619047619,0,0.0373134328358209,0.100591715976331,0.0542986425339367,0,0,0.0876288659793814,0.115606936416185,0.108225108225108,0.208333333333333,0,0.0281124497991968,0.0692307692307692,0,0,0,0,0.0610687022900763,0,0.0660377358490566,0.101415094339623,0.0138248847926267,0.0145631067961165,0.11875,0.00496277915632754,0,0.0923076923076923,0.0789473684210526,0.0301507537688442,0.036697247706422,0,0.0318021201413428,0,0,0,0.098159509202454,0,0.0545454545454545,0.0179856115107914,0,0,0.043360433604336,0.2,0.136690647482014,0.0675105485232067,0.0745341614906832,0.0847457627118644,0.0742574257425743,0.030188679245283,0,0.135514018691589,0.0863787375415282,0.0165289256198347,0.106463878326996,0.0181451612903226,0,0.0742574257425743,0.167330677290837,0.0387596899224806,0.112244897959184,0.0230769230769231,0.0132743362831858,0.0436681222707424,0.0828402366863905,0,0.0954356846473029,0.080952380952381,0,0,0,0,0,0,0.0318181818181818,0.0176056338028169,0.0252525252525253,0,0,0,0,0.00546448087431694,0.0994475138121547,0.0949367088607595,0.0467289719626168,0.0365296803652968,0,0.0855018587360595,0.040650406504065,0,0.0376344086021505,0.049618320610687,0,0.0817610062893082,0.0269058295964126,0.0300751879699248,0,0.016304347826087,0,0.166666666666667,0.00344827586206897,0.0569105691056911,0,0.0555555555555556,0.0550847457627119,0.0241545893719807,0.130434782608696,0.00225225225225225,0.0897959183673469,0.182926829268293,0,0.19047619047619,0.157894736842105,0,0.0173913043478261,0,0.134408602150538,0,0,0,0
"Viral life cycle - HIV-1",0,0,0.0276497695852535,0,0,0.0117647058823529,0,0,0,0,0,0.0125,0.0155038759689922,0,0.0122699386503067,0,0.0116279069767442,0,0,0,0.00740740740740741,0,0.0118343195266272,0,0,0,0,0.00694444444444444,0,0.00835654596100279,0,0.00581395348837209,0,0,0,0,0,0,0,0.00909090909090909,0,0,0,0,0,0,0,0,0.0045045045045045,0.0326797385620915,0,0,0,0.00497512437810945,0,0.00315457413249211,0.00995024875621891,0,0.00558659217877095,0,0,0,0,0,0,0.00694444444444444,0.00429184549356223,0,0.00540540540540541,0,0.0108695652173913,0,0,0,0,0,0,0,0,0.00888888888888889,0,0,0,0,0.00505050505050505,0,0,0,0,0,0,0,0,0,0.0532319391634981,0,0,0,0,0,0,0,0.021551724137931,0,0.00869565217391304,0,0.00847457627118644,0,0,0.0151515151515152,0,0,0,0,0.00571428571428571,0,0,0,0,0,0,0.00404858299595142,0,0,0,0,0,0,0.00819672131147541,0,0,0.00694444444444444,0,0,0,0,0,0.0053475935828877,0,0,0.00666666666666667,0,0,0,0,0,0,0,0,0,0,0,0,0,0,0,0,0,0.0101781170483461,0,0,0,0,0,0,0,0,0,0,0.00452488687782805,0,0,0,0.0249110320284698,0,0,0,0,0,0,0.0116731517509728,0.00408163265306122,0,0,0.021978021978022,0.00684931506849315,0,0,0,0,0.00335570469798658,0,0.0046189376443418,0,0,0.00904977375565611,0,0.00784313725490196,0,0,0,0.00338983050847458,0.0327868852459016,0,0.00641025641025641,0.0121212121212121,0,0,0,0,0,0.0129032258064516,0,0,0,0,0,0,0.00884955752212389,0,0,0,0,0,0,0,0,0,0,0,0,0,0,0,0,0,0.0065359477124183,0,0,0,0,0,0,0,0.00536193029490617,0.0102564102564103,0,0,0,0,0,0.0123456790123457,0,0,0,0,0,0
"Adherens junction",0,0.0254237288135593,0,0.0153846153846154,0,0.0634920634920635,0,0,0.00552486187845304,0,0,0.0730337078651685,0.038961038961039,0.0122950819672131,0.0486486486486487,0,0.041025641025641,0,0,0.032258064516129,0.00609756097560976,0,0.0101010101010101,0.0266666666666667,0,0,0.0207253886010363,0.0459016393442623,0,0.0051413881748072,0.031055900621118,0.0306122448979592,0.0201793721973094,0,0.0158730158730159,0,0.0277777777777778,0.0549450549450549,0.0143884892086331,0.0161943319838057,0.0248618784530387,0.0440251572327044,0.0106382978723404,0.103225806451613,0.0140845070422535,0,0,0.0242424242424242,0.0120481927710843,0.036036036036036,0.0218978102189781,0.116981132075472,0.0645161290322581,0.0794392523364486,0,0.0116618075801749,0.0220264317180617,0,0.154696132596685,0.0208333333333333,0.0975609756097561,0.0162866449511401,0.0121457489878543,0.0823045267489712,0.0366492146596859,0,0.0647773279352227,0.0420168067226891,0.0336538461538462,0.0175438596491228,0.018957345971564,0,0,0,0.0149253731343284,0.0339805825242718,0,0.0130718954248366,0.0238095238095238,0.040650406504065,0.0150753768844221,0.0421686746987952,0.0474683544303797,0,0.0485762144053601,0.0177777777777778,0.0186335403726708,0,0.0685920577617329,0,0.0145631067961165,0.0334448160535117,0,0.02,0.02,0.00632911392405063,0.0206185567010309,0,0.0246305418719212,0,0.0155038759689922,0,0.0230769230769231,0.0119760479041916,0.0155642023346304,0,0.0809716599190283,0,0,0.0584415584415584,0,0.0289389067524116,0.0655737704918033,0.0491803278688525,0.0148514851485149,0.0387096774193548,0,0.0181818181818182,0.00716845878136201,0,0.0478260869565217,0.0653846153846154,0.016260162601626,0.0276243093922652,0.0168067226890756,0.046875,0.0382165605095541,0,0.0223048327137546,0,0.00966183574879227,0.0357142857142857,0.0155440414507772,0.0131578947368421,0.043010752688172,0.0305676855895196,0,0.0227272727272727,0,0,0.0122324159021407,0.00523560209424084,0,0,0.0759493670886076,0.0935251798561151,0.0436893203883495,0.0384615384615385,0,0.0141509433962264,0.025974025974026,0,0,0,0,0.0349344978165939,0,0.0277777777777778,0.0265060240963855,0,0,0,0,0,0.08,0.0379746835443038,0.0379746835443038,0.0205479452054795,0,0.0286885245901639,0,0,0,0.0258899676375405,0,0,0.00833333333333333,0,0,0.075,0.039568345323741,0.014760147601476,0.0143540669856459,0,0.0386473429951691,0,0.0131004366812227,0,0.0202020202020202,0.0287769784172662,0.00923076923076923,0.0204081632653061,0.00650759219088937,0.0136054421768707,0.048,0.0161290322580645,0.0271493212669683,0.0514705882352941,0,0,0.0259067357512953,0.101694915254237,0.0130718954248366,0.0276497695852535,0.0108695652173913,0,0,0,0,0.0318181818181818,0.0129032258064516,0,0.0420168067226891,0,0.033112582781457,0,0,0,0,0.0128205128205128,0.0854092526690391,0.0110497237569061,0,0,0.0203252032520325,0.082018927444795,0,0.00662251655629139,0.0446428571428571,0,0.0234375,0.0162162162162162,0.0309734513274336,0,0,0.013986013986014,0.0457142857142857,0.0729613733905579,0.0631067961165049,0,0,0.00970873786407767,0.0178571428571429,0.00677966101694915,0.00497512437810945,0.0560747663551402,0.0479452054794521,0,0.0337078651685393,0.028735632183908,0,0,0,0.0365853658536585,0,0,0,0
"Cushing syndrome",0,0.0742049469964664,0.0129032258064516,0.0743801652892562,0,0.0154440154440154,0,0,0.0844444444444444,0,0,0.134529147982063,0.13265306122449,0.166037735849057,0.406593406593407,0,0.0474308300395257,0,0,0.133928571428571,0,0,0.110169491525424,0.0316901408450704,0.0837004405286344,0,0.0836820083682008,0.133928571428571,0,0,0.0704225352112676,0.0114942528735632,0.0508130081300813,0.290816326530612,0.0200803212851406,0.103448275862069,0.142348754448399,0.0241935483870968,0.026865671641791,0.0538720538720539,0.0560975609756098,0.0704225352112676,0.166666666666667,0.00431034482758621,0.103806228373702,0,0,0.089622641509434,0.00319488817891374,0.00742574257425743,0.0253807106598985,0.028735632183908,0.154340836012862,0.0209059233449477,0,0.0906666666666667,0.027972027972028,0,0.0226415094339623,0.0530612244897959,0.0803571428571429,0.0840579710144927,0.00645161290322581,0.0220125786163522,0.015625,0.00425531914893617,0.212686567164179,0.143911439114391,0.022140221402214,0.162055335968379,0.188841201716738,0.036036036036036,0.00446428571428571,0.0283018867924528,0.0813008130081301,0.049618320610687,0,0.0585365853658537,0.00862068965517241,0.0779661016949153,0.0352941176470588,0.0307017543859649,0.0261096605744125,0.0756756756756757,0.156302521008403,0.0282685512367491,0.0319634703196347,0.0178571428571429,0.00561797752808989,0,0.18859649122807,0.0450704225352113,0,0.102564102564103,0.0337078651685393,0,0.0196078431372549,0,0.184210526315789,0,0.0253164556962025,0,0.0186335403726708,0.143564356435644,0.009375,0,0.196363636363636,0.00925925925925926,0,0.0465116279069767,0,0.0213903743315508,0.0666666666666667,0.0119521912350598,0.0229885057471264,0.0469483568075117,0,0.0176991150442478,0.071875,0,0.231707317073171,0.0430769230769231,0.0365448504983389,0.169811320754717,0.114285714285714,0.0769230769230769,0.00446428571428571,0,0.0212121212121212,0,0.11522633744856,0.158054711246201,0.0445344129554656,0.131498470948012,0.0448979591836735,0.0240549828178694,0,0.0447427293064877,0.0698689956331878,0.0310344827586207,0.0102827763496144,0.109170305676856,0,0,0.0642201834862385,0.0918367346938776,0.0452830188679245,0.0181818181818182,0,0.0297397769516729,0.023972602739726,0,0,0,0,0.16796875,0,0.138248847926267,0.159144893111639,0.187192118226601,0.155778894472362,0,0.0390243902439024,0.044280442804428,0.239837398373984,0.0226244343891403,0.00444444444444444,0.0344827586206897,0.00619195046439629,0,0,0,0,0.114705882352941,0.00543478260869565,0.0284552845528455,0.105454545454545,0,0,0.0226700251889169,0.0668693009118541,0,0.0498084291187739,0,0.0572519083969466,0,0.0929368029739777,0,0.0153846153846154,0.0235294117647059,0.0569105691056911,0.0721649484536082,0.00381679389312977,0.0242718446601942,0.0483870967741935,0.0644067796610169,0.12890625,0.0841121495327103,0.12992125984252,0.091703056768559,0,0.0211081794195251,0.014018691588785,0.14,0.00813008130081301,0,0,0.0967741935483871,0,0.0176056338028169,0,0.0420168067226891,0,0.125628140703518,0.245714285714286,0,0,0,0,0.1,0.0794117647058823,0.0986547085201794,0.0553191489361702,0.0133779264214047,0.138181818181818,0.0279187817258883,0,0.0808080808080808,0.00338983050847458,0,0.0104712041884817,0.0121457489878543,0.109022556390977,0.0198019801980198,0.0558375634517767,0.106951871657754,0.0208333333333333,0.159851301115242,0.115079365079365,0.0135135135135135,0.0267379679144385,0.0975609756097561,0.0219298245614035,0.0345821325648415,0.0309734513274336,0.0397111913357401,0.018957345971564,0.00497512437810945,0.020746887966805,0.0570175438596491,0,0,0.41025641025641,0.0691244239631336,0,0,0,0.00531914893617021
"Renin secretion",0,0.0430622009569378,0,0.0740740740740741,0,0,0,0,0.0821917808219178,0,0,0.00602409638554217,0.214285714285714,0.155440414507772,0.156462585034014,0,0.0112994350282486,0,0,0.037037037037037,0,0,0.173333333333333,0.0561224489795918,0.103448275862069,0,0.0949367088607595,0.138996138996139,0,0,0,0.0289017341040462,0.00232558139534884,0.227941176470588,0.0434782608695652,0.169491525423729,0.236842105263158,0,0.032,0,0.0483383685800604,0,0.238805970149254,0,0.0454545454545455,0,0,0.0507246376811594,0,0,0.0175438596491228,0,0.0224719101123595,0.00485436893203883,0,0.129370629370629,0,0,0.0164835164835165,0.0617283950617284,0,0.0827067669172932,0,0.0170212765957447,0,0.0135135135135135,0,0.210810810810811,0.0268817204301075,0.136612021857924,0.130177514792899,0,0,0,0.0526315789473684,0.0384615384615385,0,0.0396825396825397,0,0.00432900432900433,0.0113636363636364,0,0.0336700336700337,0.0560747663551402,0.0469565217391304,0.0199004975124378,0,0.0289855072463768,0,0,0.134969325153374,0.0634328358208955,0,0.141592920353982,0.0722433460076046,0,0.0943396226415094,0,0.108433734939759,0,0.0214592274678112,0,0,0.208333333333333,0,0,0.051948051948052,0,0.0769230769230769,0,0,0,0,0,0.0168539325842697,0,0,0,0.0663900414937759,0,0,0.0326530612244898,0.0134529147982063,0.182481751824818,0.055045871559633,0,0,0,0.0546218487394958,0,0.149068322981366,0.121673003802281,0.0552147239263804,0.0636704119850187,0.0429447852760736,0.0443349753694581,0,0,0.0460526315789474,0.0390243902439024,0.00655737704918033,0.158620689655172,0,0,0,0,0.0494505494505494,0,0,0.00526315789473684,0,0,0,0,0,0,0,0.158273381294964,0.0151515151515152,0.148148148148148,0.116279069767442,0,0.0559006211180124,0.0591397849462366,0,0,0,0.0300751879699248,0,0,0,0,0,0.0390070921985816,0,0.0915032679738562,0.101010101010101,0,0,0,0.0642570281124498,0,0.010752688172043,0,0.0380434782608696,0,0.106382978723404,0,0,0.0155038759689922,0.037542662116041,0.0761904761904762,0.0138248847926267,0.0245901639344262,0.0336134453781513,0,0.22289156626506,0.0522088353413655,0.168604651162791,0.214814814814815,0,0,0,0.0815217391304348,0.0318471337579618,0,0,0.0825688073394495,0,0.0252525252525253,0,0,0.125628140703518,0,0,0,0,0,0,0.0983606557377049,0.0684410646387833,0.0392156862745098,0,0.0276679841897233,0,0.0224358974358974,0,0.153153153153153,0.0396039603960396,0,0,0,0.135869565217391,0,0.0892857142857143,0.0521739130434783,0.0324675324675325,0,0.127167630057803,0.0329411764705882,0.06,0.121951219512195,0.072992700729927,0,0.0187667560321716,0,0.0403225806451613,0,0.032258064516129,0,0,0,0.196428571428571,0,0,0,0,0.00980392156862745
"Basal cell carcinoma",0,0,0.00452488687782805,0,0,0.0118343195266272,0,0,0,0,0,0.0522875816993464,0,0,0.301587301587302,0,0.00581395348837209,0,0,0.0188679245283019,0,0.021505376344086,0,0.005,0,0,0,0.0140350877192982,0,0.00557103064066852,0.0708661417322835,0,0.00710900473933649,0,0,0,0,0,0,0.027906976744186,0.00589970501474926,0.0708661417322835,0,0.00714285714285714,0.0790513833992095,0,0,0.0692307692307692,0,0,0,0.00757575757575758,0.150862068965517,0.005,0,0,0.0202020202020202,0,0.00561797752808989,0,0.145038167938931,0,0.00917431192660551,0,0.00598802395209581,0,0.28021978021978,0.00460829493087558,0.00543478260869565,0,0.00543478260869565,0.0534351145038168,0,0,0,0.0166666666666667,0,0,0,0.018018018018018,0.00584795321637427,0.0141843971631206,0,0,0.118198874296435,0.0310880829015544,0.0075187969924812,0,0.00757575757575758,0,0,0.0108695652173913,0,0,0.0072992700729927,0,0,0,0.00564971751412429,0,0,0,0.00854700854700855,0,0.00434782608695652,0,0.221649484536082,0,0,0.00757575757575758,0,0,0.162790697674419,0,0,0.031496062992126,0,0.0298507462686567,0,0,0.31875,0.0334728033472803,0,0,0.0913461538461538,0.0196078431372549,0,0,0.00409836065573771,0,0,0.0212014134275618,0,0.0036101083032491,0.00613496932515337,0,0,0.0217983651226158,0,0,0,0,0,0,0.0687022900763359,0.184466019417476,0.0109289617486339,0,0,0,0.0298507462686567,0,0,0,0,0.239520958083832,0,0,0.128205128205128,0,0,0,0.00602409638554217,0,0.322981366459627,0.0075187969924812,0,0.00374531835205993,0.00865800865800866,0,0,0,0,0.0105633802816901,0,0,0,0,0,0.0228013029315961,0.0401606425702811,0.012396694214876,0,0,0.0277777777777778,0,0,0,0,0,0,0.0232558139534884,0.00462962962962963,0.101851851851852,0.011142061281337,0.0277777777777778,0,0.00392156862745098,0.00515463917525773,0,0.0181818181818182,0.0068259385665529,0.0245901639344262,0,0,0,0,0,0,0,0,0.033112582781457,0.245714285714286,0,0,0,0,0,0,0,0.00364963503649635,0.0132450331125828,0.0612244897959184,0,0.175531914893617,0.00967741935483871,0,0,0.0149253731343284,0,0,0.00636942675159236,0,0,0,0,0,0.257142857142857,0,0,0,0,0,0.0348837209302326,0.00537634408602151,0.0208333333333333,0,0,0.0065359477124183,0.0136054421768707,0,0,0,0.0687022900763359,0,0,0,0
"Glyoxylate and dicarboxylate metabolism",0,0,0.00529100529100529,0,0.0163934426229508,0,0.111111111111111,0,0.00840336134453781,0,0,0,0,0,0,0.0972222222222222,0,0,0,0,0,0,0,0,0,0,0,0,0,0,0,0,0,0,0,0,0,0,0,0,0,0,0,0,0.00194931773879142,0,0.161290322580645,0,0,0,0,0,0,0,0,0,0,0.0735294117647059,0,0,0,0,0,0,0,0,0,0,0,0,0,0,0,0,0,0,0,0.0108695652173913,0,0,0,0,0,0,0,0,0,0,0,0.0357142857142857,0,0,0.0277777777777778,0,0,0,0,0.0384615384615385,0,0,0,0,0,0,0,0,0,0.032967032967033,0,0,0,0.00389105058365759,0,0,0,0,0,0,0,0,0,0,0,0,0,0,0,0,0,0,0.00684931506849315,0,0,0,0,0,0.0246913580246914,0,0,0,0,0,0,0,0,0,0,0,0,0,0,0.0303030303030303,0,0,0,0,0,0,0,0,0,0,0,0,0,0,0,0,0,0,0.0188679245283019,0,0,0,0.109090909090909,0,0,0,0,0,0,0,0,0,0,0,0,0.0315789473684211,0,0,0,0,0.00249376558603491,0,0,0,0,0,0,0,0,0,0,0,0,0,0,0,0.0125,0,0,0,0,0,0,0,0,0,0,0,0,0.00833333333333333,0,0,0,0,0,0,0,0,0,0,0,0,0,0,0,0,0,0,0,0,0,0,0,0.00613496932515337,0,0.114285714285714,0,0,0.125,0,0,0,0.0106382978723404,0,0,0
"Drug metabolism - other enzymes",0.219298245614035,0,0,0,0,0,0,0,0,0,0.21978021978022,0.00561797752808989,0,0,0,0,0,0,0,0,0,0,0,0,0,0.196581196581197,0,0,0,0,0,0,0,0,0,0,0,0,0,0,0,0,0,0,0,0,0,0,0.00418410041841004,0,0,0,0,0,0,0,0,0,0,0,0,0,0.00421940928270042,0,0,0,0.0865800865800866,0,0,0,0,0.012987012987013,0,0.170731707317073,0,0,0,0,0,0,0,0,0,0,0.0336700336700337,0,0,0,0,0,0,0.00677966101694915,0,0,0,0,0,0,0,0,0,0,0,0,0,0,0,0,0,0,0,0.0694444444444444,0,0,0,0.00675675675675676,0,0.147058823529412,0,0,0,0,0,0,0,0.00826446280991736,0,0.387387387387387,0,0,0,0,0,0.151750972762646,0,0,0,0,0.132450331125828,0,0,0,0,0.186915887850467,0,0,0,0,0,0,0.00446428571428571,0,0.173228346456693,0,0,0,0.018348623853211,0,0,0,0,0,0,0.0829015544041451,0,0,0,0,0,0,0,0,0.367521367521368,0,0,0,0,0,0.0275229357798165,0,0,0,0,0,0,0,0,0,0,0.00366300366300366,0,0,0,0,0,0,0,0,0,0,0,0,0,0,0,0,0.206185567010309,0,0,0,0,0,0,0,0,0,0,0,0,0,0,0,0,0,0,0,0.00699300699300699,0,0.099009900990099,0,0,0,0,0,0,0,0,0,0,0,0,0,0,0,0,0,0,0,0,0,0,0,0,0,0,0,0.420560747663551,0
"Histidine metabolism",0,0,0,0,0,0,0.0338983050847458,0,0,0,0.106382978723404,0,0,0,0,0.0769230769230769,0,0,0,0,0,0,0,0,0,0,0,0,0.0943396226415094,0,0,0,0,0,0,0.0224719101123595,0,0,0,0,0,0,0,0,0,0,0.05,0,0,0,0,0,0,0,0,0,0,0.142857142857143,0,0,0,0,0,0,0,0,0,0,0,0,0,0,0,0,0,0,0,0,0,0,0,0,0,0,0,0,0,0,0,0,0,0,0.0833333333333333,0,0,0,0,0,0,0,0,0,0,0,0,0,0,0.0625,0,0,0,0,0,0,0,0,0,0,0.00961538461538462,0,0,0,0,0,0,0,0,0.0555555555555556,0,0,0,0,0,0,0,0,0,0,0,0,0,0,0,0,0,0,0,0,0,0,0.031055900621118,0.0172413793103448,0,0,0,0,0,0,0,0,0,0,0.00687285223367698,0,0,0,0,0,0,0,0,0,0.0306122448979592,0,0,0,0,0,0.261904761904762,0,0,0,0,0,0,0,0,0.0987654320987654,0,0,0,0,0,0,0,0,0,0,0.0131578947368421,0,0,0,0,0,0,0,0,0.0289855072463768,0.180327868852459,0,0,0,0,0,0,0,0,0,0,0,0,0,0,0,0,0,0,0,0,0,0,0,0,0,0,0,0,0,0,0,0,0.0148148148148148,0,0,0,0,0,0.078125,0,0,0,0,0,0,0.0617283950617284,0,0,0
"Intestinal immune network for IgA production",0,0.00505050505050505,0,0.0264900662251656,0,0.00636942675159236,0,0,0,0,0,0,0,0,0,0,0.0126582278481013,0,0,0,0,0,0,0,0,0,0,0,0,0.0674846625766871,0,0.135714285714286,0.0147783251231527,0,0.0275862068965517,0,0,0,0.00420168067226891,0.00483091787439614,0.00305810397553517,0,0,0,0.0018796992481203,0,0,0,0.0829015544041451,0.00332225913621262,0,0.00796812749003984,0.00395256916996047,0.0273224043715847,0,0.00662251655629139,0.0161290322580645,0,0.0184049079754601,0.0268456375838926,0.00735294117647059,0,0.00975609756097561,0,0,0.129310344827586,0.0045662100456621,0,0.0487804878048781,0,0,0,0,0,0,0,0.125925925925926,0,0.18348623853211,0.00947867298578199,0.00632911392405063,0.00775193798449612,0,0,0.0156794425087108,0.00540540540540541,0,0,0.00796812749003984,0,0,0.0114068441064639,0,0,0.00381679389312977,0.221052631578947,0.0264900662251656,0,0,0,0,0,0.0772946859903382,0,0.033175355450237,0.00952380952380952,0,0,0,0.00840336134453781,0,0.0036231884057971,0,0.00675675675675676,0.132867132867133,0,0,0,0,0,0,0.00862068965517241,0.00975609756097561,0,0.00227272727272727,0,0.212121212121212,0,0.0892018779342723,0,0,0.010989010989011,0.0268456375838926,0,0.0134228187919463,0.0104712041884817,0,0,0,0,0.0105263157894737,0,0,0,0.00793650793650794,0,0,0.0258620689655172,0.0145985401459854,0,0.0104166666666667,0,0,0,0,0,0,0,0.005249343832021,0,0,0.266666666666667,0,0,0.0050251256281407,0,0.00833333333333333,0.00393700787401575,0,0.142857142857143,0,0,0,0.096,0,0,0,0,0,0.00333333333333333,0.00819672131147541,0.0740740740740741,0.0180722891566265,0.390625,0,0.00757575757575758,0,0,0.0258064516129032,0.00413223140495868,0,0.00975609756097561,0,0,0.00574712643678161,0,0,0.0253164556962025,0,0,0.054421768707483,0.0143884892086331,0,0.00558659217877095,0.144,0,0,0,0,0.00546448087431694,0.00884955752212389,0,0,0,0,0,0,0,0,0,0,0,0,0,0,0,0,0,0,0,0,0.0211267605633803,0,0,0,0,0.00719424460431655,0.00485436893203883,0,0,0.0357142857142857,0,0.0158730158730159,0.0808510638297872,0,0.0166666666666667,0,0,0.00714285714285714,0,0,0.0714285714285714,0,0.00793650793650794,0,0,0,0
"GnRH secretion",0,0.120418848167539,0,0.0240963855421687,0,0.0116959064327485,0,0,0.0694444444444444,0,0,0.124137931034483,0.178571428571429,0.0735294117647059,0.106666666666667,0,0.107594936708861,0,0,0.138888888888889,0,0,0.0683229813664596,0.0972972972972973,0.0758620689655172,0,0.0764331210191083,0.0898876404494382,0,0,0.179487179487179,0.0116279069767442,0.0491400491400491,0.13986013986014,0.025,0.0387596899224806,0.1,0.146853146853147,0.036734693877551,0,0.0489296636085627,0.15,0.148936170212766,0.0514705882352941,0.0438095238095238,0,0,0.175,0,0.00955414012738853,0.131313131313131,0.0763052208835341,0.0979591836734694,0.0797872340425532,0,0.0633333333333333,0.0515463917525773,0,0.0584795321637427,0.12,0.134328358208955,0.0716981132075472,0.0471698113207547,0.00427350427350427,0.0179640718562874,0,0.0981308411214953,0.139896373056995,0.106508875739645,0.2,0.222222222222222,0,0.0227272727272727,0,0.093167701863354,0.107784431137725,0,0.114035087719298,0.0212765957446809,0.101449275362319,0.0674846625766871,0.169354838709677,0.074468085106383,0,0.0491228070175439,0.116666666666667,0.182608695652174,0.0534351145038168,0.0075187969924812,0,0.231292517006803,0.0807692307692308,0,0.19047619047619,0.103174603174603,0,0.125827814569536,0,0.111111111111111,0,0.0883720930232558,0,0.0769230769230769,0.0846153846153846,0.0542986425339367,0,0.0301724137931034,0,0,0.153846153846154,0,0.0656934306569343,0.0736842105263158,0.115646258503401,0.0290697674418605,0.156521739130435,0,0.09375,0.0284552845528455,0,0.0979381443298969,0.0732758620689655,0.018348623853211,0.206106870229008,0.0704225352112676,0.0816326530612245,0,0,0.024896265560166,0,0.103658536585366,0.114942528735632,0.105263157894737,0.111111111111111,0.144827586206897,0.0833333333333333,0,0.0501392757660167,0.00649350649350649,0.111702127659574,0.0412371134020619,0.123287671232877,0,0,0.118110236220472,0.169811320754717,0.161490683229814,0.165217391304348,0.0065359477124183,0.0564971751412429,0.0145631067961165,0,0,0,0,0.0942408376963351,0,0.145985401459854,0.050131926121372,0.143939393939394,0.09375,0,0.00900900900900901,0,0.0913705583756345,0.152542372881356,0,0.0671936758893281,0,0,0,0,0,0.0625,0,0.116438356164384,0.10880829015544,0,0,0.0394736842105263,0.0875,0.0421940928270042,0.0760233918128655,0,0.154320987654321,0,0.0303030303030303,0,0.0943396226415094,0.0932203389830508,0.0101010101010101,0.11,0.00229885057471264,0.0168067226890756,0.0672514619883041,0.087378640776699,0.117977528089888,0.107296137339056,0.125714285714286,0.0810810810810811,0.00591715976331361,0.0645161290322581,0,0.147058823529412,0.0128205128205128,0,0,0,0,0.0994475138121547,0,0.0128205128205128,0.1,0.0983606557377049,0,0,0,0,0,0,0.103585657370518,0.0915492957746479,0.0675675675675676,0.00389105058365759,0.103960396039604,0.0641891891891892,0,0.0973451327433628,0.0510204081632653,0,0.144444444444444,0.0126582278481013,0.108108108108108,0,0.0727272727272727,0.0173913043478261,0.131386861313869,0,0.116959064327485,0.0187353629976581,0.0851063829787234,0.184210526315789,0.0141843971631206,0.0386100386100386,0.0162162162162162,0.1,0.201923076923077,0,0.138686131386861,0.161538461538462,0,0,0.140350877192982,0.145161290322581,0,0,0,0
"Rap1 signaling pathway",0,0.199335548172757,0,0.053156146179402,0,0.0158730158730159,0,0,0.0598591549295775,0.00421940928270042,0,0.11913357400722,0.129554655870445,0.112462006079027,0.146520146520147,0,0.102739726027397,0,0,0.135036496350365,0.0142857142857143,0.00411522633744856,0.0562913907284768,0.10410094637224,0.0594405594405594,0,0.0748299319727891,0.152631578947368,0,0.00790513833992095,0.108949416342412,0.0255591054313099,0.193347193347193,0.099290780141844,0.019672131147541,0.056390977443609,0.105263157894737,0.122743682310469,0.0282051282051282,0,0.038135593220339,0.217948717948718,0.123636363636364,0.0740740740740741,0.0562310030395137,0.0135135135135135,0,0.152,0.0220385674931129,0.0380313199105145,0.048582995951417,0.182336182336182,0.146005509641873,0.129032258064516,0,0.179746835443038,0.0293255131964809,0,0.146853146853147,0.09375,0.107407407407407,0.0911392405063291,0.0512820512820513,0.0552486187845304,0.0192926045016077,0,0.0852272727272727,0.129230769230769,0.0986842105263158,0.150819672131148,0.176056338028169,0.00701754385964912,0.010752688172043,0,0.121527777777778,0.140893470790378,0.0129032258064516,0.104838709677419,0.0355871886120996,0.0838150289017341,0.0456026058631922,0.163346613545817,0.335311572700297,0.0158730158730159,0.17879746835443,0.0642201834862385,0.0926640926640927,0.0326086956521739,0.0453400503778338,0,0.127147766323024,0.111688311688312,0,0.0967741935483871,0.118421052631579,0,0.108391608391608,0,0.101010101010101,0,0.0612813370473538,0,0.0519125683060109,0.116279069767442,0.0497237569060773,0.0075187969924812,0.0320855614973262,0,0.0299145299145299,0.119047619047619,0,0.0812807881773399,0.0418410041841004,0.0989399293286219,0.051948051948052,0.0852713178294574,0,0.0436363636363636,0.0723860589812333,0,0.142857142857143,0.112359550561798,0.0394366197183099,0.15530303030303,0.0672566371681416,0.0675105485232067,0.0254545454545455,0,0.0563002680965147,0,0.0897009966777409,0.17426273458445,0.0641891891891892,0.138666666666667,0.121863799283154,0.0692771084337349,0,0.0781893004115226,0.0342465753424658,0.0626865671641791,0.0416666666666667,0.156133828996283,0,0,0.0988593155893536,0.092741935483871,0.128378378378378,0.137651821862348,0.0134680134680135,0.04375,0.0289017341040462,0,0,0,0,0.0953846153846154,0,0.151515151515152,0.0707269155206287,0.0719424460431655,0.0669144981412639,0,0.032051282051282,0.027190332326284,0.138364779874214,0.101167315175097,0.0366300366300366,0.0664961636828645,0,0.0136986301369863,0,0,0,0.0738916256157636,0,0.0801393728222996,0.0840840840840841,0,0,0.069284064665127,0.102702702702703,0.031413612565445,0.0711974110032362,0,0.105960264900662,0,0.08,0,0.07,0.103542234332425,0.0542452830188679,0.101492537313433,0.0282186948853616,0,0.227817745803357,0.0630372492836676,0.108974358974359,0.157142857142857,0.0990415335463259,0.0886524822695035,0.00955414012738853,0.229916897506925,0,0.163265306122449,0.0269360269360269,0,0,0.0357142857142857,0,0.0949367088607595,0,0.0854092526690391,0.0794117647058823,0.0684410646387833,0.00364963503649635,0,0,0,0,0.103585657370518,0,0.0942028985507246,0.0409556313993174,0.0122137404580153,0.0787172011661808,0.0921985815602837,0,0.101626016260163,0.117088607594937,0,0.0683760683760684,0.0199335548172757,0.121019108280255,0,0.0433070866141732,0.056,0.102189781021898,0.0365168539325843,0.190140845070423,0.0264550264550265,0.033195020746888,0.0756578947368421,0.0740740740740741,0.0452261306532663,0.0135658914728682,0.0917721518987342,0.138075313807531,0,0.0938628158844765,0.103703703703704,0,0.00645161290322581,0.0572519083969466,0.0783582089552239,0,0,0,0
"Longevity regulating pathway",0,0.132701421800948,0.00403225806451613,0.0714285714285714,0,0.0102040816326531,0,0,0.0718562874251497,0.00869565217391304,0.00840336134453781,0.182389937106918,0.0680272108843537,0.114155251141553,0.123529411764706,0,0.129943502824859,0,0,0.203821656050955,0.0188679245283019,0.00826446280991736,0.152046783625731,0.219251336898396,0.0710059171597633,0,0.0486486486486487,0.112676056338028,0,0,0.108843537414966,0.0153061224489796,0.113300492610837,0.139393939393939,0.0441988950276243,0.111888111888112,0.117903930131004,0.118343195266272,0.0108695652173913,0.00404858299595142,0.0605187319884726,0.116438356164384,0.0747126436781609,0.0434782608695652,0.0232142857142857,0,0,0.129251700680272,0,0.00588235294117647,0.113821138211382,0.0464285714285714,0.0808823529411765,0.0555555555555556,0,0.033033033033033,0.0651162790697674,0.00763358778625954,0.0351758793969849,0.0722222222222222,0.120253164556962,0.111510791366906,0.13302752293578,0.0441767068273092,0.0427807486631016,0.00588235294117647,0.0788381742738589,0.108597285067873,0.0761421319796954,0.180412371134021,0.232558139534884,0.0443037974683544,0.167883211678832,0,0.148571428571429,0.111111111111111,0,0.490196078431373,0.0119760479041916,0.119469026548673,0.213414634146341,0.164383561643836,0.0718954248366013,0.107438016528926,0.0631399317406143,0.0865384615384615,0.118055555555556,0.01875,0.0103448275862069,0,0.197674418604651,0.0699300699300699,0,0.0344827586206897,0.0669014084507042,0.012987012987013,0.0833333333333333,0,0.126373626373626,0,0.171945701357466,0,0.052,0.0779220779220779,0.0487804878048781,0.0138888888888889,0.0193050193050193,0.0132450331125828,0,0.0884353741496599,0.0078740157480315,0.0602006688963211,0.0495867768595041,0.0677966101694915,0.0253807106598985,0.136690647482014,0,0.0784313725490196,0.0733590733590734,0,0.0917431192660551,0.0378787878787879,0.0122950819672131,0.0958083832335329,0.0571428571428571,0.031496062992126,0,0,0.0264150943396226,0,0.0618556701030928,0.17037037037037,0.0722222222222222,0.15530303030303,0.0977011494252874,0.0688073394495413,0,0.0441558441558442,0.0714285714285714,0.0684931506849315,0.0282131661442006,0.118343195266272,0,0,0.120805369127517,0.120300751879699,0.0871794871794872,0.089041095890411,0,0.316770186335404,0.0934579439252336,0,0,0.0427350427350427,0,0.0684931506849315,0,0.0898203592814371,0.0902061855670103,0.150326797385621,0.153846153846154,0,0.019774011299435,0.0430622009569378,0.0810810810810811,0.102739726027397,0.0125786163522013,0.0573476702508961,0.0116731517509728,0,0,0,0,0.141818181818182,0,0.0386740331491713,0.052863436123348,0,0,0.0302114803625378,0.0711610486891386,0.075098814229249,0.117647058823529,0,0.109947643979058,0.0116959064327485,0.0700934579439252,0,0.0641711229946524,0.0481481481481481,0.140350877192982,0.10762331838565,0.0199115044247788,0.020979020979021,0.0483870967741935,0.0732758620689655,0.0566037735849057,0.109803921568627,0.0829268292682927,0.069364161849711,0.0103626943005181,0.0454545454545455,0,0.202185792349727,0.0110497237569061,0,0.008,0.130081300813008,0,0.0467289719626168,0,0.0110497237569061,0.0986547085201794,0.0392156862745098,0.0132450331125828,0.00833333333333333,0,0,0,0.0915492957746479,0.0942028985507246,0,0.0828402366863905,0.0074487895716946,0.164319248826291,0.0691823899371069,0,0.221311475409836,0.0694444444444444,0,0.103448275862069,0.0109289617486339,0.15,0,0.0437956204379562,0.126984126984127,0.111111111111111,0,0.11340206185567,0,0,0.0353535353535354,0.0120481927710843,0.05,0.0442708333333333,0.173684210526316,0.0948905109489051,0,0.0903614457831325,0.106918238993711,0,0,0.165413533834586,0.113333333333333,0,0,0,0.0689655172413793
"Small cell lung cancer",0,0.0431034482758621,0.0285714285714286,0.0421052631578947,0,0.0100502512562814,0,0,0,0,0,0.186335403726708,0,0.0164609053497942,0,0,0.0855614973262032,0,0.00434782608695652,0.129411764705882,0.0576923076923077,0.106194690265487,0.0152284263959391,0.05,0,0,0,0.042483660130719,0,0,0.238805970149254,0.0466321243523316,0.140350877192982,0,0.0434782608695652,0,0.01171875,0.0549450549450549,0.0561797752808989,0.0865800865800866,0.0363128491620112,0.194244604316547,0,0.062111801242236,0.0230905861456483,0,0,0.190140845070423,0.0120481927710843,0.00290697674418605,0.0606060606060606,0.165354330708661,0.0722021660649819,0.1,0,0.00289017341040462,0.171717171717172,0,0.045,0.101123595505618,0.161290322580645,0.0263157894736842,0.0775862068965517,0.0115384615384615,0.0259067357512953,0,0.123931623931624,0.0122448979591837,0.0858585858585859,0.0497737556561086,0.053921568627451,0.135135135135135,0.0866666666666667,0,0.0569948186528497,0.0923076923076923,0,0.0689655172413793,0.0424242424242424,0.158371040723982,0.0802139037433155,0.0880503144654088,0.0507936507936508,0,0.172284644194757,0.168367346938776,0.0860927152317881,0.0246913580246914,0.049645390070922,0,0.0555555555555556,0.111510791366906,0,0,0.0967741935483871,0.0127388535031847,0.0939226519337017,0,0.0246305418719212,0,0.0564516129032258,0,0.103734439834025,0,0.0609756097560976,0.0492957746478873,0.0113636363636364,0,0,0.0723684210526316,0,0.0596026490066225,0.120689655172414,0.0549450549450549,0.198830409356725,0.118055555555556,0,0.158620689655172,0,0,0.131455399061033,0.0335820895522388,0.0204081632653061,0,0.0476190476190476,0.072,0.0382165605095541,0,0.049618320610687,0,0,0.127208480565371,0.187878787878788,0.0731707317073171,0.14792899408284,0.0825688073394495,0,0.0657894736842105,0.00549450549450549,0.0533333333333333,0.0474683544303797,0.0378378378378378,0,0,0.240875912408759,0.178294573643411,0.0858585858585859,0.0657894736842105,0.159235668789809,0.053921568627451,0.0580357142857143,0,0,0,0,0.0486725663716814,0,0,0.157608695652174,0,0,0,0.0196078431372549,0.00454545454545455,0.168269230769231,0.0860927152317881,0.0445859872611465,0.0456140350877193,0.0154440154440154,0.0120967741935484,0.00869565217391304,0,0,0.116197183098592,0,0.0437158469945355,0.004149377593361,0,0,0.0683229813664596,0.133333333333333,0.127049180327869,0.133689839572193,0,0.0913705583756345,0.0414201183431953,0.0131004366812227,0,0.0978260869565217,0.0476190476190476,0,0.136363636363636,0.0220264317180617,0.0136054421768707,0.0452127659574468,0.172093023255814,0,0.0631970260223048,0.0135135135135135,0,0.112359550561798,0.0586319218241042,0,0.0985221674876847,0.0333333333333333,0,0,0.0142857142857143,0.00704225352112676,0.0365296803652968,0,0,0.0553191489361702,0,0.0612244897959184,0,0,0,0,0.0675675675675676,0.0409556313993174,0.0828402366863905,0,0,0.0590717299578059,0.082018927444795,0.00645161290322581,0.0780141843971631,0.0934579439252336,0,0.0564516129032258,0.0742857142857143,0.0219298245614035,0,0,0.00694444444444444,0.109090909090909,0.016260162601626,0.0631067961165049,0,0.00775193798449612,0.00970873786407767,0.0363636363636364,0.188,0.017632241813602,0.107843137254902,0.0928571428571429,0,0.0952380952380952,0.0848484848484849,0,0,0,0.259259259259259,0,0,0.00613496932515337,0
"Olfactory transduction",0,0.00166944908180301,0.0066006600660066,0.0127504553734062,0,0,0,0,0.0131332082551595,0,0,0,0.0277777777777778,0.030664395229983,0.0279329608938547,0,0.00718132854578097,0,0,0.00732600732600733,0,0,0.0257352941176471,0.0172711571675302,0.0284629981024668,0,0.00180505415162455,0.0288753799392097,0,0,0,0,0.0037037037037037,0.0300187617260788,0.00548446069469835,0.0276679841897233,0.0266222961730449,0,0,0,0.00413223140495868,0,0.0378787878787879,0,0.0119176598049837,0,0,0.0213178294573643,0,0.00572246065808298,0,0,0.0108024691358025,0,0,0.0322108345534407,0,0,0,0.00180831826401447,0,0.0136157337367625,0,0.00485436893203883,0,0,0,0.0271186440677966,0,0.0189982728842832,0.0070298769771529,0,0,0,0.00716845878136201,0.0196428571428571,0,0.00785854616895874,0,0,0,0,0.0192307692307692,0.00814663951120163,0.0186335403726708,0,0,0,0,0,0.0197841726618705,0.0167682926829268,0,0.00392927308447937,0.0152905198776758,0,0.0127504553734062,0,0.0107142857142857,0,0.00486223662884927,0,0,0.029296875,0,0,0.0113268608414239,0,0.0212765957446809,0,0,0,0,0,0,0,0,0,0.0207667731629393,0,0,0.0063391442155309,0.00662251655629139,0.0283553875236295,0.00838323353293413,0,0,0,0.0176848874598071,0,0.0161290322580645,0.0211161387631976,0.00727272727272727,0.00909090909090909,0,0,0,0,0.0074487895716946,0,0,0.0280373831775701,0,0,0,0,0,0,0,0,0,0,0,0,0,0,0,0.0111731843575419,0.00384122919334187,0.0151228733459357,0.00766283524904215,0,0.0212164073550212,0.0104712041884817,0,0,0,0.00613496932515337,0,0,0,0,0,0.00596125186289121,0,0.0129151291512915,0.0118043844856661,0,0,0,0.0156985871271586,0,0,0,0.00526315789473684,0,0.0260869565217391,0,0,0,0.00882352941176471,0.0116472545757072,0,0.014,0.00670241286863271,0,0.0209424083769634,0.0173775671406003,0.0355239786856128,0.024390243902439,0,0,0,0.0157342657342657,0,0,0,0.00603621730382294,0,0,0,0,0.0133779264214047,0.0276679841897233,0,0,0,0,0,0.00389105058365759,0.0122137404580153,0.0074487895716946,0,0,0,0,0,0.0119047619047619,0.011965811965812,0,0,0,0.029616724738676,0,0.0120481927710843,0.00801603206412826,0,0,0.010507880910683,0,0,0.0107142857142857,0.0134099616858238,0,0,0,0,0,0,0.0075046904315197,0,0,0.0078125,0,0,0,0,0
"mTOR signaling pathway",0,0.10431654676259,0.00634920634920635,0.00766283524904215,0,0.0230769230769231,0,0,0.0122950819672131,0.00546448087431694,0,0.137777777777778,0.076555023923445,0.0196078431372549,0.204651162790698,0,0.121338912133891,0,0.049645390070922,0.117391304347826,0.013215859030837,0.00529100529100529,0.0192307692307692,0.165354330708661,0.0121951219512195,0,0.0155038759689922,0.0463215258855586,0,0.00440528634361234,0.126829268292683,0.0190839694656489,0.108742004264392,0.0118577075098814,0.0158102766798419,0.0133928571428571,0.0384615384615385,0.142222222222222,0.0175953079178886,0.00636942675159236,0.0258823529411765,0.105263157894737,0.02,0.0350877192982456,0.0882852292020374,0,0,0.141463414634146,0.0462046204620462,0.00737100737100737,0.0789473684210526,0.0840840840840841,0.214765100671141,0.0842490842490843,0,0.00733496332518337,0.0457746478873239,0,0.0418250950570342,0.0653061224489796,0.123853211009174,0.0385674931129477,0.0641891891891892,0.0123456790123457,0.0154440154440154,0.00420168067226891,0.247148288973384,0.0468227424749164,0.106719367588933,0.0760869565217391,0.111111111111111,0.0174672489082969,0.0555555555555556,0,0.0934959349593496,0.125506072874494,0,0.128205128205128,0.0171673819742489,0.0955631399317406,0.121848739495798,0.18407960199005,0.0849315068493151,0,0.112721417069243,0.0848708487084871,0.111650485436893,0.0176211453744493,0.019774011299435,0,0.0745098039215686,0.0655270655270655,0,0.0686274509803922,0.0816326530612245,0.00448430493273543,0.0823045267489712,0,0.0459770114942529,0,0.151408450704225,0,0.067741935483871,0.012987012987013,0.0516129032258065,0.00469483568075117,0.133105802047782,0,0,0.11219512195122,0,0.0724233983286908,0.0427807486631016,0.0798319327731092,0.0384615384615385,0.141414141414141,0.0116731517509728,0.0590909090909091,0.0328358208955224,0,0.259259259259259,0.0654205607476635,0.0161290322580645,0.0546218487394958,0.131958762886598,0.0473684210526316,0,0,0.0303030303030303,0,0.0185873605947955,0.106628242074928,0.044,0.0970588235294118,0.0746887966804979,0.0636042402826855,0,0.0706150341685649,0,0.0559440559440559,0.0448548812664908,0.0447154471544715,0,0,0.0981308411214953,0.130208333333333,0.102362204724409,0.118226600985222,0,0.133603238866397,0.0449826989619377,0,0,0.021505376344086,0,0.217741935483871,0,0.0593220338983051,0.194647201946472,0.0166666666666667,0.0130434782608696,0.00495049504950495,0,0,0.241935483870968,0.100961538461538,0.0751173708920188,0.0552325581395349,0.00305810397553517,0,0,0,0,0.0611111111111111,0,0.0448979591836735,0.0165562913907285,0,0,0.0433673469387755,0.0694864048338369,0.059190031152648,0.0653846153846154,0.00510204081632653,0.106719367588933,0.00836820083682008,0.0348432055749129,0,0.068,0.0572289156626506,0.0592991913746631,0.0824742268041237,0.0134099616858238,0.00469483568075117,0.0725995316159251,0.0931034482758621,0.0354609929078014,0.08,0.0247349823321555,0.012,0.0193798449612403,0.0626702997275204,0.0138248847926267,0.0827067669172932,0.0161943319838057,0,0,0,0,0.0855018587360595,0,0.0203252032520325,0.138181818181818,0,0.175531914893617,0,0,0,0,0.103960396039604,0.0787172011661808,0.164319248826291,0.0590717299578059,0,0,0.0708661417322835,0,0.0637254901960784,0.0602836879432624,0,0.107344632768362,0.0242914979757085,0.0604982206405694,0,0.0144230769230769,0.0194174757281553,0.107142857142857,0.117021276595745,0.0479704797047971,0,0.0209424083769634,0.0419847328244275,0.0172413793103448,0.0402298850574713,0.00643776824034335,0.141176470588235,0.106598984771574,0,0.111607142857143,0.14018691588785,0,0.0078125,0,0.113744075829384,0.0136986301369863,0,0,0.0105263157894737
"Shigellosis",0,0.0754716981132075,0.0651041666666667,0.0171919770773639,0,0.028735632183908,0,0.0142857142857143,0.0029585798816568,0,0,0.0773993808049536,0.0292207792207792,0.0412371134020619,0.0203488372093023,0,0.0810810810810811,0.0140845070422535,0.00258397932816537,0.0940438871473354,0.0915254237288136,0.0367647058823529,0.0317919075144509,0.0777777777777778,0,0,0.0260869565217391,0.0554323725055432,0,0.0166975881261596,0.059016393442623,0.0652818991097923,0.0588235294117647,0.0235294117647059,0.0174927113702624,0.00314465408805031,0.0452261306532663,0.0738461538461539,0.18010752688172,0.0174563591022444,0.056,0.0521172638436482,0.0266272189349112,0.171428571428571,0.0763582966226138,0.0029673590504451,0,0.0618892508143322,0.0225,0.0502092050209205,0.0760869565217391,0.126865671641791,0.110024449877751,0.251612903225806,0,0.0327868852459016,0.105113636363636,0,0.105740181268882,0.12779552715655,0.0870967741935484,0.0285087719298246,0.0853333333333333,0.0880829015544041,0.0757575757575758,0.00303030303030303,0.0606060606060606,0.0465116279069767,0.11044776119403,0.0657534246575342,0.100591715976331,0.0220125786163522,0.0631229235880399,0,0.0555555555555556,0.124620060790274,0.00284900284900285,0.0612244897959184,0.0681818181818182,0.113207547169811,0.0813253012048193,0.0784313725490196,0.0678336980306346,0,0.0785123966942149,0.115606936416185,0.0808080808080808,0.0487012987012987,0.192105263157895,0,0.0578034682080925,0.159203980099502,0,0.0299003322259136,0.16624685138539,0.025974025974026,0.130573248407643,0,0.0339943342776204,0,0.147945205479452,0,0.10443864229765,0.028391167192429,0.0398009950248756,0.0662020905923345,0.0469135802469136,0,0,0.0596026490066225,0,0.0743243243243243,0.0141342756183746,0.118589743589744,0.0936555891238671,0.0743243243243243,0,0.0620915032679739,0.045346062052506,0.0143884892086331,0.0529100529100529,0.0611246943765281,0.0356234096692112,0.0652173913043478,0.075503355704698,0.0282685512367491,0.0126582278481013,0,0.085427135678392,0,0.0252100840336134,0.152542372881356,0.0729483282674772,0.0472972972972973,0.13961038961039,0.11965811965812,0,0.052434456928839,0,0.0853994490358127,0.106575963718821,0.090625,0,0,0.0973154362416107,0.0618556701030928,0.11044776119403,0.0813559322033898,0.00892857142857143,0.0508474576271186,0.103641456582633,0,0,0.040590405904059,0,0.0450928381962865,0,0.0332326283987915,0.0697247706422018,0.0151057401812689,0.0220125786163522,0.0068259385665529,0.0316831683168317,0,0.0526315789473684,0.0629139072847682,0.0771812080536913,0.0655737704918033,0.037037037037037,0.00245700245700246,0,0,0,0.0748299319727891,0,0.0674846625766871,0.0417754569190601,0,0,0.218978102189781,0.155440414507772,0.107692307692308,0.125,0.00347222222222222,0.0909090909090909,0.0605095541401274,0.0401069518716578,0.012779552715655,0.136075949367089,0.132992327365729,0.0232067510548523,0.0940860215053763,0.0633561643835616,0.0166112956810631,0.0721247563352826,0.0848806366047745,0.0434782608695652,0.1075,0.0523415977961433,0.0207100591715976,0.095679012345679,0.139479905437352,0,0.0826210826210826,0.058641975308642,0,0,0.0101351351351351,0,0.040650406504065,0,0.082018927444795,0.0279187817258883,0.0224358974358974,0.00967741935483871,0,0,0,0,0.0641891891891892,0.0921985815602837,0.0691823899371069,0.082018927444795,0,0.0708661417322835,0,0,0.0334448160535117,0.107648725212465,0.0140845070422535,0.032258064516129,0.0917721518987342,0.0714285714285714,0.00333333333333333,0.0133779264214047,0,0.107491856677524,0.0124378109452736,0.102639296187683,0.00161550888529887,0.028673835125448,0.0252808988764045,0.0933333333333333,0.112745098039216,0.0388888888888889,0.084985835694051,0.0801393728222996,0,0.0791139240506329,0.087378640776699,0,0.0144927536231884,0.0227272727272727,0.0792079207920792,0,0,0,0.017921146953405
"Arachidonic acid metabolism",0,0.0341463414634146,0.0373831775700935,0,0,0,0,0,0,0,0,0,0,0,0,0,0,0,0,0,0,0,0,0,0,0.0427350427350427,0.0705128205128205,0,0,0,0,0,0,0,0,0,0,0.0451612903225806,0,0,0,0,0,0,0.0018348623853211,0,0,0,0,0,0,0,0,0,0,0,0,0,0,0,0,0,0.0045662100456621,0,0,0,0,0.0380952380952381,0,0,0,0,0,0.024390243902439,0,0,0,0,0.00709219858156028,0,0,0,0.075,0,0.00168067226890756,0,0,0,0,0,0,0.0145454545454545,0.00952380952380952,0.0603448275862069,0,0,0.00598802395209581,0,0,0,0,0.0340909090909091,0,0,0,0,0,0,0,0,0,0.0175438596491228,0,0.051948051948052,0.00574712643678161,0,0.153846153846154,0,0,0,0,0,0.0185185185185185,0.0469798657718121,0.0022075055187638,0,0,0.0461538461538462,0,0,0.0406976744186047,0.00347222222222222,0,0.0109090909090909,0,0,0,0.00267379679144385,0,0,0,0.0657894736842105,0,0,0,0,0,0.0645161290322581,0,0,0.00485436893203883,0,0.0234375,0,0.241758241758242,0,0.430769230769231,0,0.00253164556962025,0,0,0,0,0,0,0,0,0,0,0,0,0,0.0441176470588235,0,0,0,0.004739336492891,0.328358208955224,0,0,0.00387596899224806,0,0.00552486187845304,0,0,0,0,0,0,0,0,0,0,0,0.0196629213483146,0,0.106741573033708,0,0,0,0.00598802395209581,0,0,0,0,0,0,0,0,0,0,0,0,0,0,0,0.00699300699300699,0,0,0,0,0,0.00645161290322581,0,0,0,0,0.0338983050847458,0,0,0,0.00636942675159236,0,0,0,0.116504854368932,0,0,0.05,0,0,0.1125,0,0,0,0,0.0695652173913043,0,0,0,0,0,0,0,0,0,0.0551181102362205,0
"Regulation of lipolysis in adipocytes",0,0.118279569892473,0,0.0933333333333333,0,0,0,0,0.112781954887218,0.0119047619047619,0,0.0753424657534247,0.0413223140495868,0.109375,0.111111111111111,0,0.0833333333333333,0,0,0.17037037037037,0,0,0.0573248407643312,0.112994350282486,0.136363636363636,0,0.065359477124183,0.158536585365854,0,0,0.0819672131147541,0,0.0318627450980392,0.113475177304965,0,0.040650406504065,0.147959183673469,0.0675675675675676,0,0,0.0305810397553517,0.0819672131147541,0.130434782608696,0.0538461538461538,0.00184842883548983,0,0,0.08,0,0,0.127659574468085,0.0396825396825397,0.052,0.053475935828877,0,0.0503355704697987,0.0531914893617021,0,0.0606060606060606,0.102040816326531,0.0735294117647059,0.158333333333333,0.0693069306930693,0.0132743362831858,0,0,0.045662100456621,0.0974358974358974,0.0584795321637427,0.151162790697674,0.190789473684211,0,0.0573770491803279,0,0.188811188811189,0.0654761904761905,0,0.287234042553192,0.0072992700729927,0.0471698113207547,0.0909090909090909,0.0775193798449612,0.0607142857142857,0.0729166666666667,0.049645390070922,0.0540540540540541,0.101694915254237,0.0232558139534884,0,0,0.166666666666667,0.0377358490566038,0,0.0530973451327434,0.0501930501930502,0,0.0718954248366013,0,0.10126582278481,0,0.0805687203791469,0,0.045045045045045,0.134453781512605,0.0460829493087558,0,0.0130434782608696,0,0,0.0840336134453782,0,0.036231884057971,0,0.0675675675675676,0.0363636363636364,0.0854700854700855,0.0125786163522013,0.0806451612903226,0.0378151260504202,0,0.050761421319797,0.0429184549356223,0.00465116279069767,0.101449275362319,0.0368663594470046,0,0,0,0.0126050420168067,0,0.10062893081761,0.108949416342412,0.08,0.118367346938776,0.0666666666666667,0.0520833333333333,0,0.0277008310249307,0.0955882352941176,0.0518134715025907,0.0241379310344828,0.144927536231884,0,0,0.0793650793650794,0.0925925925925926,0.0838323353293413,0.0847457627118644,0,0.096969696969697,0.015,0,0,0,0.0186915887850467,0.0518134715025907,0.0229885057471264,0.143939393939394,0.0397877984084881,0.106870229007634,0.135593220338983,0,0.0248447204968944,0.0625,0.050251256281407,0.0833333333333333,0,0.051792828685259,0,0,0,0,0,0.0842911877394636,0,0.0466666666666667,0.0890052356020942,0.0240963855421687,0,0.0197368421052632,0.0450819672131148,0.0432900432900433,0.0658682634730539,0,0.0773809523809524,0,0.0702702702702703,0,0.0632911392405063,0.0413223140495868,0.0808823529411765,0.0485436893203883,0,0.0267857142857143,0.0227920227920228,0.0480769230769231,0.0903954802259887,0.110132158590308,0.0611111111111111,0.132352941176471,0.00613496932515337,0.0392857142857143,0,0.159509202453988,0,0,0,0.08,0,0.0376344086021505,0,0.00662251655629139,0.0808080808080808,0.153153153153153,0,0,0,0,0,0.0973451327433628,0.101626016260163,0.221311475409836,0.0780141843971631,0.0119047619047619,0.0637254901960784,0.0334448160535117,0.0338983050847458,0,0.0526315789473684,0,0.114942528735632,0.0065359477124183,0.117977528089888,0,0.0566037735849057,0.180851063829787,0.0719424460431655,0,0.185897435897436,0.0238663484486874,0.0105263157894737,0.0609756097560976,0.0223880597014925,0.0395256916996047,0,0.0847457627118644,0.101851851851852,0,0.0714285714285714,0.0740740740740741,0,0,0.117117117117117,0.0793650793650794,0.0165289256198347,0,0.00775193798449612,0
"Fluid shear stress and atherosclerosis",0,0.0469314079422383,0.0416666666666667,0.0292887029288703,0,0.0418410041841004,0,0,0.00436681222707424,0,0,0.127358490566038,0.0348258706467662,0.0535714285714286,0.0386266094420601,0,0.0772532188841202,0,0,0.116279069767442,0.0703517587939698,0.0297619047619048,0.0508474576271186,0.0941176470588235,0,0.111111111111111,0.00823045267489712,0.0857988165680473,0,0.035377358490566,0.0541871921182266,0.0822510822510823,0.0679405520169851,0.0301724137931034,0.0434782608695652,0.0447761194029851,0.0513698630136986,0.0909090909090909,0.0784313725490196,0.00335570469798658,0.0634517766497462,0.0646766169154229,0.0347826086956522,0.0841584158415842,0.0469798657718121,0.00881057268722467,0,0.101522842639594,0.0309278350515464,0.0155038759689922,0.0742857142857143,0.109677419354839,0.123778501628664,0.1625,0,0.031331592689295,0.0980392156862745,0,0.117391304347826,0.14018691588785,0.106796116504854,0.0434782608695652,0.111940298507463,0.0506756756756757,0.0336134453781513,0.0230414746543779,0.139194139194139,0.0685920577617329,0.123931623931624,0.106719367588933,0.0867768595041322,0.00934579439252336,0.076530612244898,0,0.0815450643776824,0.16,0.00413223140495868,0.06282722513089,0.0784313725490196,0.121771217712177,0.0964912280701754,0.0780487804878049,0.0953757225433526,0,0.119601328903654,0.112449799196787,0.109947643979058,0.014218009478673,0.0783699059561129,0,0.0489795918367347,0.197986577181208,0,0,0.130990415335463,0.035,0.160377358490566,0,0.0199203187250996,0,0.0652920962199313,0,0.0827586206896552,0.0432692307692308,0.0510204081632653,0.0207253886010363,0.0361842105263158,0,0.0429447852760736,0.0710659898477157,0,0.187096774193548,0.0113636363636364,0.0572687224669604,0.0905172413793103,0.077319587628866,0,0.180327868852459,0.0217391304347826,0,0.0509090909090909,0.0517799352750809,0.0311418685121107,0.0985915492957746,0.0661322645290581,0.0282485875706215,0.0394088669950739,0.103092783505155,0.0912162162162162,0,0,0.132716049382716,0.0655021834061135,0.123028391167192,0.174757281553398,0.163934426229508,0,0.0486111111111111,0,0.0516605166051661,0.0736543909348442,0.121495327102804,0,0.00537634408602151,0.117948717948718,0.0638297872340425,0.128755364806867,0.129032258064516,0.0222222222222222,0.052,0.1003861003861,0.00564971751412429,0,0,0,0.0836501901140684,0,0.0219298245614035,0.0556792873051225,0,0.00465116279069767,0.021978021978022,0.0430379746835443,0,0.0467625899280576,0.054726368159204,0.0816326530612245,0.0880503144654088,0.0332225913621262,0.0310344827586207,0.0123456790123457,0,0.1,0.0798816568047337,0,0.0622222222222222,0.0247349823321555,0,0,0.107344632768362,0.142372881355932,0.0838926174496644,0.171171171171171,0.0112359550561798,0.073469387755102,0.0275229357798165,0.0408921933085502,0,0.141552511415525,0.0879478827361563,0.0245231607629428,0.103703703703704,0.0281124497991968,0.00510204081632653,0.0970149253731343,0.0714285714285714,0.0377358490566038,0.0774193548387097,0.0705882352941176,0.0305676855895196,0.0603448275862069,0.0657142857142857,0,0.12448132780083,0.0684931506849315,0,0,0.0160427807486631,0.00526315789473684,0.049618320610687,0,0.0446428571428571,0.00338983050847458,0.0396039603960396,0.0149253731343284,0,0.099009900990099,0,0,0.0510204081632653,0.117088607594937,0.0694444444444444,0.0934579439252336,0.011965811965812,0.0602836879432624,0.107648725212465,0,0.0526315789473684,0,0,0.0406976744186047,0.113207547169811,0.0643939393939394,0,0,0,0.110576923076923,0.0275862068965517,0.0897959183673469,0.00196078431372549,0.0348837209302326,0.00392156862745098,0.111675126903553,0.10223642172524,0.0134529147982063,0.0873015873015873,0.122905027932961,0,0.0943396226415094,0.0861244019138756,0,0.0126050420168067,0,0.0792079207920792,0,0,0.104166666666667,0.0115606936416185
"Amino sugar and nucleotide sugar metabolism",0,0,0,0,0.0454545454545455,0,0,0.180327868852459,0,0.0158730158730159,0.0149253731343284,0,0,0,0,0,0.0277777777777778,0.134328358208955,0,0,0,0,0.00694444444444444,0.0292397660818713,0,0,0,0,0,0,0,0,0,0,0,0,0,0,0,0,0,0,0,0,0,0,0,0,0,0,0.0625,0,0,0,0,0,0,0,0,0,0,0,0,0,0,0,0,0,0,0,0,0,0,0,0,0,0,0,0,0,0.0137931034482759,0,0,0,0,0,0.0186915887850467,0,0,0,0,0,0,0,0,0,0,0,0,0,0,0,0,0,0,0,0,0,0,0,0,0,0,0,0,0,0,0,0,0.186440677966102,0,0,0,0,0,0,0,0,0,0,0,0,0,0,0,0,0,0,0,0,0,0,0.0222222222222222,0,0,0,0,0,0,0,0,0.0273972602739726,0,0,0,0,0,0,0,0.00813008130081301,0,0,0,0.0121951219512195,0,0.0480769230769231,0,0.00829875518672199,0,0,0,0,0,0,0,0,0,0,0,0,0,0,0,0,0,0,0,0.0824742268041237,0,0,0,0,0,0,0,0,0,0,0,0,0,0,0,0,0,0,0.0277777777777778,0,0,0,0,0,0,0,0,0,0,0,0,0,0,0,0,0,0,0.0140845070422535,0,0,0,0,0,0,0,0,0,0,0,0,0,0,0,0,0,0,0,0,0,0,0,0,0,0,0,0,0,0,0,0
"Aldosterone-regulated sodium reabsorption",0,0.0747126436781609,0,0.00704225352112676,0,0.0138888888888889,0,0,0.0241935483870968,0.0158730158730159,0,0.105691056910569,0.0606060606060606,0.0666666666666667,0.0451127819548872,0,0.112781954887218,0,0,0.0873015873015873,0,0,0,0.0864197530864197,0.0238095238095238,0,0.0923076923076923,0.0731707317073171,0,0,0.144329896907216,0.0137931034482759,0.0443864229765013,0.088,0.00735294117647059,0.0288461538461538,0.0736842105263158,0.113821138211382,0.00888888888888889,0.00512820512820513,0.0293159609120521,0.11,0.0384615384615385,0.0642201834862385,0.0116504854368932,0,0,0.14,0,0.00346020761245675,0.164383561643836,0.0616740088105727,0.066079295154185,0.0538922155688623,0,0.0103806228373702,0.0411764705882353,0,0.0694444444444444,0.0681818181818182,0.0869565217391304,0.0447154471544715,0.0540540540540541,0.00483091787439614,0.00704225352112676,0,0.0666666666666667,0.0320855614973262,0.0738255033557047,0.0598802395209581,0.103448275862069,0.018018018018018,0.00934579439252336,0.01,0.0875912408759124,0.0821917808219178,0,0.136363636363636,0.0263157894736842,0.0691489361702128,0.0888888888888889,0.134615384615385,0.0615384615384615,0,0.0251346499102334,0.0674846625766871,0.112244897959184,0.0277777777777778,0.00836820083682008,0,0.0921985815602837,0.0495867768595041,0,0.0769230769230769,0.0546218487394958,0,0.075187969924812,0,0.0408163265306122,0,0.0670103092783505,0,0.055,0.117647058823529,0.0351758793969849,0,0.0143540669856459,0,0,0.102040816326531,0,0.0433070866141732,0.0416666666666667,0.096,0.0204081632653061,0.104166666666667,0,0.0970873786407767,0.0134529147982063,0,0.0628571428571429,0.0571428571428571,0.015625,0.0396825396825397,0.03125,0.0394736842105263,0,0,0.00917431192660551,0,0.0335570469798658,0.051792828685259,0.0763358778625954,0.0541666666666667,0.094488188976378,0.0523255813953488,0,0.0416666666666667,0.0756302521008403,0.0581395348837209,0.0454545454545455,0.0873015873015873,0,0,0.0952380952380952,0.127906976744186,0.0958904109589041,0.126315789473684,0,0.0810810810810811,0,0,0,0,0,0.064327485380117,0,0.0483870967741935,0.0277008310249307,0.117117117117117,0.118811881188119,0,0,0,0.0561797752808989,0.101010101010101,0,0.0565217391304348,0,0,0,0,0,0.0396825396825397,0,0.0793650793650794,0.0274725274725275,0,0,0.0176056338028169,0.0446428571428571,0.0328638497652582,0.0608108108108108,0,0.167883211678832,0,0.023121387283237,0,0.0652173913043478,0.0547945205479452,0.00367647058823529,0.0540540540540541,0,0,0.027355623100304,0.053475935828877,0.029940119760479,0.05,0.0179640718562874,0.0991735537190083,0.00704225352112676,0.0424710424710425,0,0.0700636942675159,0.0155038759689922,0,0,0,0,0.0817610062893082,0,0.0234375,0.0104712041884817,0,0,0,0,0,0,0.144444444444444,0.0683760683760684,0.103448275862069,0.0564516129032258,0,0.107344632768362,0.032258064516129,0,0.114942528735632,0.0406976744186047,0,0,0.0152671755725191,0.0171428571428571,0,0.151898734177215,0.0344827586206897,0.0847457627118644,0,0.0580645161290323,0,0.0416666666666667,0.0408163265306122,0.0175438596491228,0.0297872340425532,0,0.103225806451613,0.152941176470588,0,0.0932203389830508,0.117117117117117,0,0,0,0.0952380952380952,0,0,0,0
"IL-17 signaling pathway",0,0.012448132780083,0.0583333333333333,0.0050251256281407,0,0.0201005025125628,0,0,0,0,0,0.0782122905027933,0.0125,0.0246913580246914,0.0155440414507772,0,0.0301507537688442,0,0,0.0659340659340659,0.176056338028169,0.0495867768595041,0,0.0309734513274336,0,0,0,0.0321543408360129,0,0.0856353591160221,0.0120481927710843,0.139664804469274,0.0316027088036117,0,0.0104166666666667,0.0186335403726708,0.00772200772200772,0.0374331550802139,0.168724279835391,0.00796812749003984,0.0389972144846797,0.0120481927710843,0.0158730158730159,0,0.0377019748653501,0,0,0.0118343195266272,0,0.00289017341040462,0.0518518518518519,0.0240549828178694,0.0310344827586207,0.136585365853659,0,0,0.119617224880383,0,0.0242718446601942,0.151162790697674,0.0520231213872832,0,0.0862068965517241,0.0153256704980843,0.0362694300518135,0.0232558139534884,0.0114503816793893,0.0245901639344262,0.124352331606218,0.0353982300884956,0.0533980582524272,0.0119047619047619,0.0784313725490196,0,0.0618556701030928,0.0858585858585859,0.0154639175257732,0,0.12258064516129,0.131578947368421,0.0515463917525773,0.0233918128654971,0.0341614906832298,0,0.0572390572390572,0.089622641509434,0.0849673202614379,0,0.111940298507463,0,0.0144230769230769,0.151851851851852,0,0.0130718954248366,0.1,0.0805369127516778,0.136363636363636,0,0.024390243902439,0,0.03125,0,0.0894308943089431,0,0.02734375,0.0863309352517986,0.0267175572519084,0,0,0.0185185185185185,0,0.0557377049180328,0.0153846153846154,0.0104166666666667,0.118918918918919,0.0516129032258065,0,0.0303030303030303,0.0107142857142857,0,0.0210084033613445,0.0108695652173913,0.037037037037037,0.0621468926553672,0.0406852248394004,0.0381679389312977,0.0122699386503067,0,0.08203125,0,0.00956937799043062,0.088135593220339,0.0645161290322581,0.0333333333333333,0.101123595505618,0.127962085308057,0,0.0200501253132832,0,0.0170212765957447,0.11,0.043010752688172,0,0,0.0617283950617284,0.0198675496688742,0.0689655172413793,0.0933333333333333,0,0.00930232558139535,0.17156862745098,0,0,0,0,0.0301724137931034,0,0.016304347826087,0.0413625304136253,0,0.00591715976331361,0.0294117647058824,0.0110497237569061,0,0.012396694214876,0.0121951219512195,0.129251700680272,0.0380622837370242,0.0271317829457364,0,0,0,0,0.0598006644518272,0,0,0.0427350427350427,0,0,0.105431309904153,0.127906976744186,0.0948616600790514,0.258823529411765,0.0307692307692308,0.014018691588785,0.0853658536585366,0.0308370044052863,0,0.172413793103448,0.032258064516129,0.0122699386503067,0.045643153526971,0.0174672489082969,0.00666666666666667,0.0704607046070461,0.0901287553648069,0.00881057268722467,0.0786516853932584,0.0412844036697248,0.0106382978723404,0.123595505617978,0.00615384615384615,0,0.0817307692307692,0.125748502994012,0,0,0.0285714285714286,0,0.0269058295964126,0,0.0162162162162162,0.0121457489878543,0,0.00636942675159236,0,0,0,0.0211267605633803,0.0126582278481013,0.0199335548172757,0.0109289617486339,0.0742857142857143,0,0.0242914979757085,0.0917721518987342,0.00636942675159236,0.0065359477124183,0.113207547169811,0,0.0152671755725191,0,0.00858369098712446,0,0,0.00684931506849315,0.0946745562130177,0.00398406374501992,0.027906976744186,0,0.03125,0.0194174757281553,0.138157894736842,0.111524163568773,0.015,0.0555555555555556,0.0472972972972973,0,0.0628571428571429,0.0402298850574713,0,0.0773480662983425,0,0.0487804878048781,0,0,0.00606060606060606,0
"Apelin signaling pathway",0,0.137795275590551,0,0.084070796460177,0,0.0333333333333333,0,0,0.16243654822335,0,0,0.0625,0.162921348314607,0.176,0.169902912621359,0,0.0593220338983051,0,0,0.138095238095238,0,0.0117647058823529,0.143518518518519,0.1440329218107,0.166666666666667,0,0.0844444444444444,0.115853658536585,0,0.0022883295194508,0.0597014925373134,0.0289256198347107,0.0865800865800866,0.14975845410628,0.0622222222222222,0.0609137055837563,0.219123505976096,0.0622222222222222,0.0444444444444444,0.0136054421768707,0.0295566502463054,0.065,0.28804347826087,0.00460829493087558,0.064957264957265,0.00884955752212389,0,0.107692307692308,0.00673400673400673,0.0103092783505155,0.0218579234972678,0.0457317073170732,0.0851735015772871,0.0296296296296296,0,0.119318181818182,0.0145454545454545,0,0.0158730158730159,0.08,0.0913461538461538,0.128930817610063,0.0348432055749129,0.0437710437710438,0.0560344827586207,0,0.0652920962199313,0.25,0.0438247011952191,0.177215189873418,0.15929203539823,0.00938967136150235,0.0606060606060606,0,0.105726872246696,0.0788381742738589,0,0.160919540229885,0.0138888888888889,0.0484429065743945,0.0686695278969957,0.0731707317073171,0.121661721068249,0.0337078651685393,0.114238410596026,0.0534351145038168,0.0603015075376884,0.0289855072463768,0.00882352941176471,0,0.261083743842365,0.0626865671641791,0,0.123595505617978,0.146103896103896,0.00980392156862745,0.0986547085201794,0,0.143497757847534,0,0.115523465703971,0,0.0262295081967213,0.193370165745856,0.0232558139534884,0,0.0328947368421053,0,0.05625,0.0552763819095477,0,0.0308988764044944,0.0535714285714286,0.052863436123348,0.05,0.077720207253886,0,0.0238095238095238,0.142857142857143,0,0.0627306273062731,0.0318471337579618,0.0206185567010309,0.182741116751269,0.06841046277666,0.0584795321637427,0.00961538461538462,0,0.0557377049180328,0,0.196261682242991,0.207920792079208,0.0429184549356223,0.095679012345679,0.100456621004566,0.0404411764705882,0,0.0319634703196347,0.0599078341013825,0.0636704119850187,0.0106951871657754,0.132701421800948,0.0104166666666667,0,0.0796019900497512,0.0698924731182796,0.100840336134454,0.0555555555555556,0.0043859649122807,0.0650406504065041,0.0441176470588235,0,0,0.029940119760479,0,0.0518518518518519,0,0.154228855721393,0.0464601769911504,0.0917874396135266,0.102564102564103,0,0.0458015267175573,0.0428015564202335,0.0740740740740741,0.0603015075376884,0,0.0422960725075529,0,0.00336700336700337,0.01875,0,0,0.0833333333333333,0,0.0672645739910314,0.17004048582996,0,0,0.0343915343915344,0.178947368421053,0.0125786163522013,0.0277777777777778,0,0.0916666666666667,0,0.0984251968503937,0,0.033195020746888,0.0471698113207547,0.0901162790697674,0.112359550561798,0.0261044176706827,0.0208333333333333,0.0476190476190476,0.0418118466898955,0.170940170940171,0.176678445229682,0.182608695652174,0.146341463414634,0,0.0628571428571429,0.01,0.244239631336406,0.0174672489082969,0,0,0.0384615384615385,0.0160427807486631,0.0300751879699248,0,0.0309734513274336,0.109022556390977,0.135869565217391,0,0,0,0,0,0.108108108108108,0.121019108280255,0.15,0.0219298245614035,0.029616724738676,0.0604982206405694,0.0714285714285714,0,0.117977528089888,0.0643939393939394,0,0.0171428571428571,0.00858369098712446,0,0,0.0722222222222222,0.0666666666666667,0.0648148148148148,0.027681660899654,0.161572052401747,0.00790513833992095,0.0290697674418605,0.180555555555556,0.0634146341463415,0.0117647058823529,0.0344036697247706,0.092,0.0752688172043011,0,0.05,0.0660377358490566,0,0,0.114130434782609,0.0742574257425743,0,0,0,0.0419161676646707
"Cholesterol metabolism",0,0,0.0144927536231884,0,0,0,0,0,0,0,0,0,0,0,0,0,0,0,0,0.00671140939597315,0,0,0,0,0,0,0,0,0,0,0,0,0,0.0205479452054795,0,0,0.014018691588785,0,0.0126582278481013,0,0.00920245398773006,0,0,0,0.00754716981132075,0,0,0,0.00961538461538462,0.00664451827242525,0,0,0,0,0,0.00993377483443709,0,0,0,0,0,0,0,0,0,0,0,0,0,0,0,0,0.00833333333333333,0.00884955752212389,0,0.00588235294117647,0,0,0,0.00469483568075117,0.00628930817610063,0,0,0,0,0,0,0,0,0,0,0.0229885057471264,0,0,0,0,0,0,0,0,0,0,0.00448430493273543,0,0,0,0,0,0,0,0,0.0109090909090909,0,0,0.00617283950617284,0,0.00657894736842105,0,0,0,0,0,0.0196078431372549,0,0.0137614678899083,0,0,0,0,0,0,0,0,0,0,0,0,0,0.0522388059701493,0.015625,0,0,0,0,0,0,0,0,0.00719424460431655,0.00581395348837209,0,0,0,0,0,0,0,0,0,0,0.008,0,0.00940438871473354,0,0,0,0,0.0158730158730159,0,0,0,0,0,0.014760147601476,0,0,0,0,0,0,0,0,0,0,0,0,0,0,0,0.012448132780083,0,0.0146341463414634,0.00476190476190476,0.00943396226415094,0,0.00961538461538462,0,0,0,0,0,0,0,0,0,0,0,0,0,0,0,0,0.0198019801980198,0,0,0,0,0,0,0,0,0,0,0,0,0.00333333333333333,0,0,0,0,0,0,0,0,0,0.03,0,0,0,0.00238095238095238,0.0114942528735632,0,0,0,0.00835654596100279,0,0,0,0,0,0,0,0.0357142857142857,0,0.0267857142857143,0,0,0
"Endocrine and other factor-regulated calcium reabsorption",0,0.0575916230366492,0,0.0604026845637584,0,0,0,0,0.0597014925373134,0,0.0121951219512195,0,0.100917431192661,0.156424581005587,0.1,0,0.01875,0,0,0.0482758620689655,0,0,0.0596026490066225,0.0159574468085106,0.0666666666666667,0,0.189393939393939,0.0730769230769231,0,0,0.024390243902439,0,0.00241545893719807,0.208,0.0201342281879195,0.0608695652173913,0.123076923076923,0.0201342281879195,0.0168067226890756,0,0.00914634146341463,0,0.102941176470588,0.0564516129032258,0.0151515151515152,0.00714285714285714,0,0.0238095238095238,0,0.0445205479452055,0,0.0118577075098814,0.028,0.00526315789473684,0,0.0734265734265734,0,0,0.0180722891566265,0.0469798657718121,0,0.0542635658914729,0,0.0136363636363636,0,0,0.0136363636363636,0.0721649484536082,0,0.0666666666666667,0.0869565217391304,0,0,0,0.0314465408805031,0,0,0.0454545454545455,0.00763358778625954,0.0140845070422535,0.0062111801242236,0.0230769230769231,0.0210526315789474,0.0777777777777778,0.0280701754385965,0,0.00813008130081301,0.0327868852459016,0,0,0.0833333333333333,0.0189393939393939,0,0.0865384615384615,0.0152671755725191,0,0,0,0.12751677852349,0,0.0136986301369863,0,0.0134529147982063,0.205607476635514,0,0,0.0460829493087558,0,0,0,0,0,0,0.027027027027027,0,0,0,0,0.0168776371308017,0,0.005,0.00423728813559322,0,0.0977443609022556,0.0113895216400911,0,0,0,0.00427350427350427,0,0.0903225806451613,0.0528301886792453,0.0833333333333333,0.0428015564202335,0.0405405405405405,0,0,0.00828729281767956,0.1171875,0.0423280423280423,0.0104166666666667,0.109489051094891,0,0,0,0,0.0542168674698795,0.00826446280991736,0,0,0,0,0,0,0,0,0,0.106870229007634,0.0104712041884817,0.198275862068966,0.219047619047619,0,0.0125,0.0111731843575419,0,0,0,0.0278884462151394,0,0,0,0,0,0.0183823529411765,0,0.0486111111111111,0.0687830687830688,0,0,0.0033003300330033,0,0,0,0,0.129032258064516,0,0.0267379679144385,0,0,0.0292887029288703,0.0212765957446809,0,0,0.0283018867924528,0.0172910662824208,0,0.0809248554913295,0.0468085106382979,0.069364161849711,0.223140495867769,0.00636942675159236,0.00352112676056338,0,0.063953488372093,0,0,0.0113636363636364,0.0408163265306122,0,0.016304347826087,0,0,0.0558375634517767,0.0892857142857143,0,0,0,0,0,0.0727272727272727,0.0433070866141732,0.0437956204379562,0,0.0120481927710843,0.0144230769230769,0.0133779264214047,0,0.0566037735849057,0,0,0.151898734177215,0,0.0722222222222222,0,0,0.0606060606060606,0,0,0.0654761904761905,0.00714285714285714,0.0975609756097561,0.0769230769230769,0,0,0.04,0,0.0272727272727273,0,0.00699300699300699,0.0220588235294118,0,0,0.102803738317757,0,0,0,0,0
"Ovarian steroidogenesis",0,0.104395604395604,0.0343137254901961,0.0979020979020979,0,0.00628930817610063,0,0,0.0930232558139535,0.012987012987013,0,0.0204081632653061,0.043859649122807,0.0673575129533679,0.0928571428571429,0,0.0253164556962025,0,0,0.110294117647059,0,0,0.0324675324675325,0.027027027027027,0.1,0,0.0684931506849315,0.0692307692307692,0,0.00574712643678161,0,0,0.00975609756097561,0.145038167938931,0.00666666666666667,0.0431034482758621,0.0531400966183575,0.0486111111111111,0,0,0.00917431192660551,0.016260162601626,0.0955882352941176,0,0.00187265917602996,0,0,0.0158730158730159,0.00476190476190476,0.00662251655629139,0.0206185567010309,0.00790513833992095,0.0199203187250996,0,0,0.0408163265306122,0,0.0217391304347826,0,0.0130718954248366,0,0.0883534136546185,0.00966183574879227,0.0136986301369863,0,0,0.00452488687782805,0.112903225806452,0,0.0730337078651685,0.0875,0.00793650793650794,0,0.116504854368932,0.101351351351351,0,0,0.163265306122449,0.00769230769230769,0,0.0125786163522013,0.0153846153846154,0.0507246376811594,0.0786516853932584,0.0281195079086116,0,0.0423728813559322,0,0,0,0.0769230769230769,0.0113207547169811,0,0.0980392156862745,0,0,0.00641025641025641,0,0.0844155844155844,0.0394736842105263,0.0231481481481481,0.0256410256410256,0,0.11304347826087,0,0,0.0134529147982063,0,0,0,0,0.0145454545454545,0,0.0486111111111111,0.0123456790123457,0,0.0476190476190476,0,0.0212765957446809,0,0.0101010101010101,0,0.00966183574879227,0.188524590163934,0.00681818181818182,0,0,0,0,0,0.135135135135135,0.053030303030303,0.0333333333333333,0.0595238095238095,0,0,0,0.00552486187845304,0.118110236220472,0,0,0.170542635658915,0,0,0,0,0,0.0707964601769911,0,0.0235294117647059,0,0,0.00840336134453781,0,0.0736842105263158,0.0103092783505155,0.108108108108108,0.099236641221374,0.0131578947368421,0.112903225806452,0.123893805309735,0,0.0157232704402516,0.0526315789473684,0,0,0,0.00784313725490196,0,0,0,0,0.0155038759689922,0.0454545454545455,0,0,0.0691489361702128,0.0985915492957746,0,0,0.00404858299595142,0,0.00588235294117647,0,0.0175438596491228,0,0.0852272727272727,0,0,0,0.0474452554744526,0,0,0.0285714285714286,0.0414201183431953,0.00956937799043062,0.120481927710843,0.0515021459227468,0.0279329608938547,0.0970149253731343,0.00641025641025641,0.00353356890459364,0,0.0769230769230769,0,0,0,0.0520833333333333,0,0,0,0.013986013986014,0.106951871657754,0.0521739130434783,0,0,0,0,0,0.0173913043478261,0.056,0.126984126984127,0.00694444444444444,0.00801603206412826,0.0194174757281553,0,0.116504854368932,0.180851063829787,0,0,0.0344827586206897,0.00684931506849315,0.0666666666666667,0.03,0.0606060606060606,0,0,0.00480769230769231,0.126582278481013,0.0119904076738609,0,0.0986842105263158,0,0,0,0.0220994475138122,0.0769230769230769,0,0,0,0,0,0.206185567010309,0,0,0,0.025,0
"PD-L1 expression and PD-1 checkpoint pathway in cancer",0,0.106481481481481,0.0418410041841004,0,0,0.0259067357512953,0,0,0,0,0,0.175,0.0902777777777778,0.0382978723404255,0.0437158469945355,0,0.162790697674419,0,0,0.173913043478261,0.08,0,0.0423280423280423,0.106796116504854,0,0,0,0.0711864406779661,0,0.0104166666666667,0.172661870503597,0.275641025641026,0.0787589498806683,0,0,0.0460526315789474,0.0666666666666667,0.166666666666667,0.0772200772200772,0,0.0635838150289017,0.147887323943662,0.016304347826087,0.0434782608695652,0.0494505494505494,0,0,0.160839160839161,0.00809716599190283,0.00884955752212389,0.0873015873015873,0.0693430656934307,0.126436781609195,0.212765957446809,0,0.033033033033033,0.180412371134021,0,0.0673575129533679,0.237179487179487,0.164473684210526,0.03,0.0833333333333333,0.00386100386100386,0.0540540540540541,0.0118343195266272,0.101694915254237,0.084070796460177,0.358974358974359,0.100961538461538,0.164835164835165,0.00609756097560976,0.111111111111111,0,0.104395604395604,0.186440677966102,0,0.117647058823529,0.157534246575342,0.222222222222222,0.117977528089888,0.197183098591549,0.100671140939597,0,0.0778546712802768,0.13,0.210526315789474,0.0316455696202532,0.0772058823529412,0,0.0957446808510638,0.181467181467181,0,0.0563380281690141,0.212,0.0758620689655172,0.234177215189873,0,0.0301507537688442,0,0.106837606837607,0,0.133620689655172,0,0.102564102564103,0.0428571428571429,0.051792828685259,0,0,0.151079136690647,0,0.124113475177305,0.0583333333333333,0.105263157894737,0.167630057803468,0.206106870229008,0,0.0784313725490196,0.025830258302583,0,0.122641509433962,0.0873015873015873,0.0646551724137931,0.102409638554217,0.0736607142857143,0.0826446280991736,0.00628930817610063,0,0.119341563786008,0,0.0351758793969849,0.157509157509158,0.0662983425414365,0.105072463768116,0.164634146341463,0.207253886010363,0,0.0578947368421053,0,0.0493273542600897,0.104377104377104,0.0862068965517241,0,0,0.201438848920863,0.1640625,0.133689839572193,0.195488721804511,0,0.0653266331658292,0.0934579439252336,0,0,0.00826446280991736,0,0.119617224880383,0,0.0581395348837209,0.0818414322250639,0,0,0.0150375939849624,0.00277777777777778,0,0.105990783410138,0.158273381294964,0.0952380952380952,0.0649819494584837,0,0.0163934426229508,0,0,0,0.15018315018315,0,0.0502793296089385,0.0257510729613734,0,0,0.103559870550162,0.201680672268908,0.119341563786008,0.148351648351648,0.015748031496063,0.115789473684211,0.0421686746987952,0.0552995391705069,0,0.236024844720497,0.0968992248062016,0.035031847133758,0.170616113744076,0.0267260579064588,0,0.104815864022663,0.147465437788018,0.0275229357798165,0.109803921568627,0.0521327014218009,0,0.120689655172414,0.0662251655629139,0,0.145833333333333,0.27972027972028,0,0,0.0220588235294118,0,0.166666666666667,0.0065359477124183,0.0457142857142857,0.0208333333333333,0.0324675324675325,0,0,0,0,0.00719424460431655,0.131386861313869,0.102189781021898,0.111111111111111,0.109090909090909,0,0.107142857142857,0.107491856677524,0,0.0719424460431655,0.110576923076923,0,0.0847457627118644,0.0946745562130177,0.0648148148148148,0,0,0,0,0,0.085427135678392,0,0.0241935483870968,0.0353535353535354,0.105263157894737,0.135135135135135,0.0025,0.143589743589744,0.239669421487603,0,0.256944444444444,0.165562913907285,0,0,0,0.176056338028169,0,0,0,0
"Hippo signaling pathway",0,0,0.00636942675159236,0.0194552529182879,0,0.132478632478632,0,0,0,0,0,0.0282258064516129,0.0135746606334842,0.0366666666666667,0.172727272727273,0,0.0037593984962406,0,0,0.00392156862745098,0,0.0216216216216216,0,0.0207612456747405,0,0,0,0.0105540897097625,0,0.0435779816513761,0.0087719298245614,0.0230769230769231,0.0421686746987952,0,0.0199203187250996,0.0134529147982063,0.009375,0,0.0087463556851312,0.0714285714285714,0.00230414746543779,0.013215859030837,0,0.0307017543859649,0.0684474123539232,0.00823045267489712,0,0.00431034482758621,0.00958466453674121,0.025062656641604,0.00492610837438424,0.0344827586206897,0.124610591900312,0.0102739726027397,0,0.0024390243902439,0.0206896551724138,0,0.0263157894736842,0.0612244897959184,0.104072398190045,0.0134770889487871,0.00641025641025641,0.09,0,0,0.197802197802198,0.0196078431372549,0.0371747211895911,0,0.00359712230215827,0.0265486725663717,0,0,0,0.0109489051094891,0.00387596899224806,0,0.0172413793103448,0.038961038961039,0.0191570881226054,0.00423728813559322,0.00508905852417303,0,0.107544141252006,0.0209059233449477,0.0133333333333333,0,0.00558659217877095,0,0,0.00268817204301075,0,0.0187793427230047,0.00543478260869565,0.0229357798165138,0,0,0,0,0.00617283950617284,0,0.00917431192660551,0.00865800865800866,0.0124610591900312,0.00471698113207547,0.194945848375451,0,0,0.0133928571428571,0,0,0.043010752688172,0,0.0189393939393939,0.0273972602739726,0,0.0175438596491228,0.0087719298245614,0,0.173076923076923,0.0428134556574924,0.00319488817891374,0,0.078740157480315,0.0206185567010309,0.0179372197309417,0,0.0119402985074627,0,0.00367647058823529,0.0105540897097625,0.015625,0.0136239782016349,0.0445344129554656,0.0135135135135135,0,0.0240174672489083,0,0,0,0.0118577075098814,0,0,0.04,0.08,0.0333333333333333,0,0,0.0333333333333333,0.0238095238095238,0,0,0.0106951871657754,0,0.204,0,0.00403225806451613,0.155660377358491,0,0,0,0,0,0.228,0.00440528634361234,0,0.0342857142857143,0,0.00638977635782748,0,0,0,0.0381471389645777,0,0,0,0,0,0.0251256281407035,0.0231884057971014,0.0149700598802395,0.0072992700729927,0,0.029520295202952,0,0.0533807829181495,0,0,0.00864553314121038,0.0103092783505155,0.0572390572390572,0.00380228136882129,0.0441176470588235,0.0200892857142857,0.0604026845637584,0.0104166666666667,0.00864553314121038,0.0433212996389892,0,0.00769230769230769,0.0236842105263158,0.0138888888888889,0.0177304964539007,0,0.0441767068273092,0,0.0048780487804878,0,0.00344827586206897,0,0.0729613733905579,0.159851301115242,0,0.257142857142857,0,0,0,0.00485436893203883,0,0.0365168539325843,0,0.016260162601626,0,0.117021276595745,0.0124378109452736,0,0,0.0275862068965517,0,0,0.00398406374501992,0.027681660899654,0,0,0.00480769230769231,0,0,0.0253623188405797,0,0,0,0.00427350427350427,0.0112044817927171,0.00429184549356223,0.039426523297491,0,0,0.00404858299595142,0.0125,0,0,0,0.04,0,0,0,0.0268817204301075
"Platelet activation",0,0.19047619047619,0.0251798561151079,0.089622641509434,0,0.0173913043478261,0,0,0.0804020100502513,0,0,0.0566037735849057,0.115606936416185,0.147540983606557,0.112745098039216,0,0.0630630630630631,0,0,0.153846153846154,0.0206185567010309,0,0.0737327188940092,0.0819672131147541,0.0796019900497512,0,0.100478468899522,0.124600638977636,0,0,0.0698924731182796,0.0262008733624454,0.0539956803455724,0.108910891089109,0.0273972602739726,0.0427807486631016,0.191836734693878,0.0922330097087379,0.0465116279069767,0,0.0520833333333333,0.0641711229946524,0.155440414507772,0.0625,0.0235294117647059,0.0338164251207729,0,0.0687830687830688,0.021505376344086,0.0106951871657754,0.0613496932515337,0.146341463414634,0.137931034482759,0.11864406779661,0,0.0857142857142857,0.0392156862745098,0,0.125581395348837,0.12807881773399,0.065,0.109324758842444,0.0520446096654275,0.0571428571428571,0.00434782608695652,0,0.0533807829181495,0.237885462555066,0.087719298245614,0.167400881057269,0.198067632850242,0,0.0155440414507772,0,0.150485436893204,0.0884955752212389,0.00884955752212389,0.132530120481928,0.0406091370558376,0.0625,0.0681818181818182,0.0729166666666667,0.0833333333333333,0.0429447852760736,0.0785597381342062,0.0693877551020408,0.0944444444444444,0.0473684210526316,0.0647249190938511,0,0.192118226600985,0.0926517571884984,0,0.177215189873418,0.0761904761904762,0,0.121359223300971,0,0.136792452830189,0,0.0611510791366906,0,0.0491228070175439,0.174418604651163,0.0352112676056338,0,0.0309278350515464,0,0,0.0769230769230769,0,0.0505952380952381,0.0124223602484472,0.119402985074627,0.0720720720720721,0.0659340659340659,0.0316742081447964,0.0634920634920635,0.0431893687707641,0,0.0458015267175573,0.0801393728222996,0.0290909090909091,0.190217391304348,0.0402414486921529,0.0182926829268293,0.0155440414507772,0,0.0511945392491468,0,0.157894736842105,0.157894736842105,0.0956937799043062,0.092948717948718,0.129353233830846,0.106995884773663,0,0.0305882352941176,0.0640394088669951,0.0714285714285714,0.0612244897959184,0.243093922651934,0,0,0.06282722513089,0.069364161849711,0.148148148148148,0.181818181818182,0.0591133004926108,0.0420168067226891,0.026615969581749,0,0,0,0.0414201183431953,0.062992125984252,0.0469798657718121,0.172043010752688,0.0576036866359447,0.0984455958549223,0.116666666666667,0,0.0284974093264249,0.0495867768595041,0.0454545454545455,0.0648648648648649,0.0368421052631579,0.0852459016393443,0,0.00353356890459364,0.00675675675675676,0,0,0.0802469135802469,0,0.0717703349282297,0.117886178861789,0.0482758620689655,0,0.053072625698324,0.0878378378378378,0.0547945205479452,0.0698689956331878,0,0.107142857142857,0,0.0995850622406639,0,0.0730593607305936,0.115384615384615,0.0617647058823529,0.0842911877394636,0.0142857142857143,0.0167597765363128,0.0570719602977667,0.043956043956044,0.232227488151659,0.164233576642336,0.112068965517241,0.133333333333333,0.0176211453744493,0.11875,0,0.196261682242991,0.028169014084507,0.0132743362831858,0,0.0479041916167665,0.00571428571428571,0.0569105691056911,0,0.0631067961165049,0.115079365079365,0.127167630057803,0,0,0,0,0,0.116959064327485,0.190140845070423,0.11340206185567,0.0631067961165049,0.010507880910683,0.0479704797047971,0.102639296187683,0.05,0.185897435897436,0.0897959183673469,0,0.0580645161290323,0.027906976744186,0.161572052401747,0,0.0654761904761905,0.126582278481013,0.085427135678392,0.0253623188405797,0,0.0143149284253579,0.0316455696202532,0.12093023255814,0.0569948186528497,0.0576923076923077,0.0139211136890951,0.065843621399177,0.1625,0,0.0796019900497512,0.0707070707070707,0,0,0.130177514792899,0.06282722513089,0,0,0,0
"Neuroactive ligand-receptor interaction",0,0.0442655935613682,0,0.00422832980972516,0,0,0,0,0.0479452054794521,0.00253164556962025,0,0,0.0210280373831776,0.0155038759689922,0.00856531049250535,0,0.00208768267223382,0,0,0,0,0,0.00421052631578947,0,0.0549199084668192,0,0.0171673819742489,0.128787878787879,0,0.0151975683890578,0,0,0.0223463687150838,0.00862068965517241,0.00428265524625268,0.0305164319248826,0.0327552986512524,0,0.0017921146953405,0,0.0125,0,0.0286343612334802,0,0.0203349282296651,0.0269058295964126,0,0,0.00189393939393939,0,0,0,0,0,0,0.120287253141831,0,0,0,0.00638297872340425,0,0.211934156378601,0.00380952380952381,0,0,0,0,0.00382409177820268,0,0.00992063492063492,0.0314465408805031,0,0.00917431192660551,0,0,0,0.019438444924406,0,0.00223214285714286,0,0.00209205020920502,0,0.00662251655629139,0.00485436893203883,0.0226500566251416,0,0.0114678899082569,0,0.00880281690140845,0,0.0253164556962025,0,0,0.016548463356974,0,0,0,0,0.0041407867494824,0,0,0,0.00742115027829314,0.0113378684807256,0.0189393939393939,0.00235294117647059,0,0,0,0,0,0,0,0,0,0,0,0,0.0257352941176471,0,0,0,0.00957854406130268,0.0131291028446389,0.0146666666666667,0,0,0,0.00181488203266788,0,0.051948051948052,0.00675675675675676,0.00211864406779661,0.0173913043478261,0.00641025641025641,0.001953125,0,0,0.00436681222707424,0.0239043824701195,0.0116472545757072,0.0262582056892779,0,0,0,0,0.020746887966805,0,0,0.00613496932515337,0.00784313725490196,0,0,0,0,0,0,0.0198675496688742,0.00142450142450142,0.0178571428571429,0.00678733031674208,0,0.00470219435736677,0,0,0,0,0.00349040139616056,0,0,0,0,0,0.00168634064080944,0,0,0.0527383367139959,0,0,0,0.00176991150442478,0.00363636363636364,0.00204918032786885,0,0.00408163265306122,0,0,0,0,0.012589928057554,0.00498338870431894,0,0.00953678474114441,0,0,0,0.0413223140495868,0,0.0224032586558045,0.0152838427947598,0,0.0238095238095238,0,0.0224948875255624,0,0,0,0.0320197044334975,0,0,0,0,0.0135135135135135,0.0329411764705882,0,0,0,0,0,0.0187353629976581,0.0264550264550265,0,0,0,0,0.00161550888529887,0,0.0238663484486874,0.00196078431372549,0,0,0,0.00790513833992095,0.00238095238095238,0.00714285714285714,0.0119904076738609,0,0,0.0143149284253579,0,0.00493827160493827,0.0319148936170213,0.00448430493273543,0,0.0103857566765579,0.006,0,0,0,0,0,0,0.00928074245939675,0,0,0,0,0
"African trypanosomiasis",0,0.0333333333333333,0.0261780104712042,0.0142857142857143,0,0.013986013986014,0,0,0.024390243902439,0,0,0,0.0833333333333333,0.0324324324324324,0.0615384615384615,0,0.0425531914893617,0,0,0,0.0283018867924528,0,0.0359712230215827,0,0.024,0,0.0601503759398496,0.00381679389312977,0,0.0307692307692308,0.0280373831775701,0.020979020979021,0.0126903553299492,0.0714285714285714,0.0149253731343284,0.029126213592233,0.0357142857142857,0.0225563909774436,0.0414746543778802,0,0.00961538461538462,0,0.0634920634920635,0,0.0256410256410256,0.00806451612903226,0,0.0272727272727273,0.00512820512820513,0,0.0120481927710843,0.0169491525423729,0.0299145299145299,0.0479041916167665,0,0.0319148936170213,0.0476190476190476,0.025974025974026,0.0337837837837838,0.138211382113821,0,0.024,0.0264550264550265,0,0,0.0172413793103448,0.0147058823529412,0.0491803278688525,0.0192307692307692,0.0292397660818713,0.0529801324503311,0.00900900900900901,0.00943396226415094,0,0,0.00641025641025641,0.0220588235294118,0,0.0841121495327103,0.0416666666666667,0.020979020979021,0.0353982300884956,0.014760147601476,0,0.0288808664259928,0.0176470588235294,0,0.0377358490566038,0.0344827586206897,0,0.0551724137931034,0.0765957446808511,0,0.0898876404494382,0.0330578512396694,0.0842105263157895,0.0441176470588235,0,0.0555555555555556,0,0,0,0.065989847715736,0.0761904761904762,0.025,0.0813953488372093,0.0343137254901961,0,0,0,0,0,0,0.0303030303030303,0.0492957746478873,0,0,0.0181818181818182,0,0,0,0.00454545454545455,0.00518134715025907,0.0569105691056911,0.0214797136038186,0,0.019047619047619,0,0.0528846153846154,0,0.0551724137931034,0.052,0.138211382113821,0.0120481927710843,0.0952380952380952,0.0169491525423729,0,0.00867052023121387,0,0.046242774566474,0.0377358490566038,0.088,0,0,0,0,0.0671140939597315,0.029126213592233,0.008,0,0.046242774566474,0,0,0,0,0,0,0.0661157024793388,0.0109289617486339,0.0695652173913043,0.0769230769230769,0.0789473684210526,0,0,0,0,0,0.0297872340425532,0,0.015625,0,0,0,0.0116279069767442,0,0.0546875,0.0449438202247191,0,0,0.0212765957446809,0.0130434782608696,0.0478468899521531,0.0469798657718121,0.117647058823529,0.0460526315789474,0.0256410256410256,0,0,0.0503597122302158,0.036036036036036,0.003690036900369,0.00518134715025907,0.00245700245700246,0,0.0243161094224924,0.0208333333333333,0.0555555555555556,0.0267857142857143,0.0496894409937888,0.0645161290322581,0.0518518518518519,0.00373134328358209,0,0.0308641975308642,0.0236220472440945,0,0,0,0,0.0555555555555556,0,0,0.0267379679144385,0.06,0,0,0,0,0.0357142857142857,0.0851063829787234,0.033195020746888,0,0.00775193798449612,0,0.0209424083769634,0.028673835125448,0,0.0105263157894737,0.0348837209302326,0,0.0416666666666667,0.03125,0.0290697674418605,0.0114942528735632,0.0975609756097561,0,0.0241935483870968,0,0.0316455696202532,0.00493827160493827,0,0.0555555555555556,0.0648148148148148,0.025531914893617,0.0145772594752187,0.0179640718562874,0.0319148936170213,0,0.0158730158730159,0.025,0,0.0300751879699248,0.0515463917525773,0,0,0,0,0
"Serotonergic synapse",0,0.0909090909090909,0.0300751879699248,0.042654028436019,0,0.00904977375565611,0,0,0.228915662650602,0,0,0.0441176470588235,0.159235668789809,0.0846774193548387,0.125,0,0.0273972602739726,0,0,0.0918367346938776,0,0.00684931506849315,0.0571428571428571,0.0497925311203319,0.226190476190476,0,0.0682926829268293,0.0791139240506329,0.0202702702702703,0,0.0681818181818182,0.00900900900900901,0.0553097345132743,0.109375,0.019047619047619,0.0887573964497041,0.0766283524904215,0.0862944162436548,0.0305084745762712,0,0.0369393139841689,0.0502793296089385,0.261904761904762,0,0.0491228070175439,0,0.012987012987013,0.0670391061452514,0,0.00273224043715847,0.0384615384615385,0.029126213592233,0.0633333333333333,0.0160642570281124,0,0.0821114369501466,0.00395256916996047,0.0328947368421053,0.03125,0.058252427184466,0.0520833333333333,0.105960264900662,0.003690036900369,0.0142348754448399,0.0138248847926267,0,0.043956043956044,0.18942731277533,0.0304347826086957,0.123893805309735,0.144927536231884,0.00529100529100529,0,0,0.0660377358490566,0.0352422907488987,0,0.0411764705882353,0.0210526315789474,0.0490566037735849,0.00448430493273543,0.0655737704918033,0.120634920634921,0.0258064516129032,0.0728476821192053,0.0458333333333333,0.0391061452513966,0.0217391304347826,0.00952380952380952,0,0.276243093922652,0.0474683544303797,0,0.232394366197183,0.123287671232877,0,0.0476190476190476,0,0.121951219512195,0,0.0402930402930403,0.0141843971631206,0.0249110320284698,0.11046511627907,0.00711743772241993,0.00588235294117647,0.03584229390681,0,0.0140845070422535,0.0511363636363636,0,0.027027027027027,0.0482758620689655,0.07,0.0365296803652968,0.0517241379310345,0.0333333333333333,0.0160427807486631,0.152091254752852,0,0.0354330708661417,0.0381944444444444,0.0264150943396226,0.188571428571429,0.0497925311203319,0.0612244897959184,0.00543478260869565,0.0502793296089385,0.0136518771331058,0,0.283333333333333,0.155932203389831,0.0634146341463415,0.0784313725490196,0.0588235294117647,0.0238095238095238,0,0.0289156626506024,0.0301507537688442,0.048582995951417,0.014367816091954,0.150537634408602,0,0,0.0378378378378378,0.0545454545454545,0.0821917808219178,0.0952380952380952,0,0,0.00387596899224806,0,0.0166666666666667,0,0.0443037974683544,0.0277777777777778,0.0902255639097744,0.162921348314607,0.0298850574712644,0.104395604395604,0.0919540229885057,0,0.046070460704607,0.00413223140495868,0.03515625,0.0391061452513966,0.00540540540540541,0.0223642172523962,0,0,0,0,0.0264550264550265,0.0303951367781155,0,0.0492610837438424,0.245283018867925,0.0522388059701493,0,0.0166666666666667,0.102836879432624,0.00337837837837838,0.0218340611353712,0,0.0772727272727273,0.0050761421319797,0.040983606557377,0,0.0135746606334842,0.037037037037037,0.0233918128654971,0.0421455938697318,0.00413223140495868,0.0178571428571429,0.0807291666666667,0.0378787878787879,0.152777777777778,0.140740740740741,0.253807106598985,0.0824742268041237,0.00917431192660551,0.029673590504451,0,0.183574879227053,0.00970873786407767,0,0,0.0860927152317881,0.0122699386503067,0.0550847457627119,0,0.00970873786407767,0.0975609756097561,0.121951219512195,0,0,0,0.0148148148148148,0,0.184210526315789,0.0756578947368421,0.0353535353535354,0.00970873786407767,0.0107142857142857,0.0419847328244275,0.0252808988764045,0.1125,0.0609756097560976,0.00392156862745098,0,0.0408163265306122,0.0194174757281553,0.180555555555556,0,0.0769230769230769,0.0986842105263158,0.0353535353535354,0,0.12093023255814,0.0319148936170213,0.0555555555555556,0,0.0320855614973262,0.00314465408805031,0.0191387559808612,0.0376569037656904,0.114649681528662,0,0.0404040404040404,0.0634920634920635,0,0,0.104294478527607,0.0491803278688525,0,0,0.0276243093922652,0
"Pertussis",0,0.0179372197309417,0.0533333333333333,0.0166666666666667,0,0.021978021978022,0,0,0.0182926829268293,0,0,0.0232558139534884,0.0661764705882353,0.0740740740740741,0.0718562874251497,0,0.0386740331491713,0,0,0.0662650602409639,0.111111111111111,0.0476190476190476,0.0393258426966292,0.0588235294117647,0.0180722891566265,0,0.00552486187845304,0.0704225352112676,0,0.0301369863013699,0.0134228187919463,0.0935672514619883,0.0185185185185185,0.0414201183431953,0.023121387283237,0.0652173913043478,0.0562770562770563,0.0411764705882353,0.1125,0,0.0532544378698225,0.0134228187919463,0.0802469135802469,0.0196078431372549,0.0466417910447761,0.114093959731544,0,0.0620689655172414,0.0440528634361234,0.00609756097560976,0.0504201680672269,0.0330882352941176,0.0483271375464684,0.167567567567568,0,0.0246913580246914,0.095959595959596,0,0.0601092896174863,0.231292517006803,0.0576923076923077,0.0136518771331058,0.0829493087557604,0.0247933884297521,0.0280898876404494,0.00632911392405063,0.00813008130081301,0.0688073394495413,0.0869565217391304,0.0689655172413793,0.0695187165775401,0.00657894736842105,0.0422535211267606,0,0.0677966101694915,0.131428571428571,0.0909090909090909,0,0.198473282442748,0.12093023255814,0.0388888888888889,0.0193548387096774,0.0498338870431894,0,0.0516351118760757,0.0594059405940594,0.0955882352941176,0,0.119521912350598,0,0.0319148936170213,0.171314741035857,0,0.037593984962406,0.127906976744186,0.0909090909090909,0.203947368421053,0,0.0376344086021505,0,0.024896265560166,0,0.0865800865800866,0.0694444444444444,0.020746887966805,0.155172413793103,0.0202429149797571,0,0.07,0.0206896551724138,0,0.0445205479452055,0.0176991150442478,0.023121387283237,0.165644171779141,0.0428571428571429,0,0.02,0.047244094488189,0,0.018018018018018,0.0355731225296443,0.0585585585585586,0.11038961038961,0.046875,0.0258620689655172,0.0136986301369863,0,0.176470588235294,0,0.0264550264550265,0.0896057347670251,0.0903614457831325,0.0316901408450704,0.111801242236025,0.0833333333333333,0,0.015625,0,0.0136986301369863,0.140794223826715,0.0925925925925926,0,0,0.0472972972972973,0.0148148148148148,0.0869565217391304,0.072992700729927,0.0121212121212121,0,0.193548387096774,0,0,0,0,0.0277777777777778,0,0.0303030303030303,0.0275,0,0,0.0336134453781513,0.0417910447761194,0,0.00884955752212389,0.0136054421768707,0.0955882352941176,0.0328467153284672,0.0122448979591837,0.0128755364806867,0.01,0,0,0.0413793103448276,0,0.0414201183431953,0.0558139534883721,0,0,0.107744107744108,0.104838709677419,0.0699588477366255,0.119318181818182,0.0353982300884956,0.0101010101010101,0.0662251655629139,0.0637254901960784,0,0.191082802547771,0.0544747081712062,0.0129449838187702,0.0829493087557604,0.018140589569161,0,0.0617977528089888,0.0394736842105263,0.0495049504950495,0.0423076923076923,0.09375,0.0421686746987952,0.0892857142857143,0.0333333333333333,0,0.0890052356020942,0.0961538461538462,0,0,0.0495867768595041,0.0078740157480315,0.0241545893719807,0,0.0178571428571429,0.0219298245614035,0.072992700729927,0,0,0,0,0.0158730158730159,0.0141843971631206,0.0740740740740741,0.0120481927710843,0.0363636363636364,0.0134099616858238,0.0172413793103448,0.0933333333333333,0,0.0223880597014925,0.111675126903553,0,0.0175438596491228,0.138157894736842,0.0634146341463415,0,0,0,0.105263157894737,0.00427350427350427,0.0569948186528497,0.00448430493273543,0.0648148148148148,0.0320855614973262,0,0.0681818181818182,0.0103896103896104,0.055,0.0454545454545455,0,0.0368098159509202,0.0379746835443038,0,0.0348837209302326,0,0.0264900662251656,0,0,0,0
"Epstein-Barr virus infection",0.0115830115830116,0.0382352941176471,0.12037037037037,0.00651465798045603,0,0.0162866449511401,0,0,0,0.00436681222707424,0,0.110294117647059,0,0.0228571428571429,0,0,0.0608108108108108,0,0.00293255131964809,0.10989010989011,0.194805194805195,0.0630630630630631,0.00974025974025974,0.0426829268292683,0,0,0.00325732899022801,0.0436893203883495,0,0.0436590436590437,0.121457489878543,0.150735294117647,0.107632093933464,0,0.00664451827242525,0.0111111111111111,0.00817438692098093,0.0520833333333333,0.18018018018018,0.0741839762611276,0.0929705215419501,0.108,0,0.0291970802919708,0.0734375,0.00343642611683849,0,0.111111111111111,0.0803571428571429,0.0201342281879195,0.0502092050209205,0.0489690721649485,0.0708661417322835,0.1438127090301,0,0.0043859649122807,0.350393700787402,0,0.0491803278688525,0.154135338345865,0.119230769230769,0.0192771084337349,0.0972644376899696,0.0246575342465753,0.03,0.108949416342412,0.0809248554913295,0.00842696629213483,0.120274914089347,0.0362537764350453,0.0759075907590759,0.0941176470588235,0.0703125,0,0.0677966101694915,0.11340206185567,0.0625,0.047244094488189,0.145748987854251,0.320143884892086,0.068259385665529,0.0636704119850187,0.0498812351543943,0,0.135593220338983,0.137123745819398,0.0912698412698413,0.0146520146520147,0.1,0,0.0355987055016181,0.210374639769452,0,0.00380228136882129,0.252252252252252,0.0931174089068826,0.136029411764706,0,0.00630914826498423,0,0.047752808988764,0,0.286689419795222,0,0.120481927710843,0.0526315789473684,0.0299727520435967,0,0,0.0498084291187739,0,0.0694789081885856,0.0478260869565217,0.0520833333333333,0.201520912547529,0.0793650793650794,0,0.0941176470588235,0.00512820512820513,0,0.093167701863354,0.0237467018469657,0.019774011299435,0.0421052631578947,0.0917431192660551,0.0425531914893617,0.132231404958678,0,0.191358024691358,0,0,0.221590909090909,0.0477815699658703,0.0527638190954774,0.121323529411765,0.160535117056856,0,0.0661157024793388,0,0.115384615384615,0.181818181818182,0.0594405594405594,0,0,0.161157024793388,0.0912863070539419,0.0903010033444816,0.114285714285714,0.00342465753424658,0.0448717948717949,0.187713310580205,0,0,0,0,0.0545454545454545,0,0,0.169934640522876,0,0,0.106666666666667,0.0626398210290828,0.00911854103343465,0.0925925925925926,0.0456273764258555,0.0784313725490196,0.051413881748072,0.0274725274725275,0.0741839762611276,0,0,0,0.209039548022599,0,0.0272108843537415,0.0202312138728324,0,0,0.112469437652812,0.282051282051282,0.354385964912281,0.170289855072464,0.114678899082569,0.065359477124183,0.12992125984252,0.0208333333333333,0,0.288065843621399,0.0672043010752688,0.0115207373271889,0.146031746031746,0.0687732342007435,0.0116731517509728,0.0885529157667387,0.264808362369338,0,0.0672043010752688,0.0306748466257669,0,0.131868131868132,0.0283018867924528,0.0310077519379845,0.0739549839228296,0.164705882352941,0,0,0.012,0,0.130434782608696,0,0.00677966101694915,0.0345821325648415,0,0.0348837209302326,0,0,0,0.0808510638297872,0.0386100386100386,0.0452261306532663,0.05,0.188,0,0.0402298850574713,0.112745098039216,0,0.0395256916996047,0.10223642172524,0,0.0297872340425532,0.111524163568773,0.0117647058823529,0,0,0,0.135135135135135,0.0112044817927171,0.0576923076923077,0,0.025531914893617,0.00314465408805031,0.0681818181818182,0,0.0706860706860707,0.108552631578947,0.0688259109311741,0,0.104868913857678,0.0740740740740741,0,0.00996677740863787,0,0.151639344262295,0,0,0,0
"Huntington disease",0,0.013215859030837,0.0284463894967177,0,0,0.0145278450363196,0,0,0.0050251256281407,0,0,0.0302267002518892,0.0356164383561644,0.0264900662251656,0.0325814536340852,0,0.00717703349282297,0,0.279202279202279,0.0173697270471464,0.0132275132275132,0.0362537764350453,0.0398009950248756,0.0112612612612613,0.00249376558603491,0.0192837465564738,0.0146699266503667,0.0366795366795367,0,0,0.0158730158730159,0.00961538461538462,0.0166163141993958,0.0328282828282828,0,0.043956043956044,0.0460526315789474,0.0123456790123457,0.026694045174538,0.0107758620689655,0.4725,0.00523560209424084,0.0329113924050633,0.0103896103896104,0.475836431226766,0,0,0.0078125,0.0514541387024608,0.0217785843920145,0.0141643059490085,0.00587084148727984,0.00782778864970646,0.0135440180586907,0,0.0329067641681901,0.0250569476082005,0,0,0.0222222222222222,0.0257731958762887,0.00952380952380952,0.228346456692913,0.0299785867237687,0.0246305418719212,0.00255754475703325,0.00627615062761506,0.0130434782608696,0.00932400932400932,0.0321100917431193,0.0458937198067633,0.0211640211640212,0.016,0,0.00715990453460621,0.0189125295508274,0,0.0135869565217391,0,0.0463576158940397,0.0294117647058824,0.0051413881748072,0.0110497237569061,0.0349854227405248,0.0292682926829268,0.0567375886524823,0.0079155672823219,0.0131926121372032,0.0641821946169772,0,0.0338983050847458,0.041501976284585,0,0.0248618784530387,0.025440313111546,0,0.0121654501216545,0,0.0339805825242718,0,0.0480349344978166,0,0.0276008492569002,0.0184210526315789,0.00630252100840336,0.0138121546961326,0.0210526315789474,0,0,0.00527704485488127,0,0.262910798122066,0.00869565217391304,0,0.0192771084337349,0.00264550264550265,0,0.0238726790450928,0.0246406570841889,0,0.00879120879120879,0,0.00862068965517241,0.0253807106598985,0.418181818181818,0.00284900284900285,0.0106100795755968,0,0.0270833333333333,0,0.0389294403892944,0.0427184466019417,0.0147058823529412,0.0174081237911025,0.0223325062034739,0.0179372197309417,0,0.0113636363636364,0,0.219839142091153,0.00549450549450549,0.0224438902743142,0,0,0.0183727034120735,0.00817438692098093,0.0285035629453682,0.0106382978723404,0,0.0260663507109005,0.0178970917225951,0,0,0.0362537764350453,0,0.00220264317180617,0,0.0775401069518717,0.032051282051282,0.0338541666666667,0.0546448087431694,0,0.455,0,0.00655021834061135,0.00526315789473684,0.0105820105820106,0.283582089552239,0.0169133192389006,0,0,0,0,0.0469667318982387,0.0118694362017804,0.0148883374689826,0.158690176322418,0,0,0.0933852140077821,0.0410677618069815,0.0185950413223141,0.036144578313253,0,0.0285035629453682,0.0180878552971576,0.0022271714922049,0,0.0120481927710843,0.0306748466257669,0.249427917620137,0.0218340611353712,0.50551876379691,0,0.0183333333333333,0.0173160173160173,0.0136674259681093,0.0100200400801603,0.0598086124401914,0.015,0.00240963855421687,0,0.010840108401084,0.0352112676056338,0.00748129675810474,0,0,0.0344827586206897,0,0.00225225225225225,0.00536193029490617,0.00497512437810945,0.0309734513274336,0.0187667560321716,0.00537634408602151,0,0,0,0,0.0162162162162162,0.0135658914728682,0.0442708333333333,0.017632241813602,0,0.00643776824034335,0.0388888888888889,0,0,0.0134529147982063,0,0,0.015,0.0344036697247706,0.00835654596100279,0.04,0,0.0025,0.00429184549356223,0.0139211136890951,0.0103857566765579,0.0145772594752187,0.0191387559808612,0.0103896103896104,0.0706860706860707,0,0.0136986301369863,0.0027027027027027,0,0,0.0127551020408163,0,0,0.0386740331491713,0.0104166666666667,0,0,0,0.00290697674418605
"FoxO signaling pathway",0,0.1015625,0.020979020979021,0.0170940170940171,0,0.0524017467248908,0,0,0.0136986301369863,0.00632911392405063,0,0.209424083769634,0.0695187165775401,0.0323741007194245,0.0446428571428571,0,0.119815668202765,0.0178571428571429,0,0.18974358974359,0.0512820512820513,0.0248447204968944,0.0909090909090909,0.209821428571429,0,0,0,0.0621301775147929,0,0.0237529691211401,0.197674418604651,0.0803571428571429,0.127562642369021,0,0.0545454545454545,0.00497512437810945,0.0454545454545455,0.131707317073171,0.0522875816993464,0.093984962406015,0.0431472081218274,0.177142857142857,0.0087719298245614,0.0343137254901961,0.0387858347386172,0,0,0.194285714285714,0,0.0212201591511936,0.118012422360248,0.0980392156862745,0.127090301003344,0.101626016260163,0,0.0078125,0.088,0.00574712643678161,0.046218487394958,0.140096618357488,0.229050279329609,0.0507462686567164,0.1284046692607,0.0412371134020619,0.0484581497797357,0,0.143396226415094,0.0666666666666667,0.143497757847534,0.0923694779116466,0.159090909090909,0.0721649484536082,0.146892655367232,0,0.150943396226415,0.155251141552511,0.00427350427350427,0.196319018404908,0.0495049504950495,0.184,0.174757281553398,0.176795580110497,0.104166666666667,0,0.099009900990099,0.130252100840336,0.192982456140351,0.0198019801980198,0.0434782608695652,0,0.0686695278969957,0.0940438871473354,0,0.0722222222222222,0.101910828025478,0.0364583333333333,0.138755980861244,0,0.0376569037656904,0,0.135338345864662,0,0.0774647887323944,0,0.0945454545454545,0.0106951871657754,0.0442176870748299,0.00512820512820513,0,0.166666666666667,0.00588235294117647,0.121495327102804,0.0828025477707006,0.0642201834862385,0.0888888888888889,0.155172413793103,0,0.0890052356020942,0.0388349514563107,0.0185185185185185,0.133064516129032,0.0462046204620462,0.0469314079422383,0.0917874396135266,0.0672097759674134,0.0943396226415094,0.00495049504950495,0,0.0714285714285714,0,0.0246913580246914,0.104615384615385,0.0535714285714286,0.0807453416149068,0.17,0.108433734939759,0,0.0853658536585366,0,0.0532319391634981,0.06,0.0691244239631336,0,0,0.213872832369942,0.207547169811321,0.128318584070796,0.167630057803468,0,0.164383561643836,0.0992063492063492,0,0,0.0248447204968944,0,0.112449799196787,0,0.0663507109004739,0.088785046728972,0.00458715596330275,0,0.0113636363636364,0.00748129675810474,0,0.164609053497942,0.108695652173913,0.0515463917525773,0.0903225806451613,0.01,0,0,0,0,0.126182965299685,0.0124223602484472,0.0358744394618834,0.0367647058823529,0,0,0.0637119113573407,0.111486486486486,0.0465116279069767,0.100436681222707,0.0117647058823529,0.103896103896104,0.0140845070422535,0.0542635658914729,0.0256410256410256,0.110091743119266,0.0618892508143322,0.0484330484330484,0.193415637860082,0.0100200400801603,0.0216216216216216,0.107416879795396,0.123076923076923,0.0269230769230769,0.0830564784053156,0.0392156862745098,0,0.0258620689655172,0.0735294117647059,0.0103626943005181,0.138528138528139,0.0511627906976744,0,0,0,0,0.0897959183673469,0.0102564102564103,0.0560747663551402,0.0397111913357401,0,0.0208333333333333,0.00613496932515337,0,0,0.0166666666666667,0.1,0.0917721518987342,0.173684210526316,0.107843137254902,0,0.141176470588235,0.084985835694051,0,0.0847457627118644,0.0873015873015873,0,0.103225806451613,0.0555555555555556,0.092,0,0,0.0220994475138122,0.143589743589744,0.039426523297491,0.065843621399177,0.006,0.0179640718562874,0.0376569037656904,0.055,0.108552631578947,0.0136986301369863,0,0.128654970760234,0.0112359550561798,0.114427860696517,0.158730158730159,0,0.0130434782608696,0,0.228070175438596,0,0,0,0.0569620253164557
"VEGF signaling pathway",0,0.174157303370787,0.0330188679245283,0,0,0.0120481927710843,0,0,0.0275862068965517,0,0,0.144927536231884,0.144144144144144,0.0490196078431373,0.0733333333333333,0,0.140939597315436,0,0,0.195488721804511,0.03125,0.010989010989011,0.050314465408805,0.112359550561798,0.0202702702702703,0,0.025,0.0711610486891386,0,0,0.231481481481481,0.0833333333333333,0.0656565656565657,0.0193548387096774,0,0.0661157024793388,0.0761904761904762,0.251968503937008,0.0246913580246914,0,0.069620253164557,0.166666666666667,0.0328947368421053,0.104,0.0482625482625483,0,0,0.214285714285714,0.00458715596330275,0.00970873786407767,0.0918367346938776,0.123931623931624,0.147826086956522,0.157894736842105,0,0.0536912751677852,0.0641711229946524,0,0.135483870967742,0.108843537414966,0.185483870967742,0.029520295202952,0.0796019900497512,0.013215859030837,0.0248447204968944,0,0.121951219512195,0.143617021276596,0.197368421052632,0.117977528089888,0.189542483660131,0.00746268656716418,0.0236220472440945,0,0.125,0.19205298013245,0,0.119266055045872,0.0610687022900763,0.149484536082474,0.0764331210191083,0.25,0.146153846153846,0,0.0570409982174688,0.113636363636364,0.224299065420561,0.0390625,0.0395256916996047,0,0.121019108280255,0.140495867768595,0,0.176470588235294,0.171673819742489,0,0.222222222222222,0,0.0416666666666667,0,0.0904761904761905,0,0.0837209302325581,0.0225563909774436,0.0555555555555556,0.00869565217391304,0.0540540540540541,0,0,0.203703703703704,0,0.103846153846154,0.0777777777777778,0.2421875,0.0683229813664596,0.174311926605505,0.0451612903225806,0.115702479338843,0.0333333333333333,0,0.100529100529101,0.12962962962963,0.0742574257425743,0.176923076923077,0.0611764705882353,0.10989010989011,0.0317460317460317,0,0.0900900900900901,0,0.106918238993711,0.16260162601626,0.0794701986754967,0.0956175298804781,0.201492537313433,0.140449438202247,0,0.0628571428571429,0,0.0680628272251309,0.0642857142857143,0.177777777777778,0.0178571428571429,0,0.191304347826087,0.202020202020202,0.205298013245033,0.372340425531915,0,0.0581395348837209,0.0355329949238579,0,0,0,0.0679611650485437,0.120879120879121,0.0843373493975904,0.0857142857142857,0.0650406504065041,0.020979020979021,0.0227272727272727,0,0.0060790273556231,0,0.0994764397905759,0.15929203539823,0.0737704918032787,0.0816326530612245,0,0,0.0121951219512195,0,0,0.0881226053639847,0,0.0821917808219178,0.050251256281407,0.0886075949367089,0,0.0614334470989761,0.163636363636364,0.0567685589519651,0.111801242236025,0,0.166666666666667,0,0.0641711229946524,0,0.126666666666667,0.119469026548673,0.0243055555555556,0.154255319148936,0.0286396181384248,0,0.121495327102804,0.100502512562814,0.0837988826815642,0.129464285714286,0.0726256983240224,0.0197368421052632,0.0248447204968944,0.0936329588014981,0,0.165644171779141,0.0928571428571429,0,0,0,0.00917431192660551,0.182926829268293,0,0.0479452054794521,0.018957345971564,0.0403225806451613,0,0,0,0,0,0.201923076923077,0.138075313807531,0.0948905109489051,0.0928571428571429,0,0.106598984771574,0.0801393728222996,0.0695652173913043,0.101851851851852,0.122905027932961,0,0.152941176470588,0.0472972972972973,0.0752688172043011,0,0.0272727272727273,0.0769230769230769,0.239669421487603,0,0.1625,0,0.0319148936170213,0.114649681528662,0.0454545454545455,0.0688259109311741,0.0027027027027027,0.128654970760234,0,0,0.237704918032787,0.226890756302521,0,0,0,0.170940170940171,0,0,0.00769230769230769,0
"Pyruvate metabolism",0,0,0,0,0,0,0.0238095238095238,0,0,0.0138888888888889,0.0845070422535211,0,0,0,0,0.0919540229885057,0.0536912751677852,0,0,0,0,0,0.0921985815602837,0.0277777777777778,0,0,0,0,0.0921052631578947,0,0,0,0.00491400491400491,0,0,0,0,0,0,0,0,0,0,0,0,0,0.0352941176470588,0,0,0,0.0217391304347826,0,0,0,0,0,0,0.0987654320987654,0,0,0,0,0.00492610837438424,0,0,0,0,0,0,0,0,0,0.0263157894736842,0,0,0,0,0,0,0,0.0196078431372549,0,0,0,0.00172711571675302,0,0,0,0,0.0277777777777778,0,0,0.184210526315789,0,0,0,0,0.0294117647058824,0,0,0,0,0,0,0,0,0,0.0784313725490196,0,0.00862068965517241,0,0.00366300366300366,0,0,0,0,0,0,0,0,0,0,0,0,0,0,0,0.0619469026548673,0,0,0,0,0,0,0,0,0.0760869565217391,0,0,0,0,0,0,0,0,0,0,0,0,0.0242424242424242,0.0790960451977401,0,0.0648148148148148,0,0,0,0,0,0.00263852242744063,0,0,0,0,0,0,0.0825688073394495,0,0.0120481927710843,0,0,0,0,0.0588235294117647,0,0.166666666666667,0,0,0,0.0684931506849315,0,0,0,0,0,0,0,0,0.341176470588235,0,0,0,0,0,0,0,0,0,0,0,0,0,0,0,0,0,0,0.0121951219512195,0,0.0543478260869565,0,0,0,0.00497512437810945,0,0,0.114285714285714,0,0.078125,0,0,0,0,0,0,0,0,0,0,0,0,0,0,0,0,0,0,0,0,0,0,0,0,0,0,0,0.0112359550561798,0,0,0,0,0.144927536231884,0,0,0,0.0571428571428571,0,0,0
"B cell receptor signaling pathway",0,0.111111111111111,0,0.00512820512820513,0,0.0101522842639594,0,0,0.00558659217877095,0,0,0.173913043478261,0.0972222222222222,0.0208333333333333,0.0549450549450549,0,0.0983606557377049,0,0,0.137724550898204,0.0448717948717949,0,0.0421052631578947,0.117073170731707,0.00552486187845304,0,0.0103626943005181,0.0931034482758621,0,0,0.163120567375887,0.111111111111111,0.0760095011876485,0.00531914893617021,0,0.0526315789473684,0.0663900414937759,0.165644171779141,0.037037037037037,0.00403225806451613,0.0482954545454545,0.123287671232877,0.0217391304347826,0.0496894409937888,0.0323741007194245,0.00561797752808989,0,0.159722222222222,0.0121457489878543,0.00292397660818713,0.078125,0.101123595505618,0.104868913857678,0.168367346938776,0,0.0329341317365269,0.100478468899522,0,0.0725388601036269,0.114942528735632,0.178807947019868,0.0231023102310231,0.0735930735930736,0.00772200772200772,0.0261780104712042,0,0.10126582278481,0.0837004405286344,0.283132530120482,0.111111111111111,0.132978723404255,0,0.0733333333333333,0,0.0802139037433155,0.172222222222222,0.0104712041884817,0.0928571428571429,0.0691823899371069,0.149321266968326,0.0869565217391304,0.163265306122449,0.107744107744108,0,0.0612244897959184,0.129353233830846,0.182481751824818,0.0379746835443038,0.05,0,0.0952380952380952,0.137037037037037,0,0.0709219858156028,0.147169811320755,0.0261437908496732,0.217391304347826,0,0.03,0,0.0743801652892562,0,0.0954356846473029,0.00602409638554217,0.065843621399177,0.0208333333333333,0.0557768924302789,0,0,0.166666666666667,0,0.104166666666667,0.0578512396694215,0.165644171779141,0.06282722513089,0.195488721804511,0,0.0779220779220779,0.0371747211895911,0,0.111627906976744,0.1,0.0376569037656904,0.0760233918128655,0.0640176600441501,0.0645161290322581,0.0254777070063694,0,0.0705882352941176,0,0.0402010050251256,0.144404332129964,0.0601092896174863,0.0928571428571429,0.129411764705882,0.292817679558011,0,0.057742782152231,0,0.0491071428571429,0.0716612377850163,0.0497237569060773,0,0,0.158620689655172,0.171875,0.126984126984127,0.259842519685039,0,0.0492610837438424,0.0444444444444444,0,0,0,0,0.0930232558139535,0,0.0701754385964912,0.0680100755667506,0.00568181818181818,0.00606060606060606,0,0,0,0.100456621004566,0.125,0.0657894736842105,0.0571428571428571,0,0.00403225806451613,0,0,0,0.117021276595745,0,0.0617977528089888,0.0126582278481013,0,0,0.0654205607476635,0.157258064516129,0.06640625,0.111111111111111,0.00775193798449612,0.109375,0.0419161676646707,0.036036036036036,0,0.129943502824859,0.0881226053639847,0.01875,0.127272727272727,0.0131578947368421,0.00684931506849315,0.0921787709497207,0.131221719457014,0.0273972602739726,0.149797570850202,0.0420560747663551,0.00540540540540541,0.0888888888888889,0.0875420875420875,0,0.133333333333333,0.121951219512195,0,0,0.0218978102189781,0,0.19047619047619,0,0.0337078651685393,0.020746887966805,0.032258064516129,0.0065359477124183,0,0,0,0.00714285714285714,0.138686131386861,0.0938628158844765,0.0903614457831325,0.0952380952380952,0,0.111607142857143,0.0791139240506329,0,0.0714285714285714,0.0943396226415094,0,0.0932203389830508,0.0628571428571429,0.05,0,0.00699300699300699,0,0.256944444444444,0.00404858299595142,0.0796019900497512,0,0.0158730158730159,0.0404040404040404,0.0368098159509202,0.104868913857678,0,0.114427860696517,0.237704918032787,0,0,0.164473684210526,0,0,0,0.191489361702128,0,0,0,0
"ErbB signaling pathway",0,0.157635467980296,0.038135593220339,0,0,0.0264550264550265,0,0,0.0233918128654971,0,0,0.210526315789474,0.125,0.0434782608695652,0.0935672514619883,0,0.195121951219512,0,0,0.293706293706294,0.0193548387096774,0.0260869565217391,0.0376344086021505,0.224043715846995,0.0172413793103448,0,0.0160427807486631,0.0909090909090909,0,0,0.292682926829268,0.0540540540540541,0.0980392156862745,0.0395480225988701,0,0.054421768707483,0.037037037037037,0.233333333333333,0.0223048327137546,0.0209205020920502,0.04,0.177777777777778,0.0517241379310345,0.115646258503401,0.0459558823529412,0,0,0.338842975206612,0,0.015015015015015,0.108333333333333,0.194214876033058,0.198347107438017,0.131313131313131,0,0.0461538461538462,0.0975609756097561,0,0.0687830687830688,0.0988372093023256,0.291044776119403,0.0338983050847458,0.0657894736842105,0.0281124497991968,0.0437158469945355,0,0.2018779342723,0.0904977375565611,0.223529411764706,0.153846153846154,0.245508982035928,0.00625,0.0469798657718121,0,0.112994350282486,0.263803680981595,0,0.121212121212121,0.03125,0.185714285714286,0.101694915254237,0.394957983193277,0.173913043478261,0,0.0994671403197158,0.115577889447236,0.256,0.0324675324675325,0.0471014492753623,0,0.128491620111732,0.114391143911439,0,0.0977443609022556,0.163424124513619,0.00662251655629139,0.143712574850299,0,0.0634920634920635,0,0.108695652173913,0,0.0702479338842975,0.0451612903225806,0.0948275862068965,0,0.0526315789473684,0,0,0.310924369747899,0,0.129963898916967,0.0884955752212389,0.149068322981366,0.0476190476190476,0.252032520325203,0,0.102739726027397,0.062015503875969,0,0.187817258883249,0.139240506329114,0.0474137931034483,0.177631578947368,0.06,0.154545454545455,0.012987012987013,0,0.0592885375494071,0,0.0253807106598985,0.134545454545455,0.0617977528089888,0.135849056603774,0.161490683229814,0.0956937799043062,0,0.0994475138121547,0,0.07981220657277,0.0657894736842105,0.121212121212121,0,0,0.216417910447761,0.271929824561404,0.130434782608696,0.23015873015873,0,0.0721649484536082,0.0407239819004525,0,0,0.00854700854700855,0,0.100478468899522,0,0.105590062111801,0.082687338501292,0.0424242424242424,0.0189873417721519,0,0.0229226361031519,0,0.191919191919192,0.162962962962963,0.0753424657534247,0.0817843866171004,0.0158730158730159,0,0,0,0,0.0954063604240283,0,0.0697674418604651,0.0352422907488987,0,0,0.0664556962025316,0.123505976095618,0.0551181102362205,0.102150537634409,0,0.155555555555556,0,0.0321100917431193,0,0.114285714285714,0.0856031128404669,0.0288461538461538,0.0995475113122172,0.0155555555555556,0.00709219858156028,0.112391930835735,0.134259259259259,0.0476190476190476,0.148148148148148,0.0686274509803922,0.0168539325842697,0.0159574468085106,0.123674911660777,0,0.186813186813187,0.0529411764705882,0,0,0.00746268656716418,0,0.157894736842105,0,0.028735632183908,0.0570175438596491,0,0.0136054421768707,0,0,0,0,0.161538461538462,0.103703703703704,0.106918238993711,0.0848484848484849,0.0075046904315197,0.14018691588785,0.087378640776699,0,0.0740740740740741,0.0861244019138756,0,0.117117117117117,0.0402298850574713,0.0660377358490566,0,0.0220588235294118,0,0.165562913907285,0.0125,0.0707070707070707,0,0.025,0.0634920634920635,0.0379746835443038,0.0740740740740741,0.0127551020408163,0.158730158730159,0.226890756302521,0,0.164473684210526,0,0,0,0,0.293650793650794,0,0,0,0
"Propanoate metabolism",0,0,0,0,0,0,0.0142857142857143,0,0.00833333333333333,0,0,0,0,0,0,0.230769230769231,0.0364963503649635,0,0,0,0,0,0.053030303030303,0.0119047619047619,0,0,0,0.0078125,0,0,0,0,0,0,0,0,0,0,0,0,0,0,0,0,0,0,0.0138888888888889,0,0,0,0,0,0,0,0,0,0,0.0571428571428571,0,0,0,0,0,0,0,0,0,0,0,0,0,0,0.0099009900990099,0,0,0,0,0,0,0,0.00714285714285714,0,0,0,0,0,0,0.00961538461538462,0,0.0925925925925926,0,0,0.0869565217391304,0,0,0,0,0,0,0.0350877192982456,0,0,0,0,0,0,0,0.043956043956044,0,0,0,0,0,0,0,0,0,0,0,0,0,0,0,0,0,0,0,0,0,0,0,0,0,0,0,0,0.0632911392405063,0,0,0,0,0,0,0,0,0,0,0,0,0.0198675496688742,0.0292397660818713,0.0147058823529412,0,0,0,0,0,0,0,0,0,0,0,0,0,0.0510204081632653,0,0,0,0,0,0,0,0,0.0689655172413793,0,0,0.0357142857142857,0.188679245283019,0,0,0,0,0,0,0,0,0.0879120879120879,0,0,0,0,0,0,0,0,0,0,0,0,0,0,0,0,0,0,0,0,0,0,0,0,0,0,0,0.125,0,0,0,0,0,0,0,0,0,0,0,0,0,0,0,0,0,0,0,0,0,0,0,0,0,0,0,0,0,0,0,0.144927536231884,0,0,0,0,0,0,0,0,0,0
"Viral protein interaction with cytokine and cytokine receptor",0,0.0121951219512195,0.0196850393700787,0.00490196078431373,0,0.00483091787439614,0,0,0,0,0,0,0,0,0,0,0.0144927536231884,0,0,0,0.0177514792899408,0.00763358778625954,0,0,0,0,0,0,0,0.335570469798658,0,0.0346534653465347,0.0176211453744493,0,0.0101522842639594,0,0,0,0.0321428571428571,0,0.008,0,0,0,0.00865051903114187,0,0,0,0,0.0202898550724638,0.00684931506849315,0,0.0033003300330033,0.0303030303030303,0,0.0028328611898017,0.0213675213675214,0,0.00934579439252336,0.0572916666666667,0,0,0.0198412698412698,0,0,0.00555555555555556,0,0,0.0136986301369863,0,0,0.0115606936416185,0.0179640718562874,0,0,0,0.00497512437810945,0,0.0112994350282486,0.0115384615384615,0.0145631067961165,0.0112359550561798,0.00595238095238095,0,0.0176848874598071,0.0216450216450216,0,0,0.0271186440677966,0,0,0.0533333333333333,0,0,0.0162337662337662,0.0506329113924051,0.0301507537688442,0,0,0,0,0,0.0419847328244275,0,0.0634920634920635,0.0469798657718121,0,0,0,0,0,0,0,0,0.029126213592233,0.00598802395209581,0,0,0,0,0,0.00709219858156028,0.0118110236220472,0,0.0082135523613963,0.00714285714285714,0,0,0.0254545454545455,0,0,0.0723684210526316,0.0357142857142857,0,0.0203045685279188,0.0167364016736402,0,0,0,0,0.027355623100304,0,0,0,0,0,0.00909090909090909,0.00595238095238095,0,0,0.029535864978903,0,0,0,0,0.00411522633744856,0,0,0.00464037122969838,0,0,0.0211267605633803,0,0,0,0,0.0426829268292683,0,0,0,0,0,0,0.0285714285714286,0,0,0,0,0,0.0233236151603499,0.0422535211267606,0.0291970802919708,0.0841584158415842,0.0220588235294118,0,0.0397727272727273,0,0,0.0663265306122449,0,0,0.00784313725490196,0.00641025641025641,0,0.0101010101010101,0.01171875,0,0.273913043478261,0,0,0.0846560846560847,0.00606060606060606,0,0,0.0211640211640212,0,0,0,0,0.0173913043478261,0.0123456790123457,0,0,0,0,0,0,0,0.0714285714285714,0,0.00645161290322581,0,0,0,0.0078125,0.0144927536231884,0,0,0.0126050420168067,0,0,0.0773480662983425,0,0,0,0,0,0,0,0,0.0300751879699248,0,0.0348837209302326,0.00996677740863787,0,0.0130434782608696,0,0,0,0,0,0,0,0,0,0,0,0
"Cortisol synthesis and secretion",0,0.0808080808080808,0,0.118421052631579,0,0.00581395348837209,0,0,0.115942028985507,0,0,0.0516129032258065,0.128205128205128,0.190217391304348,0.177304964539007,0,0,0,0,0.0933333333333333,0,0,0.146666666666667,0.015,0.106382978723404,0,0.119205298013245,0.106463878326996,0,0,0,0,0.0264423076923077,0.481818181818182,0.0314465408805031,0.145299145299145,0.166666666666667,0.00613496932515337,0.0283400809716599,0,0.0619195046439628,0,0.191176470588235,0,0.0242990654205607,0,0,0,0.00448430493273543,0.00316455696202532,0.0275229357798165,0,0.0228136882129278,0.00495049504950495,0,0.1,0,0,0,0.05,0,0.0881226053639847,0.00452488687782805,0.0173160173160173,0.0119047619047619,0.00689655172413793,0,0.128205128205128,0,0.192982456140351,0.23841059602649,0,0.00746268656716418,0.0491803278688525,0.0731707317073171,0.00543478260869565,0,0.104347826086957,0,0.0458715596330275,0.0481927710843374,0,0.01,0.147368421052632,0.0381944444444444,0.0203045685279188,0.00740740740740741,0.0298507462686567,0,0,0.222972972972973,0.0255474452554745,0,0.0869565217391304,0.0183150183150183,0,0.0179640718562874,0,0.224489795918367,0,0.0173913043478261,0,0,0.184873949579832,0,0,0.0301724137931034,0,0,0,0,0,0,0,0.00568181818181818,0,0,0,0.0630252100840336,0,0.00471698113207547,0,0.00909090909090909,0.206106870229008,0.0293453724604966,0,0,0,0.0040650406504065,0,0.145569620253165,0.127906976744186,0.0700636942675159,0.106719367588933,0.0375,0.0196078431372549,0,0,0.115107913669065,0.045,0.0033112582781457,0.146853146853147,0,0,0,0,0.0274725274725275,0,0,0.0388888888888889,0,0,0,0,0,0,0,0.162962962962963,0.0284237726098191,0.290598290598291,0.284403669724771,0,0.0275229357798165,0.0604395604395604,0,0,0,0.026615969581749,0.00858369098712446,0,0,0,0,0.0823970037453183,0,0.0448717948717949,0.126315789473684,0,0,0,0.0155642023346304,0,0.0574712643678161,0,0.0388888888888889,0,0.0793650793650794,0,0,0.015748031496063,0.0752688172043011,0.018348623853211,0.00460829493087558,0.0254237288135593,0.0369318181818182,0.00900900900900901,0.16374269005848,0.0705394190871369,0.145348837209302,0.151079136690647,0,0,0,0.160714285714286,0,0,0,0.151515151515152,0,0,0,0,0.41025641025641,0.196428571428571,0,0,0,0,0,0.140350877192982,0.0572519083969466,0.165413533834586,0,0.0078125,0,0.0227272727272727,0,0.117117117117117,0,0,0,0,0.114130434782609,0.0357142857142857,0.102803738317757,0.206185567010309,0,0,0.130177514792899,0.00928074245939675,0.0515463917525773,0.104294478527607,0,0,0.0386740331491713,0,0,0,0,0,0,0,0,0,0,0,0,0.0102040816326531
"Chronic myeloid leukemia",0,0.135678391959799,0.0128755364806867,0.0167597765363128,0,0.069364161849711,0,0,0,0,0,0.286764705882353,0.0746268656716418,0.0221238938053097,0.0470588235294118,0,0.106508875739645,0,0,0.294117647058824,0.041958041958042,0.0283018867924528,0.0165745856353591,0.174863387978142,0,0,0,0.0706713780918728,0,0.0135135135135135,0.401869158878505,0.0941176470588235,0.0893300248138958,0,0.0173410404624277,0.0138888888888889,0.0384615384615385,0.135483870967742,0.0350194552529183,0.113744075829384,0.0319767441860465,0.351351351351351,0.0116279069767442,0.099290780141844,0.0294117647058824,0,0,0.416666666666667,0,0.0185758513931889,0.087719298245614,0.106719367588933,0.1285140562249,0.113989637305699,0,0,0.142857142857143,0,0.0432432432432432,0.146496815286624,0.344262295081967,0.034965034965035,0.0684931506849315,0.0122950819672131,0.04,0,0.27979274611399,0.045045045045045,0.170588235294118,0.130890052356021,0.170588235294118,0.0935251798561151,0.072992700729927,0,0.0994152046783626,0.23125,0,0.120967741935484,0.0540540540540541,0.25,0.087719298245614,0.236220472440945,0.125,0,0.131725417439703,0.176795580110497,0.254237288135593,0.0204081632653061,0.0447761194029851,0,0.0903954802259887,0.0932835820895522,0,0.078740157480315,0.115384615384615,0.0437956204379562,0.151898734177215,0,0.0378378378378378,0,0.0884955752212389,0,0.111111111111111,0,0.0986547085201794,0.0230769230769231,0.0286885245901639,0.00719424460431655,0,0.267241379310345,0,0.117647058823529,0.2,0.106918238993711,0.092485549132948,0.306306306306306,0,0.151515151515152,0.0728744939271255,0,0.243093922651934,0.0609756097560976,0.0353982300884956,0.0691823899371069,0.0588235294117647,0.216494845360825,0.0137931034482759,0,0.0528455284552846,0,0.0104712041884817,0.165384615384615,0.0714285714285714,0.114503816793893,0.202702702702703,0.128205128205128,0,0.114613180515759,0,0.0473933649289099,0.05,0.0414201183431953,0,0,0.452830188679245,0.346534653465347,0.130681818181818,0.17741935483871,0,0.0585106382978723,0.0473933649289099,0,0,0,0,0.110552763819095,0,0.069620253164557,0.108108108108108,0,0,0,0.00869565217391304,0,0.282485875706215,0.15625,0.049645390070922,0.0681818181818182,0.00816326530612245,0,0,0,0,0.171206225680934,0,0.0416666666666667,0.00892857142857143,0,0,0.0684039087947883,0.151898734177215,0.0928270042194093,0.107344632768362,0,0.14367816091954,0.038961038961039,0.0140845070422535,0,0.120481927710843,0.0756972111553785,0.0196078431372549,0.212435233160622,0.00900900900900901,0.00757575757575758,0.0991253644314869,0.216494845360825,0.0343137254901961,0.148936170212766,0.0145631067961165,0,0.0581395348837209,0.0842105263157895,0.0296296296296296,0.176136363636364,0.0625,0,0,0.0161290322580645,0,0.134408602150538,0,0.0365853658536585,0.0691244239631336,0,0.0687022900763359,0,0,0,0.00793650793650794,0.145161290322581,0.0783582089552239,0.113333333333333,0.259259259259259,0,0.113744075829384,0.0792079207920792,0,0.0793650793650794,0.0792079207920792,0,0.0952380952380952,0.0487804878048781,0.0742574257425743,0,0,0,0.176056338028169,0.04,0.06282722513089,0,0,0.0491803278688525,0.0264900662251656,0.151639344262295,0.0104166666666667,0.228070175438596,0.170940170940171,0,0.191489361702128,0.293650793650794,0,0,0,0,0,0,0,0
"Glycerolipid metabolism",0,0.0923076923076923,0,0,0.0106382978723404,0,0.00980392156862745,0.0425531914893617,0,0,0.0681818181818182,0,0,0,0,0.0467289719626168,0,0,0,0,0.00740740740740741,0,0,0,0,0,0.024390243902439,0,0,0,0,0,0,0,0,0,0,0.0866666666666667,0,0,0,0,0,0,0,0,0.0194174757281553,0,0,0,0,0,0,0,0,0,0,0.0495049504950495,0,0,0,0,0,0,0,0,0,0,0,0,0,0,0,0,0,0,0,0,0,0,0,0,0,0,0,0,0,0,0,0,0,0,0.0490196078431373,0,0,0,0,0,0,0,0,0.0337078651685393,0,0,0,0,0,0.040983606557377,0,0,0,0.00344827586206897,0,0.01875,0,0,0.220588235294118,0,0,0.0434782608695652,0,0,0,0,0.00220264317180617,0,0,0,0,0,0,0,0,0,0,0,0,0,0,0,0,0,0.0350877192982456,0,0,0,0,0,0,0,0.04,0,0.00763358778625954,0,0.027027027027027,0,0,0,0,0,0,0,0,0,0,0,0,0,0,0,0,0,0,0,0,0.0657894736842105,0.00471698113207547,0,0.0555555555555556,0,0,0,0,0,0,0,0,0.048,0,0,0.00673400673400673,0,0,0,0,0,0,0,0,0,0,0,0,0,0,0,0.0416666666666667,0,0.0458715596330275,0,0,0,0,0,0,0.0106382978723404,0,0.0617283950617284,0,0,0,0,0,0,0.0136986301369863,0,0,0.0165289256198347,0,0,0,0,0,0.0267857142857143,0,0,0,0,0,0,0,0,0,0,0,0,0,0.0571428571428571,0,0,0,0,0,0,0,0,0,0
"Glycosphingolipid biosynthesis - lacto and neolacto series",0,0,0,0,0,0,0,0,0,0,0,0,0,0,0,0,0,0,0,0,0,0,0,0,0,0,0,0,0,0,0,0,0,0,0,0,0,0,0,0,0,0,0,0,0,0,0,0,0,0,0,0,0,0,0.0158730158730159,0,0,0,0,0,0,0,0,0,0,0,0,0,0,0,0,0,0,0,0,0,0,0,0,0,0,0,0,0,0,0,0,0,0,0,0,0,0,0,0,0,0,0,0,0,0,0,0,0,0,0,0,0,0,0,0,0,0,0,0,0,0,0,0,0.0344827586206897,0,0,0,0,0,0,0,0,0,0.133333333333333,0,0,0,0,0,0,0,0,0,0,0,0,0,0,0,0,0,0,0,0,0,0,0,0,0,0,0,0,0,0,0,0,0,0,0,0,0,0,0,0,0,0.0379746835443038,0,0,0,0,0,0,0,0,0,0,0,0,0,0,0,0,0,0,0,0,0,0,0,0,0,0,0,0,0,0,0,0,0,0,0,0,0,0,0,0,0,0,0,0,0,0,0,0,0,0,0,0,0,0,0,0,0,0,0,0,0,0,0,0,0,0,0,0,0,0,0,0,0,0,0,0,0,0,0,0,0,0,0,0,0,0
"Chemical carcinogenesis - DNA adducts",0,0,0,0,0,0,0,0,0,0,0.231707317073171,0.00595238095238095,0,0,0,0,0,0,0,0,0,0,0,0,0,0.203703703703704,0,0,0,0,0,0,0,0,0,0,0,0,0,0,0,0,0,0,0.00180831826401447,0,0,0,0,0,0,0,0,0,0,0,0,0.0272727272727273,0,0,0,0,0.00440528634361234,0,0,0,0.0904977375565611,0.00444444444444444,0,0,0,0,0,0.288461538461538,0,0,0,0,0.00671140939597315,0,0,0,0,0,0.0360205831903945,0,0,0,0,0,0,0.0177304964539007,0,0,0,0,0.00571428571428571,0,0,0,0,0.0102040816326531,0,0,0,0,0,0,0,0,0,0.0955882352941176,0,0,0,0,0,0.158730158730159,0,0,0,0,0.00440528634361234,0,0.00216919739696312,0,0,0.531914893617021,0,0,0,0.00337837837837838,0,0.176954732510288,0,0,0,0.005249343832021,0.158273381294964,0,0,0,0,0.193877551020408,0,0,0,0,0,0,0.00467289719626168,0,0.275229357798165,0,0,0,0.0631578947368421,0,0.00248138957816377,0,0,0,0,0,0,0,0,0,0,0,0,0,0.595744680851064,0,0,0,0.0045662100456621,0,0,0,0.0037593984962406,0,0.00529100529100529,0,0,0,0,0,0,0,0,0,0,0,0,0,0,0,0,0,0.00571428571428571,0,0,0,0,0,0.215909090909091,0,0,0,0,0,0,0,0,0,0.420560747663551,0,0,0,0,0,0.00613496932515337,0,0,0,0.0551181102362205,0.00775193798449612,0.104166666666667,0,0,0.00606060606060606,0,0,0,0.025,0,0,0,0,0,0.0276243093922652,0,0,0,0,0.00769230769230769,0,0,0,0,0,0,0,0,0,0,0
"Circadian rhythm",0,0,0,0,0,0.0215827338129496,0,0,0,0,0,0.00763358778625954,0,0.0053475935828877,0.00746268656716418,0,0.00699300699300699,0,0,0,0,0,0.0601503759398496,0.0424242424242424,0,0,0,0.00386100386100386,0,0,0,0.0141843971631206,0.00763358778625954,0.00763358778625954,0.0555555555555556,0.00980392156862745,0.0050251256281407,0,0,0.0158730158730159,0.00321543408360129,0,0.031496062992126,0,0.00388349514563107,0,0,0,0,0,0,0,0,0,0,0,0,0,0,0,0,0,0.0380434782608696,0.0355329949238579,0,0.0087719298245614,0,0.0384615384615385,0,0.00581395348837209,0.00645161290322581,0,0.0721649484536082,0,0,0,0,0.0786516853932584,0,0.00510204081632653,0.0592592592592593,0,0,0.012987012987013,0.00531914893617021,0,0,0,0,0,0.00671140939597315,0,0,0,0.0206611570247934,0.0204081632653061,0,0,0.00675675675675676,0,0.00995024875621891,0,0,0,0,0,0.0348258706467662,0,0,0.00970873786407767,0,0,0,0,0,0.0099009900990099,0,0,0.00452488687782805,0,0,0,0.00526315789473684,0,0.00472813238770686,0,0,0,0.00465116279069767,0,0,0.00386100386100386,0,0.00403225806451613,0,0.00568181818181818,0,0,0,0.00564971751412429,0,0,0,0,0,0,0,0,0,0.0540540540540541,0.0409356725146199,0,0,0,0,0,0,0.008,0.00273224043715847,0.00840336134453781,0.00925925925925926,0,0,0,0,0,0,0,0.0149253731343284,0,0,0,0,0.00389105058365759,0,0,0,0,0,0.00352112676056338,0.00436681222707424,0,0.00657894736842105,0,0,0,0.0297619047619048,0,0,0,0.0306513409961686,0.0105820105820106,0,0.0714285714285714,0,0,0,0,0.0184049079754601,0,0,0,0,0.00613496932515337,0,0,0,0.0121951219512195,0,0,0,0,0.00531914893617021,0.00980392156862745,0,0,0,0,0,0,0,0.0689655172413793,0,0,0.0105263157894737,0.017921146953405,0,0,0.0115606936416185,0,0,0,0.0419161676646707,0,0,0,0,0.0268817204301075,0,0,0,0,0,0,0.00290697674418605,0.0569620253164557,0,0,0,0,0,0,0.0102040816326531,0,0,0,0,0
